name,category,freq_overall,users_count,f_n_per_user,f_n_by_user,importance,importance_b,crate,first_tag,last_tag
ls,filesystem,13252,14,0.7616999105132108,▆▆██▁█▄▄██▆█▁▆▇,1,████████████,nu-parser,0.11.0,0.84.0
cd,filesystem,7195,14,0.4840593350697712,▂▂▄▇▂▁██▃▇▄▄▁█▁,0.7971817497950304,█████████▋  ,nu-command,0.11.0,0.84.0
get,filters,12474,15,0.39288513330802943,██▅▆▁▄▃▁▁▂▃▂▃▂█,0.7433998295074983,████████▉   ,nu-command,0.11.0,0.84.0
open,filesystem,9193,15,0.35456996746187297,▇▇▅▅▁▅▄▇▂▂▄▄▁▂█,0.7062210092297828,████████▌   ,nu-command,0.11.0,0.84.0
help,core,3735,13,0.3749953371229153,▂▂▅▃▁▂▂▂▁▃█▁▁▇█,0.6761275615334308,████████▏   ,nu-command,0.11.0,0.84.0
let,core,7478,13,0.2630449801103569,█▆▅▃▁▂▁▁▁▃▂▂▇▃▁,0.5662793372976537,██████▊     ,nu-cmd-lang,0.25.0,0.84.0
config,env,1698,14,0.1917442545928549,▁▁▃█▁▅▁▂▂▆▂▂▁▆▅,0.5017290271639567,██████      ,nu-command,0.11.0,0.84.0
where,filters,4336,12,0.19259867932080688,▇▇█▇▁▄▅▃▃▂▇▄▄▁▁,0.4655446126408787,█████▋      ,nu-command,0.11.0,0.84.0
each,filters,5174,13,0.17622450048309016,█▇▅▇▁▃▁▂▂▂▄▃▃▁▁,0.4634990519159712,█████▌      ,nu-command,0.13.0,0.84.0
source,core,4777,10,0.19837052580385572,▅▆▆▄▂▁█▂▁▂▁▁▁▄▁,0.4313031222994095,█████▏      ,nu-command,0.25.0,0.84.0
if,core,2347,8,0.22921693996163567,▃▂▂▂▁▁▁▁▁▁▂▁█▁▁,0.41467932084074166,█████       ,nu-cmd-lang,0.17.0,0.84.0
rm,filesystem,1513,14,0.11751731438274336,▂▂▂▃▁▅▃▃▃▅▂▂▁█▁,0.3927886922923567,████▊       ,nu-command,0.11.0,0.84.0
echo,core,1204,12,0.13598335013097151,▂▂▃▂▁▂▁▁▂▃▅▁▁█▇,0.3911807915058844,████▊       ,nu-cmd-lang,0.11.0,0.84.0
lines,filters,2453,13,0.11922552678307116,▆▆▆▇▁█▂▆▃█▆▃▂▁▁,0.38124164168871344,████▋       ,nu-command,0.11.0,0.84.0
debug,debug,805,9,0.15435686075893992,▁▁▃▂▁▁▁▃▁█▁▂▁▃▁,0.3609343812988663,████▍       ,nu-command,0.11.0,0.84.0
p,,1080,6,0.21511330715677093,▁▁▁█▁▂▁▁▄▂▁▁▁▁▁,0.34789909071299113,████▏       ,nu-command,0.11.0,0.79.0
path,path,764,9,0.13967724513693383,▁▁▄▅▁▁▂▅▃█▁▄▁▇▁,0.34334293476732675,████▏       ,nu-command,0.18.1,0.84.0
ansi,platform,1823,8,0.15605913932679166,▃▂▂▁▁▁▁▁▁▁▂▁█▁▁,0.34216345856295993,████▏       ,nu-command,0.16.0,0.84.0
first,filters,3599,11,0.1053264036740893,██▄▁▁▁▂▄▂▃▃▁▁▁▁,0.32961654304433047,████        ,nu-command,0.11.0,0.84.0
g,,6827,5,0.23014083204446964,▁▁▁▁█▁▁▁▁▂▁▁▁▁▁,0.3284928124675551,████        ,nu-command,0.38.0,0.79.0
profile,debug,741,7,0.1573766978856907,▁▁▁█▁▂▁▁▁▁▁▁▁▆▁,0.32141287104166594,███▉        ,nu-command,0.76.0,0.84.0
select,filters,2832,10,0.10854248480158221,██▆▂▁▂▅▄▄▁▁▃▃▁▁,0.3190390985905791,███▉        ,nu-command,0.14.0,0.84.0
def,core,1500,8,0.1305296317486621,▅▃▅▄▁▂▁▁▁▁▄▁█▄▁,0.3129273913664763,███▊        ,nu-cmd-lang,0.25.0,0.84.0
print,strings,1577,11,0.09092084896435511,▅▄▅▂▁▄▁▁▂█▃▂▂▆▁,0.3062471907758032,███▋        ,nu-cli,0.60.0,0.84.0
table,viewers,876,10,0.09836979067943338,▂▂▇▄▁▂▂▁▁▃▄▁▁▁█,0.30372105761401097,███▋        ,nu-command,0.11.0,0.84.0
sys,system,250,8,0.12114738595681294,▁▁▁▁▁▁▁▁▁▂▂▁▁▁█,0.30147135100924327,███▋        ,nu-command,0.37.0,0.84.0
find,filters,792,11,0.0880864813011727,▂▂▃▄▁▃▁▁▁▂▂▁▂▃█,0.3014359204046295,███▋        ,nu-command,0.37.0,0.84.0
from json,formats,2236,8,0.11337008503040742,▆▆▃▁▁▄▃▂▁▁█▁▁▁▁,0.29163407048122403,███▌        ,nu-command,0.14.0,0.84.0
which,system,1037,12,0.07520376998885553,▂▂▂▂▁▃▁▂▁▄▁▂▁█▁,0.2909071925577694,███▌        ,nu-command,0.11.0,0.84.0
n,,746,7,0.1282616153815094,▁▁▅█▁▃▁▁▂▃▅▁▁▁▁,0.29016257892249064,███▌        ,nu-command,0.11.0,0.79.0
sort-by,filters,1810,10,0.08830487765250745,▅▅▄▃▁▂▁▁▁▁▂▂▁▁█,0.28776394353460444,███▌        ,nu-command,0.11.0,0.84.0
flatten,filters,2111,9,0.09559093798340573,▇█▅▅▁▃▃▁▂▁▅▁▅▁▁,0.28403616885988425,███▍        ,nu-command,0.22.0,0.84.0
upsert,filters,3794,4,0.21294194955632478,▇█▃▁▁▁▁▁▁▁▁▁▁▁▁,0.2826211364927777,███▍        ,nu-command,0.60.0,0.84.0
do,core,859,10,0.08210392553199414,▃▂▃▂▁▂▁▂▁▄▄▁▂█▁,0.27747636139532394,███▍        ,nu-cmd-lang,0.16.0,0.84.0
update,filters,941,12,0.06697667330748369,▁▁▅▆▁▄█▅▃▂▃▁▃▁▁,0.2745341904894758,███▎        ,nu-command,0.14.0,0.84.0
all,filters,655,10,0.07971759480036134,▁▁▂█▁▁▂▂▆▁▅▁▁▁▁,0.273414235921007,███▎        ,nu-command,0.68.0,0.84.0
length,filters,2415,8,0.09678154078580452,██▄▄▁▂▁▁▁▁▃▁▃▁▁,0.2694544059625997,███▎        ,nu-command,0.29.0,0.84.0
let-env,removed,673,8,0.09371585579213433,▂▂▄▅▁▂▁▂▁█▁▁▁▆▁,0.26515239916690125,███▏        ,nu-command,0.25.0,0.84.0
encode,strings,373,5,0.1482903404007033,▁▁▁▄▁▁▁▁▁▁▁█▁▁▁,0.2636850230116036,███▏        ,nu-command,0.65.0,0.84.0
str join,strings,1029,9,0.07783154339107555,▅▄▃▁▁▂▁▁▄▃▆▃█▁▁,0.2562967539950281,███▏        ,nu-command,0.69.0,0.84.0
save,filesystem,1546,12,0.057587355754331986,██▄▃▁▆▃▅▂▃▆▄▁▁▁,0.2545647239789907,███         ,nu-command,0.11.0,0.84.0
http get,network,749,7,0.09714853455509456,▂▂▃▁▁▃▂█▁▁▁▁▁▆▁,0.2525289522283191,███         ,nu-command,0.75.0,0.84.0
last,filters,1768,8,0.08331964367697214,▆▆▄█▁▄▁▃▁▁▁▁▁▁▁,0.25001307712096654,███         ,nu-command,0.11.0,0.84.0
describe,core,1108,9,0.07286680474590201,▄▄▅▃▁▇▁▁▂▂█▁▃▁▁,0.24798770390553912,███         ,nu-cmd-lang,0.11.0,0.84.0
transpose,filters,1189,9,0.07221694602642599,▅▅█▃▁▂▂▁▁▁▇▁▂▇▁,0.24687939470355277,███         ,nu-command,0.60.0,0.84.0
dfr open,dataframe,339,4,0.15884713427614647,▁▁▁▁▁▁▁▁▁▁▁▁▁▁█,0.24409771705180192,██▉         ,nu-cmd-dataframe,0.60.0,0.84.0
version,core,403,10,0.06351614092780902,▁▁▂▂▁▂▂▁▁▃▃▂▁█▁,0.24405408521385258,██▉         ,nu-cmd-lang,0.11.0,0.84.0
ps,system,849,7,0.0861568935903019,▁▁▂▁▃▃▁▁▁▁▃▁▁█▁,0.23781435490060612,██▉         ,nu-command,0.37.0,0.84.0
is-empty,filters,451,7,0.08195624463142594,▂▁▁▁▁▁▁▁▁▁▂▁█▁▁,0.2319444979683247,██▊         ,nu-command,0.68.0,0.84.0
str replace,strings,2001,7,0.08124893639173623,██▅▁▁▃▁▃▁▂▁▁▁▁▁,0.23094145204236402,██▊         ,nu-command,0.61.0,0.84.0
overlay,core,456,3,0.1865046356013562,▁▁▁█▁▁▁▁▁▁▁▁▁▁▁,0.22906011404081936,██▊         ,nu-cmd-lang,0.63.0,0.84.0
use,core,879,8,0.06722665130202385,▃▄▂█▁▂▃▁▁▁▁▁▂▇▁,0.2245741490380096,██▊         ,nu-cmd-lang,0.60.0,0.84.0
exit,shells,643,7,0.07556015145403919,▂▂▁▂▁▁▁▅█▁▁▅▁▁▁,0.2227098676140005,██▋         ,nu-command,0.11.0,0.84.0
mv,filesystem,749,9,0.05616231054789906,▃▃▂▅▁▇▅▂▄█▁▁▁▁▁,0.21771470726537664,██▋         ,nu-command,0.11.0,0.84.0
to text,formats,380,9,0.05545771429043671,▁▁▃▁▁▄▁▄▁▄█▃▁▁▁,0.21634470361415256,██▋         ,nu-command,0.63.0,0.84.0
merge,filters,1064,8,0.05971072037318733,▄▄█▄▁▂▄▁▃▁▁▁▂▁▁,0.21164849212791587,██▌         ,nu-command,0.14.0,0.84.0
skip,filters,1012,8,0.05959482545144467,▅▅▄█▁▃▁▁▇▁▁▁▂▁▁,0.2114429938592175,██▌         ,nu-command,0.11.0,0.84.0
clear,platform,799,5,0.09067494518157862,▁▁▁▁▁▁█▂▁▁▁▁▁▁▁,0.20619241386948248,██▌         ,nu-command,0.11.0,0.84.0
dfr into-df,dataframe,2178,3,0.14970309433201154,██▁▁▁▁▁▁▁▁▁▁▁▁▁,0.2052201713265235,██▌         ,nu-cmd-dataframe,0.76.0,0.84.0
history,misc,1249,7,0.06375561502698295,▆▇█▂▁▃▁▁▁▁▅▁▁▁▁,0.2045748633128648,██▌         ,nu-cli,0.11.0,0.84.0
parse,strings,1342,8,0.05495953772965512,██▅▃▁▅▁▃▂▁▁▁▁▁▁,0.20305353703131945,██▍         ,nu-command,0.11.0,0.84.0
append,filters,1101,7,0.06176802435430167,█▇▄▄▁▃▁▁▄▁▁▁▇▁▁,0.20136078944828856,██▍         ,nu-command,0.11.0,0.84.0
extern,core,170,2,0.2102672927578111,▁▁▁▇▁▁▁▁▁▁▁▁▁█▁,0.19858429034976813,██▍         ,nu-cmd-lang,0.60.0,0.84.0
mkdir,filesystem,485,9,0.046704157826467516,▂▂▂▄▁▄▄▃▁▄█▁▁▁▁,0.1985377323749067,██▍         ,nu-command,0.11.0,0.84.0
try,core,335,8,0.052183530894746866,▂▂▂▁▁▁▁▁▆▁▅▁▄█▁,0.19785897462785992,██▍         ,nu-cmd-lang,0.72.0,0.84.0
from,formats,343,10,0.041091221841778214,▁▁▂▂▁▁▂█▂▁▂▁▁▁▁,0.19629921255208865,██▍         ,nu-command,0.14.0,0.84.0
split row,strings,968,6,0.06671862960393828,▆▅▄▂▁▃▁▁▁▁▁▁▁█▁,0.19375067033204668,██▍         ,nu-command,0.15.0,0.84.0
any,filters,199,6,0.0665796403438164,▁▁▂▁▁▃▁▁▂▃█▁▂▁▁,0.19354875295179783,██▍         ,nu-command,0.68.0,0.84.0
char,strings,617,6,0.06551708854811379,▄▂▅▃▁▁▁▁▁▁▁▁▄█▁,0.1919981084353411,██▎         ,nu-command,0.16.0,0.84.0
complete,system,411,8,0.04539009801320947,▂▂▂▁▁▂▁▂▁▁▁▁▁█▁,0.18453110553908156,██▎         ,nu-command,0.60.0,0.84.0
for,core,440,10,0.034496991718458846,▂▂▄▂▁▃▁▁▄▁█▁▂▁▁,0.1798600219558383,██▏         ,nu-cmd-lang,0.32.0,0.84.0
timeit,debug,846,7,0.04918104728164829,▅▅▂▁▁▃▂▁▁█▁▁▁▁▁,0.17967677180454605,██▏         ,nu-command,0.76.0,0.84.0
reject,filters,1098,8,0.04297562039211881,▇█▃▃▁▂▁▂▃▁▁▁▂▁▁,0.17955607392645537,██▏         ,nu-command,0.11.0,0.84.0
register,core,314,6,0.05723017762348268,▁▁▆▂▁▁▁█▁▁▁▆▁▁▁,0.17944534715404042,██▏         ,nu-cmd-lang,0.60.0,0.84.0
decode,strings,157,4,0.08451964616711354,▁▁▂▁▁▁▁▁▁▁▁█▁▁▁,0.17805446167589734,██▏         ,nu-command,0.60.0,0.84.0
metadata,debug,171,6,0.055647102093080214,▁▁▁▁▁▁▃▁▁▁▃▁█▁▁,0.1769460741127322,██▏         ,nu-command,0.60.0,0.84.0
export def,core,358,4,0.08264156058709546,▃▁▁▂▁▁▁▁▁▁▁▁█▁▁,0.17606510108686924,██▏         ,nu-cmd-lang,0.60.0,0.84.0
env,,501,1,0.3285245901639344,▁▁█▁▁▁▁▁▁▁▁▁▁▁▁,0.175520549942312,██▏         ,nu-command,0.60.0,0.76.0
filter,filters,387,9,0.036433592720779756,▂▂▂▂▁▂▂▅▁█▁▁▄▁▁,0.17535424515347356,██▏         ,nu-command,0.67.0,0.84.0
dfr col,expression,1298,3,0.10630219671089723,██▁▁▁▁▁▁▁▁▁▄▁▁▁,0.1729321643000558,██▏         ,nu-cmd-dataframe,0.63.0,0.84.0
explore,viewers,419,6,0.05176001887853294,▂▂▆▁▁▂▁█▁▁▇▁▁▁▁,0.17065415554026034,██          ,nu-explore,0.73.0,0.84.0
group-by,filters,793,6,0.05174335423504776,▅▅▅█▁▁▂▁▁▁▁▁▁▁▁,0.17062668144283522,██          ,nu-parser,0.11.0,0.84.0
into int,conversions,852,7,0.04316778740279602,▇██▃▁▁▂▄▁▁▁▁▄▁▁,0.16833442678204633,██          ,nu-command,0.30.0,0.84.0
into,conversions,262,5,0.06042345602630069,▁▁▃▂▁▁▁▁▁▁█▁▁▁▁,0.16831848480275496,██          ,nu-command,0.30.0,0.84.0
default,filters,546,7,0.04234907169843458,▄▄▅█▁▃▁▁▄▁▁▁▄▁▁,0.1667304788049018,██          ,nu-command,0.11.0,0.84.0
cp,filesystem,419,7,0.04220898958228842,▂▃▂▅▁▅▁▁▃█▁▁▁▁▁,0.16645449513442878,██          ,nu-command,0.11.0,0.84.0
overlay use,core,1177,3,0.0925689081352551,██▁▄▁▁▁▁▁▁▁▁▁▁▁,0.16137536138197314,█▉          ,nu-cmd-lang,0.68.0,0.84.0
help commands,core,426,7,0.03892311342258232,▃▃█▃▁▁▂▄▁▁▁▇▁▁▁,0.1598441828491807,█▉          ,nu-command,0.74.0,0.84.0
uniq,filters,726,5,0.05286808755709059,▆▆▃▁▁▃▁▁▁▁█▁▁▁▁,0.15744389757927374,█▉          ,nu-command,0.11.0,0.84.0
url,network,120,3,0.08793047941017429,▁▁▂▁▁▁▁▁▁▁█▁▁▁▁,0.15728031769644946,█▉          ,nu-command,0.18.1,0.84.0
glob,filesystem,935,5,0.04858008875260501,▇█▄▁▁▃▂▁▁▁▁▁▁▁▁,0.15092395726518112,█▊          ,nu-command,0.61.0,0.84.0
run-external,system,29,3,0.07863818276072407,▁▁▁▁▁▁▁▁▁▁▁▁▁█▁,0.14873781307775466,█▊          ,nu-command,0.60.0,0.84.0
fill,conversions,243,5,0.04678270436595942,▂▂▁▁▁▁▁▁▁▁█▁▁▁▁,0.148105672940498,█▊          ,nu-command,0.76.0,0.84.0
columns,filters,701,8,0.029163782278381036,██▆▄▁▂▃▃▁▁▁▁▂▁▁,0.14791456718069718,█▊          ,nu-command,0.60.0,0.84.0
commandline,core,141,3,0.07645923243144562,▁▁▁▁▁▁▁▁▁▁█▁▁▁▁,0.1466626825226826,█▊          ,nu-cli,0.69.0,0.84.0
from tsv,formats,168,4,0.056621904599630936,▁▁▁▁▁▁▁▁▁▁█▁▁▁▁,0.1457358043872923,█▊          ,nu-command,0.14.0,0.84.0
to yaml,formats,1105,2,0.11243435105589095,██▁▁▁▁▁▁▁▁▁▁▁▁▁,0.1452140160612147,█▊          ,nu-command,0.14.0,0.84.0
mut,core,339,6,0.037277940288023184,▃▂▃▅▁▂▁▁▁▁▁▁█▁▁,0.14482569097781506,█▊          ,nu-cmd-lang,0.72.0,0.84.0
reverse,filters,325,4,0.05520666452599948,▂▂▂▁▁▁▁▁▁▁█▁▁▁▁,0.14390297746199307,█▊          ,nu-command,0.11.0,0.84.0
to,formats,261,9,0.02438609098415203,▁▁▃█▂▄▄▇█▁▁▁▁▁▁,0.14346183432883394,█▊          ,nu-command,0.14.0,0.84.0
config nu,env,593,4,0.054839880423492894,▆▆▁▃▁▁▁▁▁▁█▁▁▁▁,0.14342414682655827,█▊          ,nu-command,0.63.0,0.84.0
rename,filters,631,7,0.031232865073158183,▇█▆▁▁▃▂▁▄▁▁▁▄▁▁,0.14318547428517572,█▊          ,nu-command,0.11.0,0.84.0
input,platform,364,6,0.036427014576268485,▁▁▂▁▁▂█▁▁▁▁▁▁▁▁,0.14316321569270563,█▊          ,nu-command,0.60.0,0.84.0
date now,date,640,6,0.03634858729962732,█▇▆▁▁▂▁▁▁▁▆▁▂▁▁,0.14300901761775614,█▊          ,nu-command,0.19.0,0.84.0
start,filesystem,280,6,0.036344092200299286,▂▂▂▁▁▃▁█▃▁▁▁▁▁▁,0.1430001746383943,█▊          ,nu-command,0.74.0,0.84.0
path expand,path,292,7,0.029897941749409046,▂▂▃▂▁▆▁▁█▁▁▁▂▁▁,0.14009211616700534,█▋          ,nu-command,0.18.1,0.84.0
error make,core,112,6,0.03417856009763917,▁▁▂▂▁▁▁▁▁▁▅▁█▁▁,0.13867447688802378,█▋          ,nu-cmd-lang,0.37.0,0.84.0
fmt,conversions,83,5,0.0407248935696664,▁▁▂▅▁▁▁▁▁▁▁▃▁█▁,0.13818439805336621,█▋          ,nu-cmd-extra,0.60.0,0.84.0
path join,path,199,8,0.025071020314944032,▂▁▃▅▁▇▁▁▃▁█▁▄▁▁,0.13714343652489672,█▋          ,nu-command,0.28.0,0.84.0
into datetime,conversions,581,4,0.050051171187351244,▄▄█▁▁▁▁▂▁▁▁▁▁▁▁,0.13701911171987932,█▋          ,nu-command,0.60.0,0.84.0
prepend,filters,200,6,0.03296528174417457,▂▂▂▁▁▂▁▁▁▁▁▁▁█▁,0.13619088781292932,█▋          ,nu-command,0.11.0,0.84.0
par-each,filters,850,3,0.0646357913153623,▇█▁▁▁▁▁▁▁▁▁▁▃▁▁,0.1348469699843145,█▋          ,nu-command,0.60.0,0.84.0
size,strings,208,7,0.026697281942350094,▁▁█▇▁▂▂▁▁▁▁▅▁▁▁,0.13238127935557817,█▋          ,nu-command,0.11.0,0.84.0
ignore,core,61,5,0.03609206879882777,▁▁▁▁▁▂▁▁▁▁▁▁▁█▁,0.13008730612404226,█▌          ,nu-cmd-lang,0.33.0,0.84.0
reduce,filters,598,5,0.03590099559804709,██▆▁▁▃▁▁▁▁▁▁▄▁▁,0.12974250484711364,█▌          ,nu-command,0.18.1,0.84.0
str substring,strings,442,5,0.035489243375584345,▅▅▂▁▁▁▁▁▁▁█▁▂▁▁,0.1289963441418742,█▌          ,nu-command,0.15.0,0.84.0
dfr into-nu,dataframe,869,2,0.08842131113189092,██▁▁▁▁▁▁▁▁▁▁▁▁▁,0.12877676261034177,█▌          ,nu-cmd-dataframe,0.76.0,0.84.0
http,network,175,4,0.04399300621939248,▁▁▂▁▁▄▁█▁▁▁▁▁▁▁,0.12845938709561777,█▌          ,nu-command,0.75.0,0.84.0
str trim,strings,329,6,0.028679053000642264,▃▂█▃▁▄▁▁▁▁▁▁▂▁▁,0.1270287598943158,█▌          ,nu-command,0.15.0,0.84.0
to json,formats,394,5,0.034323423525590334,▄▄▆▁▁▂▁█▁▁▁▁▁▁▁,0.12685989034208947,█▌          ,nu-command,0.14.0,0.84.0
format,strings,133,4,0.04150185217126676,▁▁▅▁▁▃▁▁▁▁█▁▁▁▁,0.12476930762829723,█▌          ,nu-cmd-extra,0.11.0,0.84.0
drop,filters,252,5,0.032860037535693574,▂▂▁█▁▁▁▁▂▁▁▁▁▁▁,0.12412608554344118,█▌          ,nu-command,0.14.0,0.84.0
from csv,formats,307,5,0.032179529387552044,▂▃▂▁▁▁▂█▁▁▁▁▁▁▁,0.12283407967371147,█▌          ,nu-command,0.14.0,0.84.0
path parse,path,211,7,0.02227499422433903,▂▂▃▃▁▃▁▁▁▁█▁▂▁▁,0.12092103337186055,█▌          ,nu-command,0.30.0,0.84.0
to nuon,formats,209,6,0.025918130561937733,▂▂▂▁▁▂▁▁▁▁█▁▁▁▁,0.1207595515890686,█▌          ,nu-command,0.60.0,0.84.0
dfr filter,lazyframe,366,3,0.05167007312639959,▄▄▁▁▁▁▁▁▁▁▁█▁▁▁,0.12056581752452791,█▌          ,nu-cmd-dataframe,0.76.0,0.84.0
str collect,,138,2,0.07688711114795548,▁▁▂█▁▁▁▁▁▁▁▁▁▁▁,0.12008418074616786,█▌          ,nu-command,0.16.0,0.83.1
insert,filters,361,6,0.025576869521995556,▆▆▁▇▁▁▅▁▁▁▁▁█▁▁,0.11996190370083272,█▌          ,nu-command,0.11.0,0.84.0
dfr with-column,dataframe or lazyframe,754,2,0.07672194664597154,▇█▁▁▁▁▁▁▁▁▁▁▁▁▁,0.1199551324151546,█▌          ,nu-cmd-dataframe,0.60.0,0.84.0
dfr filter-with,dataframe or lazyframe,559,3,0.050804795139842374,▇█▁▁▁▁▁▁▁▁▁▆▁▁▁,0.11955204503734225,█▍          ,nu-cmd-dataframe,0.60.0,0.84.0
into binary,conversions,222,4,0.03658767732744068,▂▂█▁▁▁▁▁▁▁▁▅▁▁▁,0.11714977146043733,█▍          ,nu-command,0.31.0,0.84.0
into record,conversions,270,6,0.023794427442091825,▄▄▇▁▁▄▁▁▁█▁▁▃▁▁,0.11570637417278397,█▍          ,nu-command,0.72.0,0.84.0
dfr select,lazyframe,696,2,0.07081811774196621,██▁▁▁▁▁▁▁▁▁▁▁▁▁,0.11524742151366796,█▍          ,nu-cmd-dataframe,0.63.0,0.84.0
items,filters,413,5,0.027111787302012795,▆▇▂▁▁▃▁█▁▁▁▁▁▁▁,0.11274780777995917,█▍          ,nu-command,0.79.0,0.84.0
module,core,113,3,0.043376048526800624,▁▁▁█▁▁▁▁▁▁▁▁▁▁▁,0.11046625992782658,█▍          ,nu-cmd-lang,0.60.0,0.84.0
du,core,91,6,0.021474062612271066,▁▁▂▃▁▁▂▁▁▁█▁▁▁▁,0.10992001085270886,█▍          ,nu-command,0.60.0,0.84.0
dfr as,expression,527,3,0.04281987284979962,██▁▄▁▁▁▁▁▁▁▁▁▁▁,0.10975576570067956,█▍          ,nu-cmd-dataframe,0.63.0,0.84.0
exec,system,54,4,0.03194084415260984,▁▁▁▁▁▂▁▁▁▁▁▁▁█▁,0.10945792738922845,█▍          ,nu-command,0.20.0,0.84.0
from xml,formats,144,4,0.03179915860171768,▁▁▁█▁▂▁▁▁▁▁▁▁▁▁,0.10921488679402523,█▎          ,nu-command,0.14.0,0.84.0
from nuon,formats,92,3,0.04114246513394113,▁▁▁▁▁▁▁▁▁▁█▁▁▁▁,0.10758452633394351,█▎          ,nu-command,0.60.0,0.84.0
split chars,strings,202,4,0.03077836619358117,▂▃▄▁▁▁▁▁▁▁▁█▁▁▁,0.10744762163494302,█▎          ,nu-command,0.17.0,0.84.0
enumerate,filters,357,5,0.023942787585554744,██▄▁▁▃▁▁▁▁▁▁█▁▁,0.10595376369210634,█▎          ,nu-command,0.75.0,0.84.0
wrap,filters,417,4,0.029307345108804294,▇█▇▁▁▃▁▁▁▁▁▁▁▁▁,0.10484851039567838,█▎          ,nu-command,0.11.0,0.84.0
str starts-with,strings,208,5,0.02275729618183054,▄▃▁▁▁▄▁▁▁▁█▁▃▁▁,0.10329739345910575,█▎          ,nu-command,0.18.1,0.84.0
dfr sort-by,lazyframe,469,3,0.03676386777968139,██▁▄▁▁▁▁▁▁▁▁▁▁▁,0.10169866570678815,█▎          ,nu-cmd-dataframe,0.63.0,0.84.0
split column,strings,231,4,0.02733539334599932,▂▂█▁▁▁▂▁▁▁▁▁▁▁▁,0.10125971234924931,█▎          ,nu-command,0.15.0,0.84.0
alias,core,172,5,0.021522945712475233,▃▂▆█▁▁▁▁▁▁▁▁▃▁▁,0.10045692660991652,█▎          ,nu-cmd-lang,0.13.0,0.84.0
collect,filters,131,5,0.021430861949530602,▁▁▂█▁▂▁▁▁▁▁▁▁▁▁,0.10024179882385924,█▎          ,nu-cmd-lang,0.33.0,0.84.0
str contains,strings,222,4,0.026788452030983186,▂▂▁▁▁█▁▁▁▁▁▁▁▁▁,0.10024156419156577,█▎          ,nu-command,0.18.1,0.84.0
values,filters,419,5,0.020849772569606462,▇█▃▁▁▁▂▁▁▁▁▁▂▁▁,0.09887345108406496,█▏          ,nu-command,0.74.0,0.84.0
clip,,148,2,0.05202301823850305,▁▁▁▁▁█▁▁▁▁▁▁▁▁▁,0.09877722026412357,█▏          ,nu-command,0.11.0,0.40.0
return,core,96,4,0.025630709091973066,▂▁▂▁▁▁▁▁▁▁▁▁█▁▁,0.09805152129506817,█▏          ,nu-cmd-lang,0.72.0,0.84.0
export,core,107,4,0.02552522111213857,▁▁▁█▁▁▄▁▁▁▁▁▁▁▁,0.09784953856366546,█▏          ,nu-cmd-lang,0.60.0,0.84.0
dfr join,lazyframe,500,2,0.05087508458474584,██▁▁▁▁▁▁▁▁▁▁▁▁▁,0.09768133801852757,█▏          ,nu-cmd-dataframe,0.60.0,0.84.0
with-env,env,91,3,0.0334372461359625,▁▁▁▁▁▂▁▁█▁▁▁▁▁▁,0.09698842531914383,█▏          ,nu-command,0.14.0,0.84.0
continue,core,102,2,0.04926150612474788,▁▁▁▁▁▁▁▁█▁▁▁▁▁▁,0.09611980269019409,█▏          ,nu-cmd-lang,0.72.0,0.84.0
dfr into-lazy,lazyframe,462,2,0.04700857815630516,██▁▁▁▁▁▁▁▁▁▁▁▁▁,0.09389610678037195,█▏          ,nu-cmd-dataframe,0.76.0,0.84.0
dfr get,dataframe,256,3,0.029176327139734767,▆▆▁▁▁▁▁▁▁▁▁█▁▁▁,0.09059828301482999,█▏          ,nu-cmd-dataframe,0.60.0,0.84.0
zip,filters,109,7,0.012404269913951466,▂▂█▆▁▅▁▇▁▁▁▁▅▁▁,0.09023575445429957,█▏          ,nu-command,0.36.0,0.84.0
math sum,math,263,5,0.017345771656914002,▅▇▃█▁▁▁▁▁▁▁▁▁▁▁,0.09018324216713779,█▏          ,nu-command,0.15.1,0.84.0
inspect,debug,203,4,0.020383536293082566,▅▅▆▁▁▁▁▁▁█▁▁▁▁▁,0.0874407332921546,█           ,nu-command,0.76.0,0.84.0
into string,conversions,307,4,0.02031584986755368,█▆▅▁▁▁▁▁▁▁▁▁▂▁▁,0.08729543288601775,█           ,nu-command,0.31.0,0.84.0
each while,filters,31,2,0.04023844730258814,▁▁▁▁▁▁▁▁▁▁█▁▁▁▁,0.08687196291918385,█           ,nu-cmd-extra,0.64.0,0.84.0
math avg,math,82,4,0.020063927496791253,▁▁▁█▁▁▁▁▁▁▁▁▂▁▁,0.08675250029101779,█           ,nu-command,0.15.1,0.84.0
str length,strings,252,3,0.026740323279005163,▅▄█▁▁▁▁▁▁▁▁▁▁▁▁,0.0867337220564156,█           ,nu-command,0.17.0,0.84.0
date format,removed,207,3,0.02579963965996478,▃▃█▁▁▁▁▁▁▁▁▁▁▁▁,0.08519448410106595,█           ,nu-command,0.19.0,0.84.0
dfr rename,dataframe or lazyframe,378,2,0.038462392193273146,██▁▁▁▁▁▁▁▁▁▁▁▁▁,0.08493313869577807,█           ,nu-cmd-dataframe,0.60.0,0.84.0
path split,path,86,4,0.018881558604579202,▁▂▁▁▁▇▁▁▁█▁▁▁▁▁,0.08415752329655968,█           ,nu-command,0.30.0,0.84.0
from yaml,formats,365,2,0.037139060221026046,██▁▁▁▁▁▁▁▁▁▁▁▁▁,0.08345925097501466,█           ,nu-command,0.14.0,0.84.0
const,core,46,4,0.018425731975157508,▁▁▁█▁▁▁▁▁▁▁▁▅▁▁,0.08313547840822012,█           ,nu-cmd-lang,0.74.0,0.84.0
math eval,,16,1,0.0730593607305936,▁▁▁▁▁▁▁▁▁▁█▁▁▁▁,0.08277171691856865,█           ,nu-command,0.17.0,0.83.1
into decimal,conversions,93,5,0.01452374288675227,▂▁▂█▁▁▁▁▁▁▁▁▂▁▁,0.08252172696483857,█           ,nu-command,0.60.0,0.84.0
view,debug,82,5,0.014030220752327054,▁▁▃█▁▁▅▁▁▁▁▁▁▁▁,0.08110755023193965,█           ,nu-command,0.76.0,0.84.0
dfr unique,dataframe or lazyframe,340,2,0.034595057517627176,██▁▁▁▁▁▁▁▁▁▁▁▁▁,0.08055009486041026,█           ,nu-cmd-dataframe,0.60.0,0.84.0
query web,,105,1,0.06885245901639345,▁▁█▁▁▁▁▁▁▁▁▁▁▁▁,0.0803533074421772,█           ,nu_plugin_query,0.76.0,0.84.0
match,core,73,3,0.022388620886898872,▂▂▁▁▁▁▁▁▁▁▁▁█▁▁,0.07936304608710273,█           ,nu-cmd-lang,0.60.0,0.84.0
export alias,core,175,3,0.022324196458268507,█▁▁▁▁▁▁▁▁▁▁▁█▁▁,0.07924877816504254,█           ,nu-cmd-lang,0.60.0,0.84.0
term size,platform,150,4,0.01646327648076544,▃▂█▁▁▁▅▁▁▁▁▁▁▁▁,0.07858364359967074,█           ,nu-command,0.27.0,0.84.0
nu-highlight,strings,64,5,0.012997816314625649,▂▁▂█▁▁▁▁▁▁▁▁▆▁▁,0.07806641386575447,▉           ,nu-cli,0.60.0,0.84.0
dfr contains,dataframe,58,3,0.021113844919394168,▂▂▁▁▁▁▁▁▁▁▁█▁▁▁,0.07707052562550286,▉           ,nu-cmd-dataframe,0.60.0,0.84.0
ansi strip,platform,166,4,0.015745643839432024,▃▄█▁▁▁▁▁▁▁▁▁▂▁▁,0.07685183423912871,▉           ,nu-command,0.28.0,0.84.0
sort,filters,149,4,0.015744936069312716,▄▄▁▁▁▁▇▁█▁▁▁▁▁▁,0.07685010696637613,▉           ,nu-command,0.61.0,0.84.0
pwd,,135,2,0.03070014356782745,▁▃█▁▁▁▁▁▁▁▁▁▁▁▁,0.07588033349099056,▉           ,nu-command,0.11.0,0.44.0
histogram,chart,66,4,0.015169899429867587,▁▁▂█▁▁▁▁▁▁▁▁▁▁▁,0.07543369411026139,▉           ,nu-command,0.11.0,0.84.0
overlay list,core,98,3,0.020083381373852675,▂▂▁█▁▁▁▁▁▁▁▁▁▁▁,0.07516628302941818,▉           ,nu-cmd-lang,0.63.0,0.84.0
dfr group-by,lazyframe,181,3,0.020056427738663177,▅▅▁█▁▁▁▁▁▁▁▁▁▁▁,0.07511582626722046,▉           ,nu-cmd-dataframe,0.60.0,0.84.0
sleep,platform,92,4,0.014884811981678863,▁▁▆▁▁█▁▁▁▁▁▁▁▁▁,0.07472152074398274,▉           ,nu-command,0.19.0,0.84.0
move,filters,181,4,0.01483107418052362,█▇▁▁▁▆▁▁█▁▁▁▁▁▁,0.07458651732902845,▉           ,nu-command,0.17.0,0.84.0
to md,formats,94,5,0.011457713723981775,▃▃▄█▁▁▁▆▁▁▁▁▁▁▁,0.07329561876860138,▉           ,nu-command,0.14.0,0.84.0
window,filters,136,4,0.013972339579466565,▄▄▇▁▁█▁▁▁▁▁▁▁▁▁,0.0723950031868417,▉           ,nu-command,0.60.0,0.84.0
enter,,44,1,0.05562579013906448,▁▁▁█▁▁▁▁▁▁▁▁▁▁▁,0.07222409794721307,▉           ,nu-command,0.11.0,0.79.0
path dirname,path,54,5,0.010884078865197678,▂▁▃▁▁▁▁▁▁█▁▁▂▁▁,0.07143727370948932,▉           ,nu-command,0.19.0,0.84.0
path basename,path,207,3,0.017860398362592098,▇█▁▁▁▆▁▁▁▁▁▁▁▁▁,0.07088432822313868,▉           ,nu-command,0.18.1,0.84.0
skip until,filters,199,3,0.01766370154626978,██▁▁▁█▁▁▁▁▁▁▁▁▁,0.07049292255286341,▉           ,nu-command,0.17.0,0.84.0
dfr drop,dataframe,260,2,0.02645504398406784,██▁▁▁▁▁▁▁▁▁▁▁▁▁,0.07043901457634623,▉           ,nu-cmd-dataframe,0.60.0,0.84.0
dfr append,dataframe,258,2,0.026251543645728855,██▁▁▁▁▁▁▁▁▁▁▁▁▁,0.0701675722773587,▉           ,nu-cmd-dataframe,0.60.0,0.84.0
seq,generators,124,4,0.01299196883072346,▅▂█▁▁▁▁▁▁▁▁▁▄▁▁,0.06980901505458477,▉           ,nu-command,0.22.0,0.84.0
dfr agg,lazyframe,148,3,0.016757201852112786,▅▅▁█▁▁▁▁▁▁▁▁▁▁▁,0.06866025432557825,▉           ,nu-cmd-dataframe,0.76.0,0.84.0
decode hex,formats,11,1,0.0502283105022831,▁▁▁▁▁▁▁▁▁▁█▁▁▁▁,0.06863068206810105,▉           ,nu-cmd-extra,0.78.0,0.84.0
take,filters,80,4,0.01227428152525828,▁▁█▁▁▁▁▁▁▁▁▁▂▁▁,0.0678534705291282,▉           ,nu-command,0.61.0,0.84.0
to csv,formats,193,3,0.01625762709882198,██▆▁▁▁▁▁▁▁▁▁▁▁▁,0.06762904211358893,▊           ,nu-command,0.14.0,0.84.0
tutor,misc,13,2,0.023136549209980563,▁▁▁▁▁▁▁▁▁▁█▁▁▁▁,0.06587313310635251,▊           ,nu-command,0.36.0,0.84.0
keybindings,platform,76,4,0.01132452387799341,▁▁█▁▁▃▁▁▁▁▁▁▁▁▁,0.06517544445398972,▊           ,nu-cli,0.60.0,0.84.0
into duration,conversions,73,4,0.011239758470936223,▁▁█▁▁▁▁▁▁▁▁▁▂▁▁,0.0649310633158972,▊           ,nu-command,0.60.0,0.84.0
bytes at,bytes,68,1,0.04459016393442623,▁▁█▁▁▁▁▁▁▁▁▁▁▁▁,0.06466414868556275,▊           ,nu-command,0.66.0,0.84.0
dfr collect,lazyframe,213,2,0.0216727032083812,██▁▁▁▁▁▁▁▁▁▁▁▁▁,0.06375519370018913,▊           ,nu-cmd-dataframe,0.63.0,0.84.0
export def-env,core,31,3,0.014307947364433969,▂▁▁▁▁▁▁▁▁▁▁▁█▁▁,0.06344440431968523,▊           ,nu-cmd-lang,0.60.0,0.84.0
group,filters,66,4,0.010648032562175204,▁▁▆▁▁▁█▁▁▁▁▁▁▁▁,0.06319878235032371,▊           ,nu-command,0.60.0,0.84.0
view source,debug,156,3,0.014069870406080362,▇█▁▁▁▁▁▁▁▁▁▁▆▁▁,0.06291434881619967,▊           ,nu-command,0.76.0,0.84.0
while,core,63,3,0.014015891846230458,▁▁█▁▁▆▁▁▁▁▁▁▁▁▁,0.06279354850705415,▊           ,nu-cmd-lang,0.72.0,0.84.0
path exists,path,115,5,0.008304834541373915,█▅█▁▁▆▁▁▁▁▁▁▄▁▁,0.062401427423528416,▊           ,nu-command,0.18.1,0.84.0
overlay hide,core,109,3,0.013404604560305308,▄▄▁█▁▁▁▁▁▁▁▁▁▁▁,0.06140894843257152,▊           ,nu-cmd-lang,0.68.0,0.84.0
schema,database,60,4,0.009497057847949693,▁▁█▁▁▁▇▁▁▁▁▁▁▁▁,0.059685463005282956,▊           ,nu-command,0.65.0,0.84.0
from ssv,formats,81,2,0.017961719744798297,▃▁█▁▁▁▁▁▁▁▁▁▁▁▁,0.058040745976542775,▊           ,nu-command,0.60.0,0.84.0
random integer,random,17,2,0.017834959082375618,▁▁▁▁▁▁▁▁▁▁▁█▁▁▁,0.0578355788183204,▊           ,nu-command,0.20.0,0.84.0
seq date,generators,117,3,0.011554798643215214,▅▆█▁▁▁▁▁▁▁▁▁▁▁▁,0.05701456932551336,▋           ,nu-command,0.23.0,0.84.0
math abs,math,31,2,0.016943229263332044,▁▁▁█▁▁▁▁▁▁▁▁▁▁▁,0.05637117942378648,▋           ,nu-command,0.24.0,0.84.0
headers,filters,104,4,0.008068517981064116,██▇▁▁▁▁▁▁▁▁▁▅▁▁,0.055013707131807185,▋           ,nu-command,0.12.0,0.84.0
path relative-to,path,44,4,0.008019066164846128,▁▂▁▇▁█▁▁▁▁▁▁▁▁▁,0.05484485895658455,▋           ,nu-command,0.32.0,0.84.0
config env,env,100,3,0.010672714432125566,▆▆▁█▁▁▁▁▁▁▁▁▁▁▁,0.05479514769362141,▋           ,nu-command,0.63.0,0.84.0
dfr concat-str,expression,156,2,0.0158730263904407,██▁▁▁▁▁▁▁▁▁▁▁▁▁,0.05456182607549008,▋           ,nu-cmd-dataframe,0.76.0,0.84.0
detect columns,strings,52,3,0.010310844480081101,▁▁█▁▁▁▁▁▁▁▁▁▁▁▁,0.05385819264662196,▋           ,nu-command,0.40.0,0.84.0
dfr first,dataframe,152,2,0.015466025713762734,██▁▁▁▁▁▁▁▁▁▁▁▁▁,0.05385777301667152,▋           ,nu-cmd-dataframe,0.60.0,0.84.0
path type,path,40,4,0.007377488956701953,▁▁▁▁▁█▁▁▁▁▁▁▃▁▁,0.05260515560575608,▋           ,nu-command,0.18.1,0.84.0
hide,core,38,4,0.007341629503407018,▁▁▅█▁▁▁▁▁▁▁▁▁▁▁,0.05247715202645734,▋           ,nu-cmd-lang,0.60.0,0.84.0
str,strings,114,4,0.007266920485539377,█▇▁▁▂▁█▁▁▁▁▁▁▁▁,0.05220946340006795,▋           ,nu-cmd-extra,0.15.0,0.84.0
column,,44,1,0.028852459016393443,▁▁█▁▁▁▁▁▁▁▁▁▁▁▁,0.05201581963974954,▋           ,nu-parser,0.7.0,0.12.0
scope commands,filters,9,2,0.013993625899534982,▁▁▁▁▁▁▁▁▁▁▁▁█▁▁,0.05122997659195814,▋           ,nu-cmd-lang,0.82.0,0.84.0
http post,network,53,3,0.008740227042479908,▃▃▁▁▁▁▁█▁▁▁▁▁▁▁,0.04958679219731534,▋           ,nu-command,0.75.0,0.84.0
cal,generators,39,1,0.025573770491803278,▁▁█▁▁▁▁▁▁▁▁▁▁▁▁,0.048971275026331695,▋           ,nu-command,0.14.0,0.84.0
date,date,39,1,0.025573770491803278,▁▁█▁▁▁▁▁▁▁▁▁▁▁▁,0.048971275026331695,▋           ,nu-command,0.11.0,0.84.0
keybindings listen,platform,47,4,0.005857881839117108,▂▂█▁▁▆▁▁▁▁▁▁▁▁▁,0.04687532902467046,▋           ,nu-cli,0.60.0,0.84.0
grid,viewers,55,3,0.007650726994889629,▂▃█▁▁▁▁▁▁▁▁▁▁▁▁,0.046393379516970694,▌           ,nu-command,0.60.0,0.84.0
dfr value-counts,dataframe,112,2,0.01139601894698307,██▁▁▁▁▁▁▁▁▁▁▁▁▁,0.046231247123002465,▌           ,nu-cmd-dataframe,0.60.0,0.84.0
dfr lit,expression,110,2,0.011192518608644085,██▁▁▁▁▁▁▁▁▁▁▁▁▁,0.04581660872827412,▌           ,nu-cmd-dataframe,0.63.0,0.84.0
decode base64,hash,53,3,0.00736370693252008,▂▂█▁▁▁▁▁▁▁▁▁▁▁▁,0.04551482791866227,▌           ,nu-command,0.65.0,0.84.0
dfr count,expression,108,2,0.010989018270305101,██▁▁▁▁▁▁▁▁▁▁▁▁▁,0.04539818344572176,▌           ,not_parsed_yet,0.84.1,0.84.1
export-env,env,28,3,0.007129790514315226,▃▁▁▁▁▁▁▁▁▁▁▁█▁▁,0.04478607902651672,▌           ,nu-command,0.68.0,0.84.0
dfr fetch,lazyframe,104,2,0.010582017593627134,██▁▁▁▁▁▁▁▁▁▁▁▁▁,0.044549544439810906,▌           ,nu-cmd-dataframe,0.63.0,0.84.0
overlay new,core,21,3,0.006728113192480748,▁▁▁█▁▁▁▁▁▁▁▁▁▁▁,0.0435062150181894,▌           ,nu-cmd-lang,0.63.1,0.84.0
scope,core,31,3,0.00664959321747307,▁▁▁▁▁▁█▁▁▁▁▁▁▁▁,0.04325160185520847,▌           ,nu-cmd-lang,0.82.0,0.84.0
dfr columns,dataframe,98,2,0.009971516578610184,██▁▁▁▁▁▁▁▁▁▁▁▁▁,0.04324537182438842,▌           ,nu-cmd-dataframe,0.76.0,0.84.0
break,core,34,4,0.004953251829689628,▂▁█▁▁▆▁▁▁▁▁▁▁▁▁,0.043104164340803656,▌           ,nu-cmd-lang,0.72.0,0.84.0
touch,filesystem,48,3,0.0065533843436573124,▂▃▁▁▁█▁▁▁▁▁▁▁▁▁,0.042937571427692375,▌           ,nu-command,0.11.0,0.84.0
random chars,random,43,3,0.0064043044799495215,▄▄▁▁▁▁▁▁▁▁▁▁█▁▁,0.04244637855156423,▌           ,nu-command,0.24.0,0.84.0
kill,platform,27,2,0.009515135845535132,▁▁▁▁▁█▁▁▁▁▁▁▁▁▁,0.042244144957965295,▌           ,nu-command,0.11.0,0.84.0
to tsv,formats,48,3,0.006120120185277362,▃▃█▁▁▁▁▁▁▁▁▁▁▁▁,0.04149393598783864,▌           ,nu-command,0.14.0,0.84.0
dfr not,dataframe,90,2,0.00915751522525425,██▁▁▁▁▁▁▁▁▁▁▁▁▁,0.041442681904965695,▌           ,nu-cmd-dataframe,0.60.0,0.84.0
dfr arg-where,expression,88,2,0.008954014886915267,██▁▁▁▁▁▁▁▁▁▁▁▁▁,0.04097962064597245,▌           ,nu-cmd-dataframe,0.76.0,0.84.0
dfr shape,dataframe,88,2,0.008954014886915267,██▁▁▁▁▁▁▁▁▁▁▁▁▁,0.04097962064597245,▌           ,nu-cmd-dataframe,0.60.0,0.84.0
dfr set,dataframe,88,2,0.008954014886915267,██▁▁▁▁▁▁▁▁▁▁▁▁▁,0.04097962064597245,▌           ,nu-cmd-dataframe,0.60.0,0.84.0
dfr dtypes,dataframe,87,2,0.008853010140230533,▇█▁▁▁▁▁▁▁▁▁▁▁▁▁,0.04074783215090529,▌           ,nu-cmd-dataframe,0.60.0,0.84.0
gstat,,27,1,0.017704918032786884,▁▁█▁▁▁▁▁▁▁▁▁▁▁▁,0.04074656379975878,▌           ,nu_plugin_gstat,0.76.0,0.84.0
def-env,core,30,4,0.004303264773469753,▄▁█▁▁▁▁▁▁▁▁▁▅▁▁,0.040176588763549,▌           ,nu-cmd-lang,0.60.0,0.84.0
math max,math,84,2,0.008547179859678358,██▁▁▁▁▁▁▁▁▁▁▁▁▁,0.04003782243746984,▌           ,nu-command,0.15.1,0.84.0
dfr is-in,expression,82,2,0.008343513871898318,██▁▁▁▁▁▁▁▁▁▁▁▁▁,0.0395579269265053,▌           ,nu-cmd-dataframe,0.60.0,0.84.0
format date,date,56,3,0.005541053327104434,█▄▁▁▁▁▁▁▁▁▁▁▆▁▁,0.039482152546251516,▌           ,nu-command,0.84.0,0.84.0
compact,filters,35,3,0.005389031174668116,▂▂█▁▁▁▁▁▁▁▁▁▁▁▁,0.03893677747917003,▌           ,nu-command,0.11.0,0.84.0
math round,math,77,2,0.007833851954125044,█▆▁▁▁▁▁▁▁▁▁▁▁▁▁,0.03833069622148605,▌           ,nu-command,0.22.0,0.84.0
dfr str-slice,dataframe,76,2,0.007733012856881367,██▁▁▁▁▁▁▁▁▁▁▁▁▁,0.03808319651969429,▌           ,nu-cmd-dataframe,0.60.0,0.84.0
take while,filters,22,2,0.0077048534414801,▁▁▁▁▁█▁▁▁▁▁▁▁▁▁,0.038013794164716855,▌           ,nu-command,0.61.0,0.84.0
scope variables,filters,75,2,0.007633995903489323,▄█▁▁▁▁▁▁▁▁▁▁▁▁▁,0.037838593860600137,▌           ,nu-cmd-lang,0.82.0,0.84.0
dfr fill-null,lazyframe,74,2,0.007529678167983441,██▁▁▁▁▁▁▁▁▁▁▁▁▁,0.03757917441339773,▌           ,nu-cmd-dataframe,0.63.0,0.84.0
take until,filters,73,2,0.0074276795246523645,██▁▁▁▁▁▁▁▁▁▁▁▁▁,0.03732377875515127,▌           ,nu-command,0.61.0,0.84.0
join,filters,39,3,0.004906912097223441,▂▃█▁▁▁▁▁▁▁▁▁▁▁▁,0.03715427543066695,▌           ,nu-command,0.64.0,0.84.0
range,filters,33,2,0.007200448002986687,▃▁█▁▁▁▁▁▁▁▁▁▁▁▁,0.03674842978724192,▌           ,nu-command,0.7.0,0.84.0
query,,21,1,0.01377049180327869,▁▁█▁▁▁▁▁▁▁▁▁▁▁▁,0.035935091531529594,▍           ,nu_plugin_query,0.65.0,0.84.0
math ceil,math,22,3,0.004356450586339505,▁▁█▁▁▁▁▁▁▁▁▁▁▁▁,0.03500830253403011,▍           ,nu-command,0.22.0,0.84.0
help operators,core,21,3,0.004288672356706863,▁▁█▁▁▁▁▁▁▁▁▁▁▁▁,0.03473490308798392,▍           ,nu-command,0.72.0,0.84.0
dfr max,expression,62,2,0.0063085104885084835,██▁▁▁▁▁▁▁▁▁▁▁▁▁,0.034397148585880485,▍           ,nu-cmd-dataframe,0.76.0,0.83.1
math floor,math,61,2,0.006206677494618463,██▁▁▁▁▁▁▁▁▁▁▁▁▁,0.034118396935280015,▍           ,nu-command,0.22.0,0.84.0
loop,core,13,3,0.004132943011890611,▁▁█▁▁▁▁▁▁▁▁▁▇▁▁,0.03409842863010318,▍           ,nu-cmd-lang,0.72.0,0.84.0
dfr when,expression,60,2,0.006105010150169501,██▁▁▁▁▁▁▁▁▁▁▁▁▁,0.03383780807987983,▍           ,nu-cmd-dataframe,0.63.0,0.84.0
to toml,formats,60,2,0.006105010150169501,██▁▁▁▁▁▁▁▁▁▁▁▁▁,0.03383780807987983,▍           ,nu-command,0.14.0,0.84.0
bytes length,bytes,19,2,0.006003306688711258,▁▁█▁▁▁▁▁▁▁▁▁▁▁▁,0.03355477206162713,▍           ,nu-command,0.65.0,0.84.0
keybindings list,platform,32,3,0.00397961974193202,▃▃█▁▁▁▁▁▁▁▁▁▁▁▁,0.03345996216525655,▍           ,nu-cli,0.60.0,0.84.0
date to-timezone,date,7,2,0.005943947578145754,▁▂▁▁▁▁▁▁▁▁▁▁█▁▁,0.03338846959089375,▍           ,nu-command,0.24.0,0.84.0
date to-record,date,4,3,0.0037588552980230903,▁▁▁▁▁▁▁▁▁▁▁▁█▁▁,0.03251864649368605,▍           ,nu-command,0.61.0,0.84.0
query xml,,17,1,0.011147540983606558,▁▁█▁▁▁▁▁▁▁▁▁▁▁▁,0.032332074342781375,▍           ,nu_plugin_query,0.76.0,0.84.0
bytes,bytes,17,1,0.011147540983606558,▁▁█▁▁▁▁▁▁▁▁▁▁▁▁,0.032332074342781375,▍           ,nu-command,0.66.0,0.84.0
hash sha256,hash,54,2,0.0054945091351525505,██▁▁▁▁▁▁▁▁▁▁▁▁▁,0.03210136336802072,▍           ,not_parsed_yet,0.84.1,0.84.1
explain,debug,54,2,0.0054945091351525505,██▁▁▁▁▁▁▁▁▁▁▁▁▁,0.03210136336802072,▍           ,nu-command,0.76.0,0.84.0
input listen,platform,2,1,0.010869565217391304,▁▁▁▁▁▁▁▁▁▁▁▁█▁▁,0.0319264121785233,▍           ,nu-command,0.83.0,0.84.0
scope modules,filters,2,1,0.010869565217391304,▁▁▁▁▁▁▁▁▁▁▁▁█▁▁,0.0319264121785233,▍           ,nu-cmd-lang,0.82.0,0.84.0
scope aliases,filters,2,1,0.010869565217391304,▁▁▁▁▁▁▁▁▁▁▁▁█▁▁,0.0319264121785233,▍           ,nu-cmd-lang,0.82.0,0.84.0
math min,math,52,2,0.0052913400956956826,▇█▁▁▁▁▁▁▁▁▁▁▁▁▁,0.0315022711902473,▍           ,nu-command,0.15.1,0.84.0
keybindings default,platform,27,3,0.003489706722507365,▃▃█▁▁▁▁▁▁▁▁▁▁▁▁,0.03133279391796419,▍           ,nu-cli,0.60.0,0.84.0
str upcase,strings,25,3,0.0034398177755318275,▄▅▁▁▁▁▁▁▁▁▁▁█▁▁,0.03110802042566088,▍           ,nu-command,0.15.0,0.84.0
view files,debug,16,2,0.005019865780775267,▁▁█▁▁▁▁▁▁▁▁▁▁▁▁,0.030683512945502547,▍           ,nu-command,0.76.0,0.84.0
split words,strings,15,1,0.009836065573770493,▁▁█▁▁▁▁▁▁▁▁▁▁▁▁,0.03037069550193092,▍           ,nu-command,0.68.0,0.84.0
dfr min,expression,48,2,0.004884008120135601,██▁▁▁▁▁▁▁▁▁▁▁▁▁,0.03026545563048117,▍           ,nu-cmd-dataframe,0.76.0,0.83.1
input list,platform,48,2,0.0048838424706945435,█▇▁▁▁▁▁▁▁▁▁▁▁▁▁,0.030264942373930823,▍           ,nu-command,0.80.0,0.84.0
bytes index-of,bytes,14,1,0.009180327868852459,▁▁█▁▁▁▁▁▁▁▁▁▁▁▁,0.029340879370818796,▍           ,nu-command,0.66.0,0.84.0
into filesize,conversions,22,3,0.002999683270122004,▃▂█▁▁▁▁▁▁▁▁▁▁▁▁,0.02904974722243821,▍           ,nu-command,0.37.0,0.84.0
dfr drop-duplicates,dataframe,44,2,0.004477007443457633,██▁▁▁▁▁▁▁▁▁▁▁▁▁,0.028976967649219365,▍           ,nu-cmd-dataframe,0.60.0,0.84.0
ast,debug,40,2,0.004070006766779667,██▁▁▁▁▁▁▁▁▁▁▁▁▁,0.02762845460331046,▍           ,nu-command,0.68.0,0.84.0
dfr str-lengths,dataframe,40,2,0.004070006766779667,██▁▁▁▁▁▁▁▁▁▁▁▁▁,0.02762845460331046,▍           ,nu-cmd-dataframe,0.60.0,0.84.0
history session,misc,40,2,0.004069675467897552,█▇▁▁▁▁▁▁▁▁▁▁▁▁▁,0.027627330101199523,▍           ,nu-cli,0.69.0,0.84.0
load-env,filesystem,12,2,0.003835732093286419,▄▁▁▁▁▁▁▁▁▁▁▁█▁▁,0.0268215060894139,▍           ,nu-command,0.32.0,0.84.0
dfr is-null,dataframe,36,2,0.0036630060901017003,██▁▁▁▁▁▁▁▁▁▁▁▁▁,0.02621065343310747,▍           ,nu-cmd-dataframe,0.60.0,0.84.0
help aliases,core,13,3,0.0023893479045461116,▁▁█▁▁▁▁▁▁▁▁▁▁▁▁,0.025926527472356298,▎           ,nu-command,0.74.0,0.84.0
dfr as-date,dataframe,34,2,0.003461162246173291,▃█▁▁▁▁▁▁▁▁▁▁▁▁▁,0.02547827416515527,▎           ,nu-cmd-dataframe,0.60.0,0.84.0
dfr sum,expression,33,2,0.003357672757872697,██▁▁▁▁▁▁▁▁▁▁▁▁▁,0.02509448060423435,▎           ,nu-cmd-dataframe,0.76.0,0.83.1
dfr reverse,lazyframe,31,2,0.0031541724195337136,██▁▁▁▁▁▁▁▁▁▁▁▁▁,0.02432213768581895,▎           ,nu-cmd-dataframe,0.63.0,0.84.0
dfr concatenate,dataframe,28,2,0.0028490047367457673,██▁▁▁▁▁▁▁▁▁▁▁▁▁,0.023115623561501233,▎           ,nu-cmd-dataframe,0.60.0,0.84.0
ansi gradient,platform,27,1,0.0054989816700610995,▁█▁▁▁▁▁▁▁▁▁▁▁▁▁,0.022708328383150733,▎           ,nu-cmd-extra,0.33.0,0.84.0
uniq-by,filters,27,2,0.0027479999900610337,▄█▁▁▁▁▁▁▁▁▁▁▁▁▁,0.022702171027185275,▎           ,nu-command,0.73.0,0.84.0
math stddev,math,1,1,0.005434782608695652,▁▁▁▁▁▁▁▁▁▁▁▁█▁▁,0.0225753825503906,▎           ,nu-command,0.17.0,0.84.0
date humanize,date,26,2,0.0026455043984067836,██▁▁▁▁▁▁▁▁▁▁▁▁▁,0.022274772219905453,▎           ,nu-command,0.35.0,0.84.0
dfr otherwise,expression,24,2,0.0024420040600678003,██▁▁▁▁▁▁▁▁▁▁▁▁▁,0.021400908912013815,▎           ,nu-cmd-dataframe,0.76.0,0.84.0
math sqrt,math,23,2,0.002341496261706239,▂█▁▁▁▁▁▁▁▁▁▁▁▁▁,0.02095587320635112,▎           ,nu-command,0.30.0,0.84.0
dfr drop-nulls,dataframe,22,2,0.0022385037217288167,██▁▁▁▁▁▁▁▁▁▁▁▁▁,0.020489810322986225,▎           ,nu-cmd-dataframe,0.60.0,0.84.0
dfr to-csv,dataframe,21,2,0.0021370020267209113,▆█▁▁▁▁▁▁▁▁▁▁▁▁▁,0.020019881141322485,▎           ,nu-cmd-dataframe,0.60.0,0.84.0
dfr as-datetime,dataframe,20,2,0.00203649422835935,▁█▁▁▁▁▁▁▁▁▁▁▁▁▁,0.019543422435516048,▎           ,nu-cmd-dataframe,0.60.0,0.84.0
dfr replace,dataframe,20,2,0.0020350033833898334,██▁▁▁▁▁▁▁▁▁▁▁▁▁,0.019536267603705512,▎           ,nu-cmd-dataframe,0.60.0,0.84.0
dfr last,dataframe,20,2,0.0020350033833898334,██▁▁▁▁▁▁▁▁▁▁▁▁▁,0.019536267603705512,▎           ,nu-cmd-dataframe,0.60.0,0.84.0
dfr expr-not,expression,18,2,0.0018315030450508502,██▁▁▁▁▁▁▁▁▁▁▁▁▁,0.018533730781880756,▎           ,not_parsed_yet,0.84.1,0.84.1
math log,math,18,2,0.0018315030450508502,██▁▁▁▁▁▁▁▁▁▁▁▁▁,0.018533730781880756,▎           ,nu-command,0.73.0,0.84.0
dfr take,dataframe,18,2,0.0018315030450508502,██▁▁▁▁▁▁▁▁▁▁▁▁▁,0.018533730781880756,▎           ,nu-cmd-dataframe,0.60.0,0.84.0
dfr get-nanosecond,dataframe,18,2,0.0018315030450508502,██▁▁▁▁▁▁▁▁▁▁▁▁▁,0.018533730781880756,▎           ,nu-cmd-dataframe,0.60.0,0.84.0
dfr explode,lazyframe,16,2,0.001628002706711867,██▁▁▁▁▁▁▁▁▁▁▁▁▁,0.017473768955404978,▎           ,nu-cmd-dataframe,0.84.0,0.84.0
nu-check,strings,16,2,0.001628002706711867,██▁▁▁▁▁▁▁▁▁▁▁▁▁,0.017473768955404978,▎           ,nu-command,0.65.0,0.84.0
dfr melt,dataframe,16,2,0.001628002706711867,██▁▁▁▁▁▁▁▁▁▁▁▁▁,0.017473768955404978,▎           ,nu-cmd-dataframe,0.60.0,0.84.0
dfr summary,dataframe,14,2,0.0014245023683728836,██▁▁▁▁▁▁▁▁▁▁▁▁▁,0.016345214171693056,▎           ,nu-cmd-dataframe,0.76.0,0.84.0
dfr fill-nan,lazyframe,14,2,0.0014245023683728836,██▁▁▁▁▁▁▁▁▁▁▁▁▁,0.016345214171693056,▎           ,nu-cmd-dataframe,0.76.0,0.84.0
hash md5,hash,14,2,0.0014245023683728836,██▁▁▁▁▁▁▁▁▁▁▁▁▁,0.016345214171693056,▎           ,nu-command,0.29.0,0.34.0
hide-env,core,14,1,0.0028466856445709637,█▁▁▁▁▁▁▁▁▁▁▁▁▁▁,0.016338560308534495,▎           ,nu-cmd-lang,0.67.0,0.84.0
random dice,random,13,2,0.0013226693744828632,█▇▁▁▁▁▁▁▁▁▁▁▁▁▁,0.015750149361599727,▎           ,nu-command,0.16.0,0.84.0
str capitalize,strings,13,2,0.0013226693744828632,█▇▁▁▁▁▁▁▁▁▁▁▁▁▁,0.015750149361599727,▎           ,nu-command,0.15.0,0.84.0
str downcase,strings,13,1,0.0026433509556730377,█▁▁▁▁▁▁▁▁▁▁▁▁▁▁,0.0157442306631056,▎           ,nu-command,0.15.0,0.84.0
dfr to-parquet,dataframe,12,2,0.0012210020300339002,██▁▁▁▁▁▁▁▁▁▁▁▁▁,0.015132727815240585,▏           ,nu-cmd-dataframe,0.60.0,0.84.0
dfr var,expression,12,2,0.0012210020300339002,██▁▁▁▁▁▁▁▁▁▁▁▁▁,0.015132727815240585,▏           ,nu-cmd-dataframe,0.76.0,0.83.1
help modules,core,11,2,0.0011196659844670519,▄█▁▁▁▁▁▁▁▁▁▁▁▁▁,0.014491163948908791,▏           ,nu-command,0.74.0,0.84.0
math median,math,11,2,0.0011193346855849372,▇█▁▁▁▁▁▁▁▁▁▁▁▁▁,0.01448901988913025,▏           ,nu-command,0.15.1,0.84.0
drop nth,filters,9,2,0.0009156686978048965,█▇▁▁▁▁▁▁▁▁▁▁▁▁▁,0.01310473405056286,▏           ,nu-command,0.36.0,0.84.0
str ends-with,strings,9,2,0.000915503048363839,█▅▁▁▁▁▁▁▁▁▁▁▁▁▁,0.013103548638163277,▏           ,nu-command,0.18.1,0.84.0
seq char,generators,8,2,0.0008140013533559334,██▁▁▁▁▁▁▁▁▁▁▁▁▁,0.012355820521253837,▏           ,nu-command,0.63.0,0.84.0
dfr replace-all,dataframe,8,2,0.0008140013533559334,██▁▁▁▁▁▁▁▁▁▁▁▁▁,0.012355820521253837,▏           ,nu-cmd-dataframe,0.60.0,0.84.0
dfr is-unique,dataframe,8,2,0.0008140013533559334,██▁▁▁▁▁▁▁▁▁▁▁▁▁,0.012355820521253837,▏           ,nu-cmd-dataframe,0.60.0,0.84.0
str index-of,strings,8,2,0.0008140013533559334,██▁▁▁▁▁▁▁▁▁▁▁▁▁,0.012355820521253837,▏           ,nu-command,0.18.1,0.84.0
split,strings,8,2,0.0008140013533559334,██▁▁▁▁▁▁▁▁▁▁▁▁▁,0.012355820521253837,▏           ,nu-command,0.15.0,0.84.0
encode base64,hash,8,2,0.000813835703914876,█▅▁▁▁▁▁▁▁▁▁▁▁▁▁,0.012354563251291664,▏           ,nu-command,0.65.0,0.84.0
dfr cumulative,dataframe,6,1,0.0012219959266802445,▁█▁▁▁▁▁▁▁▁▁▁▁▁▁,0.010704808659424555,▏           ,nu-cmd-dataframe,0.60.0,0.84.0
dfr n-unique,dataframe,6,2,0.0006105010150169501,██▁▁▁▁▁▁▁▁▁▁▁▁▁,0.010700454456006907,▏           ,nu-cmd-dataframe,0.76.0,0.84.0
dfr ls,dataframe,6,2,0.0006105010150169501,██▁▁▁▁▁▁▁▁▁▁▁▁▁,0.010700454456006907,▏           ,nu-cmd-dataframe,0.63.0,0.84.0
dfr arg-unique,dataframe,6,2,0.0006105010150169501,██▁▁▁▁▁▁▁▁▁▁▁▁▁,0.010700454456006907,▏           ,nu-cmd-dataframe,0.60.0,0.84.0
random,random,6,2,0.0006105010150169501,██▁▁▁▁▁▁▁▁▁▁▁▁▁,0.010700454456006907,▏           ,nu-command,0.15.1,0.84.0
split list,filters,6,2,0.0006103353655758927,█▅▁▁▁▁▁▁▁▁▁▁▁▁▁,0.010699002661080476,▏           ,nu-command,0.66.0,0.84.0
str distance,strings,5,2,0.0005086680211269297,█▆▁▁▁▁▁▁▁▁▁▁▁▁▁,0.009767338642601826,▏           ,nu-command,0.68.0,0.84.0
is-admin,core,5,1,0.0010166734444896298,█▁▁▁▁▁▁▁▁▁▁▁▁▁▁,0.009764157358047903,▏           ,nu-command,0.64.0,0.84.0
dfr shift,dataframe or lazyframe,4,1,0.000814663951120163,▁█▁▁▁▁▁▁▁▁▁▁▁▁▁,0.008740439669905663,▏           ,nu-cmd-dataframe,0.60.0,0.84.0
rotate,filters,4,1,0.000814663951120163,▁█▁▁▁▁▁▁▁▁▁▁▁▁▁,0.008740439669905663,▏           ,nu-cmd-extra,0.28.0,0.84.0
dfr flatten,lazyframe,4,2,0.0004070006766779667,██▁▁▁▁▁▁▁▁▁▁▁▁▁,0.008736884477702489,▏           ,nu-cmd-dataframe,0.84.0,0.84.0
dfr to-arrow,dataframe,4,2,0.0004070006766779667,██▁▁▁▁▁▁▁▁▁▁▁▁▁,0.008736884477702489,▏           ,nu-cmd-dataframe,0.76.0,0.84.0
dfr dummies,dataframe,4,2,0.0004070006766779667,██▁▁▁▁▁▁▁▁▁▁▁▁▁,0.008736884477702489,▏           ,nu-cmd-dataframe,0.76.0,0.84.0
dfr is-not-null,dataframe,4,2,0.0004070006766779667,██▁▁▁▁▁▁▁▁▁▁▁▁▁,0.008736884477702489,▏           ,nu-cmd-dataframe,0.60.0,0.84.0
dfr count-null,dataframe,4,2,0.0004070006766779667,██▁▁▁▁▁▁▁▁▁▁▁▁▁,0.008736884477702489,▏           ,nu-cmd-dataframe,0.60.0,0.84.0
drop column,filters,4,2,0.0004070006766779667,██▁▁▁▁▁▁▁▁▁▁▁▁▁,0.008736884477702489,▏           ,nu-command,0.28.0,0.84.0
date to-table,date,4,2,0.0004070006766779667,██▁▁▁▁▁▁▁▁▁▁▁▁▁,0.008736884477702489,▏           ,nu-command,0.24.0,0.84.0
skip while,filters,4,2,0.0004068350272369093,█▃▁▁▁▁▁▁▁▁▁▁▁▁▁,0.00873510633898911,▏           ,nu-command,0.17.0,0.84.0
str expand,strings,3,2,0.00030516768278794637,█▅▁▁▁▁▁▁▁▁▁▁▁▁▁,0.007565337333582923,▏           ,nu-command,0.83.0,0.84.0
from toml,formats,3,2,0.00030516768278794637,█▅▁▁▁▁▁▁▁▁▁▁▁▁▁,0.007565337333582923,▏           ,nu-command,0.14.0,0.84.0
dfr strftime,dataframe,2,1,0.0004073319755600815,▁█▁▁▁▁▁▁▁▁▁▁▁▁▁,0.006180424161142203,▏           ,nu-cmd-dataframe,0.60.0,0.84.0
split-by,filters,2,1,0.0004073319755600815,▁█▁▁▁▁▁▁▁▁▁▁▁▁▁,0.006180424161142203,▏           ,nu-command,0.11.0,0.84.0
format duration,strings,2,2,0.00020350033833898336,██▁▁▁▁▁▁▁▁▁▁▁▁▁,0.0061779102606269185,▏           ,nu-command,0.84.0,0.84.0
lazy make,core,2,2,0.00020350033833898336,██▁▁▁▁▁▁▁▁▁▁▁▁▁,0.0061779102606269185,▏           ,nu-cmd-lang,0.81.0,0.84.0
help externs,core,2,2,0.00020350033833898336,██▁▁▁▁▁▁▁▁▁▁▁▁▁,0.0061779102606269185,▏           ,nu-command,0.78.0,0.84.0
view span,debug,2,2,0.00020350033833898336,██▁▁▁▁▁▁▁▁▁▁▁▁▁,0.0061779102606269185,▏           ,nu-command,0.76.0,0.84.0
url join,network,2,2,0.00020350033833898336,██▁▁▁▁▁▁▁▁▁▁▁▁▁,0.0061779102606269185,▏           ,nu-command,0.75.0,0.84.0
watch,filesystem,2,2,0.00020350033833898336,██▁▁▁▁▁▁▁▁▁▁▁▁▁,0.0061779102606269185,▏           ,nu-command,0.62.0,0.84.0
dfr is-duplicated,dataframe,2,2,0.00020350033833898336,██▁▁▁▁▁▁▁▁▁▁▁▁▁,0.0061779102606269185,▏           ,nu-cmd-dataframe,0.60.0,0.84.0
url build-query,network,2,1,0.00040666937779585197,█▁▁▁▁▁▁▁▁▁▁▁▁▁▁,0.006175395336744717,▏           ,nu-command,0.75.0,0.84.0
export use,core,2,1,0.00040666937779585197,█▁▁▁▁▁▁▁▁▁▁▁▁▁▁,0.006175395336744717,▏           ,nu-cmd-lang,0.67.0,0.84.0
random decimal,random,2,1,0.00040666937779585197,█▁▁▁▁▁▁▁▁▁▁▁▁▁▁,0.006175395336744717,▏           ,nu-command,0.23.0,0.84.0
shuffle,filters,2,1,0.00040666937779585197,█▁▁▁▁▁▁▁▁▁▁▁▁▁▁,0.006175395336744717,▏           ,nu-command,0.11.0,0.84.0
scope engine-stats,filters,1,1,0.00020366598778004074,▁█▁▁▁▁▁▁▁▁▁▁▁▁▁,0.0043702198349528315,            ,nu-cmd-lang,0.82.0,0.84.0
roll down,filters,1,1,0.00020366598778004074,▁█▁▁▁▁▁▁▁▁▁▁▁▁▁,0.0043702198349528315,            ,nu-cmd-extra,0.60.0,0.84.0
export extern,core,1,1,0.00020333468889792598,█▁▁▁▁▁▁▁▁▁▁▁▁▁▁,0.0043666639191199735,            ,nu-cmd-lang,0.60.0,0.84.0
math product,math,1,1,0.00020333468889792598,█▁▁▁▁▁▁▁▁▁▁▁▁▁▁,0.0043666639191199735,            ,nu-command,0.19.0,0.84.0
random bool,random,1,1,0.00020333468889792598,█▁▁▁▁▁▁▁▁▁▁▁▁▁▁,0.0043666639191199735,            ,nu-command,0.16.0,0.84.0
random uuid,random,1,1,0.00020333468889792598,█▁▁▁▁▁▁▁▁▁▁▁▁▁▁,0.0043666639191199735,            ,nu-command,0.15.1,0.84.0
