name,category,freq_overall,users_count,f_n_per_user,freq_by_user,importance,importance_b
ls,filesystem,15045,14,0.6172374918722889,▇▄█▁█▃▁█▄▄█▆█▁▆▇,1,████████████
cd,filesystem,8492,15,0.43412040745016744,▂▃▄▁▇▃▂▁██▇▄▄▁█▁,0.87,██████████▍ 
get,filters,13710,16,0.3732852473009967,▇█▅▂▆▂▁▄▃▁▂▃▂▃▂█,0.83,██████████  
open,filesystem,12561,15,0.36374579671262036,▆█▄▁▄▂▁▄▃▆▂▃▃▁▂▇,0.79,█████████▌  
help,core,3397,14,0.2947745768853852,▂▂▅▁▃▁▁▂▂▂▃█▁▁▇█,0.69,████████▎   
let,core,8745,14,0.252979745201897,▅▃▄█▃▁▁▂▁▁▂▂▂▆▃▁,0.64,███████▋    
each,filters,8897,14,0.1985303573582185,▅█▃▂▄▂▁▂▁▁▂▃▂▂▁▁,0.57,██████▊     
where,filters,7113,13,0.17376385976418846,▇█▅▂▅▂▁▃▃▂▂▅▃▃▁▁,0.51,██████▏     
config,env,1582,14,0.1598077898590204,▁▁▃▁█▁▁▅▁▂▆▂▂▁▆▅,0.51,██████▏     
lines,filters,4511,14,0.12367959185144371,██▆▂▆█▁▇▁▅▇▆▃▁▁▁,0.45,█████▍      
rm,filesystem,2022,14,0.10787132576058603,▂▂▂▁▃▄▁▅▃▃▅▂▂▁█▁,0.42,█████       
source,core,4557,12,0.12024655334264901,▄▅▆▂▄▁▂▁█▂▂▁▁▁▄▁,0.41,████▉       
echo,core,1298,13,0.104316370966756,▂▂▃▂▂▂▁▂▁▁▃▅▁▁█▇,0.4,████▊       
if,core,3015,9,0.1376640770276158,▂▂▂▅▂▁▁▁▁▁▁▂▁█▁▁,0.38,████▌       
find,filters,1319,13,0.07128440657094849,▁▅▃▁▄▁▁▃▁▁▂▂▁▂▃█,0.33,███▉        
print,strings,2688,12,0.07415454444908699,█▄▅▅▂▂▁▄▁▁█▃▂▂▆▁,0.32,███▉        
table,viewers,1796,12,0.06821194897296956,▄▂▇▁▄▁▁▂▂▁▃▄▁▁▁█,0.31,███▊        
sort-by,filters,2729,12,0.06584961068938673,▆█▄▁▃▂▁▂▁▁▁▂▂▂▁█,0.3,███▋        
ansi,platform,1906,9,0.08689546548005528,▂▁▂▄▁▁▁▁▁▁▁▂▁█▁▁,0.3,███▋        
exit,shells,3618,8,0.08963081008450048,▂▂▁▁▁█▁▁▁▂▁▁▂▁▁▁,0.29,███▌        
def,core,1681,10,0.07159005106844364,▃▁▅▇▄▁▁▂▁▁▁▅▁█▄▁,0.29,███▌        
select,filters,3183,11,0.06419490214145546,▇█▆▂▁▂▁▂▅▃▁▁▃▃▁▁,0.29,███▍        
update,filters,1588,13,0.053996603514551364,▄▁▅▂▆▃▁▄█▅▂▃▁▁▁▁,0.29,███▍        
debug,debug,809,8,0.08532138108354109,▁▁▃▁▂▁▁▁▁▃█▁▂▁▃▁,0.28,███▍        
which,system,973,12,0.05282699451795643,▂▁▂▁▂▁▁▃▁▂▄▁▂▁█▁,0.27,███▎        
from json,formats,2776,10,0.0633345139035246,▆█▃▂▁▁▁▄▃▂▁█▁▁▁▁,0.27,███▎        
first,filters,2960,12,0.05275945894086267,█▁▄▂▁▂▁▁▂▄▃▃▁▁▁▁,0.27,███▎        
save,filesystem,2281,12,0.05154131548325482,█▇▃▂▃▅▁▅▂▄▂▅▃▁▁▁,0.27,███▎        
do,core,775,12,0.051253524121955454,▂▁▃▂▂▁▁▂▁▂▄▄▁▂█▁,0.27,███▎        
str join,strings,2322,10,0.06035809406283831,▇▆▃▆▁▅▁▂▁▁▃▅▃█▁▁,0.26,███▏        
path,path,692,8,0.07330065793307175,▁▁▄▁▅▁▁▁▂▅█▁▄▁▇▁,0.26,███▏        
g,,6858,7,0.07272186808634545,▁▁▁▁▁▁█▁▁▁▂▁▁▁▁▁,0.24,██▉         
flatten,filters,2171,10,0.04846454582096818,█▅▅▂▅▁▁▃▃▁▁▆▁▄▁▁,0.24,██▉         
use,core,2494,10,0.0474217681501444,█▁▂▂▆▄▁▂▂▁▁▁▁▂▅▁,0.23,██▊         
length,filters,2530,10,0.04553958274539715,█▅▄▃▄▂▁▂▁▁▁▃▁▃▁▁,0.23,██▊         
version,core,460,11,0.039571078171236895,▂▁▂▁▂▁▁▂▂▁▃▃▂▁█▁,0.22,██▊         
n,,728,8,0.05397857091437955,▁▁▅▁█▁▁▃▁▁▃▅▁▁▁▁,0.22,██▋         
p,,797,7,0.0596130096960027,▁▁▁▁█▁▁▂▁▁▂▁▁▁▁▁,0.22,██▋         
sys,system,225,7,0.05940034899035907,▁▁▁▁▁▁▁▁▁▁▂▂▁▁▁█,0.22,██▋         
profile,,682,6,0.06786313538305391,▁▁▁▁█▁▁▂▁▁▁▁▁▁▆▁,0.22,██▋         
to text,formats,789,10,0.04024484365599647,▁▆▃▁▁▁▁▄▁▄▄█▃▂▁▁,0.22,██▋         
transpose,filters,1280,10,0.03955342009568853,▅▃█▂▃▁▁▂▂▁▁▇▁▁▇▁,0.21,██▋         
let-env,removed,725,8,0.04812723458500811,▁▃▄▁▅▁▁▂▁▂█▁▁▁▆▁,0.21,██▌         
all,filters,492,10,0.03701835546387806,▁▁▂▁█▁▁▁▂▂▁▅▁▁▁▁,0.21,██▌         
describe,core,1078,10,0.03675470391504831,▄▁▅▂▃▁▁▇▁▁▂█▁▃▁▁,0.21,██▌         
is-empty,filters,738,8,0.04233258245729725,▁▃▂▃▁▁▁▁▁▁▁▂▁█▁▁,0.2,██▍         
ps,system,859,9,0.037458356066169804,▁▁▂▁▁▁▃▃▁▁▁▃▁▁█▁,0.2,██▍         
str replace,strings,2579,9,0.03719032723169438,█▂▄▂▁▂▁▂▁▂▂▁▁▁▁▁,0.2,██▍         
parse,strings,2153,9,0.036894809826126355,▆█▃▁▂▃▁▃▁▂▁▁▁▁▁▁,0.2,██▍         
mv,filesystem,976,10,0.03234887057388303,▄▃▂▁▅▄▁▇▅▂█▁▁▁▁▁,0.19,██▍         
mkdir,filesystem,643,11,0.028868750261060422,▂▂▂▁▄▃▁▄▄▃▄█▁▁▁▁,0.19,██▎         
char,strings,1676,8,0.039261497805867095,▅▁▄█▂▁▁▁▁▁▁▁▁▂▅▁,0.19,██▎         
last,filters,1699,9,0.034742965032521445,▇▁▄▂█▁▁▄▁▃▁▁▁▁▁▁,0.19,██▎         
http get,network,705,7,0.04122506323366029,▂▁▃▁▁▁▁▃▂█▁▁▁▁▆▁,0.18,██▎         
upsert,filters,3656,6,0.04188866489545085,█▅▃▂▁▁▁▁▁▁▁▁▁▁▁▁,0.17,██          
from,formats,318,10,0.023593408346469967,▁▁▂▁▂▁▁▁▂█▁▂▁▁▁▁,0.17,██          
split row,strings,1240,9,0.026125696498240335,▇▂▄▃▂▁▁▃▁▁▁▁▁▁█▁,0.16,██          
for,core,430,11,0.020153193231344298,▁▂▄▃▂▂▁▃▁▁▁█▁▃▁▁,0.16,█▉          
default,filters,1125,8,0.026956397704246054,▆█▄▂▇▂▁▃▁▁▁▁▁▇▁▁,0.16,█▉          
export def,core,789,5,0.04214749304848807,▁▂▁▄▂▁▁▁▁▁▁▁▁█▁▁,0.16,█▉          
append,filters,1147,8,0.02577007548453392,█▂▄▅▅▆▁▄▁▁▁▁▁█▁▁,0.15,█▉          
merge,filters,1023,8,0.025702692706860417,▄▂█▁▄▂▁▂▄▁▁▁▁▁▁▁,0.15,█▉          
history,history,1104,9,0.02242657737117475,▆▂█▁▂▁▁▃▁▁▁▅▁▁▁▁,0.15,█▉          
filter,filters,373,11,0.01821282458048585,▂▁▂▂▂▂▁▂▂▅█▁▁▂▁▁,0.15,█▉          
complete,system,444,9,0.02178294987750514,▂▁▂▁▁▁▁▂▁▂▁▁▁▁█▁,0.15,█▊          
any,filters,257,8,0.023786959033248956,▁▁▂▁▁▂▁▃▁▁▃█▁▁▁▁,0.15,█▊          
metadata,debug,195,8,0.023090963893712624,▁▁▁▁▁▁▁▁▂▁▁▃▁█▁▁,0.15,█▊          
encode,strings,356,4,0.046038151381622205,▁▁▁▁▄▁▁▁▁▁▁▁█▁▁▁,0.15,█▊          
try,core,265,9,0.02028694586092583,▂▂▂▁▁▂▁▁▁▁▁▅▁▄█▁,0.15,█▊          
clear,platform,1133,6,0.030236578193614843,▂▁▁▁▁▁▁▁█▂▁▁▁▁▁▁,0.14,█▊          
into int,conversions,1123,9,0.020133211013116326,█▂▆▂▃▂▁▁▂▃▁▁▁▃▁▁,0.14,█▊          
skip,filters,819,8,0.02059491248485905,▄▂▄▂█▁▁▃▁▁▁▁▁▂▁▁,0.14,█▋          
insert,filters,1249,8,0.01999141947707193,▅█▁▂▃▂▁▁▂▁▁▁▁▂▁▁,0.14,█▋          
help commands,core,615,9,0.017622164799727176,▅▁█▁▃▁▁▁▂▄▁▁▇▁▁▁,0.14,█▋          
timeit,debug,827,8,0.01978239943444064,▅▁▂▁▁▃▁▃▂▁█▁▁▁▁▁,0.14,█▋          
take,filters,1453,5,0.029906050605483483,▁█▂▁▁▁▁▁▁▁▁▁▁▁▁▁,0.13,█▋          
group-by,filters,970,7,0.021300379457250454,▄▇▅▁█▁▁▁▂▁▁▁▁▁▁▁,0.13,█▋          
rename,filters,1084,8,0.018604621194254045,▇█▄▂▁▃▁▂▂▁▁▁▁▃▁▁,0.13,█▋          
to json,formats,774,8,0.018559607638099346,▂█▃▁▁▁▁▂▁▄▁▁▁▂▁▁,0.13,█▋          
cp,filesystem,512,8,0.0179332373060496,▃▂▂▁▅▂▁▅▁▁█▁▁▁▁▁,0.13,█▌          
reject,filters,1216,9,0.0157818037667389,█▁▃▁▃▁▁▂▁▂▁▁▁▁▁▁,0.13,█▌          
explore,viewers,493,7,0.02019690677213281,▂▃▆▁▁▁▁▂▁█▁▇▁▁▁▁,0.13,█▌          
str trim,strings,779,8,0.017408787678017405,▅▆█▄▃▃▁▄▁▁▁▁▁▂▁▁,0.13,█▌          
date now,date,1098,8,0.016817291008316256,█▃▄▂▁▂▁▂▁▁▁▄▁▂▁▁,0.12,█▌          
dfr,,8195,2,0.06287685528756957,█▁▁▁▁▁▁▁▁▁▁▁▁▁▁▁,0.12,█▌          
uniq,filters,944,7,0.017765370931686147,▇▆▃▂▁▁▁▃▁▁▁█▁▁▁▁,0.12,█▌          
columns,filters,723,9,0.013369506050918823,█▇▆▂▄▁▁▃▃▃▁▁▁▁▁▁,0.12,█▍          
mut,core,322,8,0.015004866395930225,▂▂▃▄▅▁▁▂▁▁▁▁▁█▁▁,0.12,█▍          
http,network,1102,4,0.029072117761129897,▁█▁▁▁▁▁▂▁▄▁▁▁▁▁▁,0.12,█▍          
path expand,path,554,7,0.016213395593483115,▂▁▂▂▂█▁▅▁▁▁▁▁▃▁▁,0.11,█▍          
from csv,formats,741,6,0.018763071991802317,▁█▂▁▁▁▁▁▁▅▁▁▁▁▁▁,0.11,█▍          
input,platform,375,8,0.013992138357456087,▁▁▂▁▁▁▁▂█▁▁▁▁▁▁▁,0.11,█▍          
fill,conversions,726,6,0.01860173102383717,▄▁▁▂▁▁▁▁▁▁▁█▁▁▁▁,0.11,█▍          
into,conversions,220,6,0.01816225606488637,▁▁▃▁▂▁▁▁▁▁▁█▁▁▁▁,0.11,█▍          
register,,308,5,0.02122244231771731,▁▁▆▁▂▁▁▁▁█▁▁▆▁▁▁,0.11,█▍          
extern,core,180,4,0.02650050725737338,▁▁▁▁▇▁▁▁▁▁▁▁▁▁█▁,0.11,█▍          
decode,strings,151,5,0.0210731890250113,▁▁▂▁▁▁▁▁▁▁▁▁█▁▁▁,0.11,█▍          
overlay,core,450,3,0.03485434985281237,▁▁▁▁█▁▁▁▁▁▁▁▁▁▁▁,0.11,█▍          
to,formats,333,9,0.011400680442765498,▃▂▄▁█▁▂▄▄▇▁▁▁▁▁▁,0.11,█▎          
prepend,filters,275,7,0.013383416092649434,▂▁▂▂▁▁▁▂▁▁▁▁▁▁█▁,0.1,█▎          
error make,core,129,7,0.013356654081962897,▁▁▂▂▂▁▁▁▁▁▁▅▁█▁▁,0.1,█▎          
path join,path,452,7,0.013341848266524497,▅▁▃▅▅▂▁▇▁▁▁█▁▁▁▁,0.1,█▎          
into datetime,conversions,670,6,0.013942323434030719,▃▅█▂▁▁▁▁▁▂▁▁▁▁▁▁,0.1,█▏          
fmt,conversions,86,6,0.013515075088319336,▁▁▂▁▅▁▁▁▁▁▁▁▃▂█▁,0.1,█▏          
str substring,strings,550,7,0.011280819001936514,▆▂▂▄▁▁▁▁▁▁▁█▁▂▁▁,0.1,█▏          
from tsv,formats,242,5,0.015553150385169598,▁▂▁▁▁▁▁▁▁▁▁█▁▁▁▁,0.09,█▏          
reduce,filters,533,7,0.011058846027263047,▇▆█▅▁▂▁▃▁▁▁▁▁▅▁▁,0.09,█▏          
run-external,system,57,5,0.015469143952219449,▁▁▁▁▁▁▁▁▁▁▁▁▁▁█▁,0.09,█▏          
dfr open,,31,2,0.03579425711275026,▁▁▁▁▁▁▁▁▁▁▁▁▁▁▁█,0.09,█▏          
glob,filesystem,1360,5,0.014283746098025582,█▁▃▁▁▁▁▂▂▁▁▁▁▁▁▁,0.09,█▏          
to nuon,formats,297,6,0.011885438184682177,▃▂▂▁▁▁▁▂▁▁▁█▁▄▁▁,0.09,█▏          
reverse,filters,377,5,0.013978428300835809,▂▂▂▁▁▁▁▁▁▁▁█▁▁▁▁,0.09,█▏          
size,,197,6,0.01150968440822051,▁▁█▁▇▁▁▂▂▁▁▁▅▁▁▁,0.09,█▏          
ignore,core,62,6,0.011335212325796262,▁▁▁▁▁▁▁▂▁▁▁▁▁▁█▁,0.09,█▏          
start,filesystem,400,5,0.013236204567223776,▂▁▂▁▁▂▁▃▁█▁▁▁▁▁▁,0.09,█           
alias,core,204,7,0.008569716066283968,▁▁▆▇█▁▁▁▁▁▁▁▁▃▁▁,0.08,█           
sleep,platform,469,6,0.00990129326673199,▃█▄▁▁▄▁▅▁▁▁▁▁▁▁▁,0.08,█           
into record,conversions,257,7,0.008378805091227785,▃▄▇▁▁▁▁▄▁▁█▁▁▂▁▁,0.08,█           
commandline,core,164,4,0.014423510370704563,▁▁▁▁▁▁▁▁▁▁▁█▁▁▁▁,0.08,█           
path parse,path,281,6,0.009535641331713116,▃▁▃▁▃▁▁▃▁▁▁█▁▁▁▁,0.08,█           
drop,filters,310,6,0.009265663167777133,▃▁▁▁█▁▁▁▁▁▁▁▁▁▁▁,0.08,█           
nu,,3613,2,0.027726793146093352,█▁▁▁▁▁▁▁▁▁▁▁▁▁▁▁,0.08,█           
str starts-with,strings,200,7,0.007865226111093863,▂▂▁▅▁▂▁▄▁▁▁█▁▂▁▁,0.08,█           
split column,strings,278,6,0.008630854415443956,▁▁█▂▁▃▁▁▂▁▁▁▁▁▁▁,0.08,▉           
enumerate,filters,570,6,0.008093903271227741,█▂▃▂▁▁▁▂▁▁▁▁▁▅▁▁,0.07,▉           
du,filesystem,90,6,0.0079449673434462,▁▁▂▁▃▁▁▁▂▁▁█▁▁▁▁,0.07,▉           
config nu,env,625,4,0.011443222237037802,▇▁▁▁▃▂▁▁▁▁▁█▁▁▁▁,0.07,▉           
zip,filters,193,7,0.006508821208296885,▅▁█▂▆▁▁▅▁▇▁▁▁▇▁▁,0.07,▉           
str contains,strings,260,6,0.007589287649809817,▂▃▁▂▁▁▁█▁▁▁▁▁▂▁▁,0.07,▉           
into binary,conversions,249,5,0.009016515976348605,▂▁█▁▁▁▁▁▁▁▁▁▅▁▁▁,0.07,▉           
format,strings,156,4,0.010530791962640198,▁▁▅▁▁▁▁▃▁▁▁█▁▁▁▁,0.07,▉           
env,,505,2,0.020563341761804202,▁▁█▁▁▁▁▁▁▁▁▁▁▁▁▁,0.07,▉           
into string,conversions,556,5,0.0080194874614588,█▃▄█▁▂▁▁▁▁▁▁▁▁▁▁,0.07,▉           
term size,platform,640,5,0.007736365133382617,█▁▄▁▁▁▁▁▃▁▁▁▁▁▁▁,0.07,▊           
from xml,formats,130,5,0.007720214773852525,▁▁▁▁█▁▁▂▁▁▁▁▁▁▁▁,0.07,▊           
return,core,109,5,0.007518995327272274,▁▁▂▃▁▁▁▁▁▁▁▁▁█▁▁,0.07,▊           
seq,generators,403,6,0.006132059142260838,█▁▆▇▁▁▁▁▁▁▁▁▁▂▁▁,0.07,▊           
items,filters,337,6,0.006121656035470405,▆▁▂▁▁▁▁▃▁█▁▁▁▁▁▁,0.07,▊           
sort,filters,441,5,0.007280299566236397,▆▆▁▂▁█▁▁▄▁▁▁▁▁▁▁,0.06,▊           
pwd,,413,5,0.007127391351164179,▅▄█▂▁▂▁▁▁▁▁▁▁▁▁▁,0.06,▊           
math sum,math,345,6,0.005891107099182499,▇▆▃▁█▁▁▁▁▁▁▁▁▁▁▁,0.06,▊           
from nuon,formats,177,4,0.008828250487836455,▂▂▁▁▁▁▁▁▁▁▁█▁▁▁▁,0.06,▊           
wrap,filters,551,5,0.0068559933586629105,█▁▅▂▁▁▁▃▁▁▁▁▁▁▁▁,0.06,▊           
url,network,110,2,0.01575080470095067,▁▁▂▁▁▁▁▁▁▁▁█▁▁▁▁,0.06,▊           
split chars,strings,277,4,0.007848987119902087,▄▁▄▂▁▁▁▁▁▁▁▁█▁▁▁,0.06,▊           
exec,system,35,4,0.007709023963437194,▁▁▁▁▁▁▁▂▁▁▁▁▁▁█▁,0.06,▊           
overlay use,core,874,3,0.01001559586366083,█▃▁▁▄▁▁▁▁▁▁▁▁▁▁▁,0.06,▊           
values,filters,475,5,0.0060017052398513085,█▅▃▁▁▁▁▁▂▁▁▁▁▂▁▁,0.06,▊           
export alias,core,266,3,0.009917763247090237,▁▁▁█▁▁▁▁▁▁▁▁▁▃▁▁,0.06,▊           
to md,formats,206,6,0.0048850119669628786,▅▆▄▂█▁▁▁▁▆▁▁▁▁▁▁,0.06,▊           
str length,strings,320,5,0.005745294687293928,▅▂█▄▁▁▁▁▁▁▁▁▁▁▁▁,0.06,▊           
collect,filters,194,4,0.006980168458953063,▂▁▂▁█▁▁▂▁▁▁▁▁▁▁▁,0.06,▋           
format date,strings,582,4,0.006843873258994471,█▅▁▄▁▁▁▁▁▁▁▁▁▂▁▁,0.06,▋           
view,debug,89,6,0.0045464594578027,▁▁▃▁█▁▁▁▅▁▁▁▁▁▁▁,0.06,▋           
clip,,160,4,0.006776874819711805,▁▁▁▁▁▁▁█▁▁▁▁▁▁▁▁,0.06,▋           
module,core,117,3,0.00816667450483923,▁▁▁▁█▁▁▁▁▁▁▁▁▁▁▁,0.05,▋           
nu-highlight,strings,134,5,0.004767269180324846,▃▁▂▁█▁▁▁▁▁▁▁▁▇▁▁,0.05,▋           
par-each,filters,736,3,0.007880061742233789,█▆▁▂▁▁▁▁▁▁▁▁▁▁▁▁,0.05,▋           
math avg,math,85,4,0.0053069792677967265,▁▁▁▂█▁▁▁▁▁▁▁▁▂▁▁,0.05,▋           
view source,debug,311,5,0.004201320459503598,██▁▁▁▁▁▁▁▁▁▁▁▄▁▁,0.05,▋           
path split,path,149,4,0.005149692146768395,▃▁▁▁▁▁▁▇▁▁█▁▁▁▁▁,0.05,▋           
const,core,52,4,0.005132473893869264,▁▁▁▂█▁▁▁▁▁▁▁▁▆▁▁,0.05,▋           
match,core,129,4,0.004915472733916605,▂▁▁▃▁▁▁▁▁▁▁▁▁█▁▁,0.05,▋           
to csv,formats,230,5,0.0039148310083629905,▃█▄▁▁▁▁▁▁▁▁▁▁▁▁▁,0.05,▋           
str collect,,138,2,0.009610888893494434,▁▁▂▁█▁▁▁▁▁▁▁▁▁▁▁,0.05,▋           
into duration,conversions,158,5,0.003829508243339717,▃▂█▂▁▁▁▁▁▁▁▁▁▂▁▁,0.05,▋           
export,core,106,3,0.00635334635086862,▁▁▁▁█▁▁▁▄▁▁▁▁▁▁▁,0.05,▋           
to yaml,formats,758,3,0.0060176755983535135,█▁▁▁▁▁▁▁▁▁▁▁▁▁▁▁,0.05,▌           
polars,dataframe,2305,1,0.01760724761671963,█▁▁▁▁▁▁▁▁▁▁▁▁▁▁▁,0.05,▌           
window,filters,251,4,0.004306879213078792,█▄▇▁▁▁▁█▁▁▁▁▁▁▁▁,0.04,▌           
from ssv,formats,149,4,0.004257723141448962,▁▅█▇▁▁▁▁▁▁▁▁▁▁▁▁,0.04,▌           
scope commands,core,103,5,0.003356464587375261,▃▂▁▃▁▁▁▁▁▁▁▁▁█▁▁,0.04,▌           
group,,103,5,0.0032918945055840335,▁▃▆▁▁▁▁▁█▁▁▁▁▁▁▁,0.04,▌           
path dirname,path,64,5,0.003239450582728967,▂▁▃▂▁▁▁▁▁▁█▁▁▁▁▁,0.04,▌           
join,filters,408,4,0.00401712325339085,█▃▃▁▁▁▁▁▁▁▁▁▁▁▁▁,0.04,▌           
while,core,91,5,0.003175351694944712,▁▃█▂▁▁▁▆▁▁▁▁▁▁▁▁,0.04,▌           
histogram,chart,65,4,0.0037563328837842444,▁▁▂▁█▁▁▁▁▁▁▁▁▁▁▁,0.04,▌           
ansi strip,platform,400,3,0.004972217732918451,█▁▇▂▁▁▁▁▁▁▁▁▁▁▁▁,0.04,▌           
overlay list,core,92,4,0.003516938699319985,▂▁▁▁█▁▁▁▁▁▁▁▁▁▁▁,0.04,▌           
str,strings,130,6,0.002326007280774483,▅█▁▇▁▂▂▁█▁▁▁▁▁▁▁,0.04,▌           
date format,removed,183,3,0.004508071274687643,▂▃█▁▁▁▁▁▁▁▁▁▁▁▁▁,0.04,▌           
export module,core,21,3,0.004278419121630623,▁▁▁▂▁▁▁▁▁▁▁▁▁█▁▁,0.04,▌           
loop,core,82,5,0.002563475893877643,▁▁▃▁▁█▁▁▁▁▁▁▁▃▁▁,0.04,▌           
inspect,debug,177,3,0.00408442764222355,▅▁▆▁▁▁▁▁▁▁█▁▁▁▁▁,0.04,▌           
path exists,path,165,4,0.0030147408208807728,▆▁▅█▁▁▁▄▁▁▁▁▁▁▁▁,0.04,▌           
path basename,path,218,4,0.002965860172085276,█▁▁▃▁▂▁▆▁▁▁▁▁▁▁▁,0.04,▌           
path relative-to,path,75,5,0.0022884464746161445,▃▁▁▂▇▁▁█▁▁▁▁▁▁▁▁,0.04,▍           
keybindings,platform,76,4,0.0027938579944216573,▁▁█▁▁▁▁▃▁▁▁▁▁▁▁▁,0.04,▍           
touch,filesystem,108,5,0.0021926396266285664,▄▅▁▁▁▄▁█▁▁▁▁▁▁▁▁,0.04,▍           
from yaml,formats,423,3,0.003541611458105258,█▂▁▁▁▁▁▁▁▁▁▁▁▁▁▁,0.04,▍           
move,filters,165,4,0.0026437238980961566,▅█▁▁▁▁▁▆▁▁▁▁▁▁▁▁,0.03,▍           
with-env,env,95,4,0.0025980933907166362,▁▁▁▁▁█▁▃▁▁▁▁▁▁▁▁,0.03,▍           
skip until,filters,210,4,0.0025615153251652483,█▁▁▁▁▁▁▆▁▁▁▁▁▁▁▁,0.03,▍           
break,core,47,6,0.0016532575669108058,▁▁█▃▁▃▁▆▁▁▁▁▁▁▁▁,0.03,▍           
each while,filters,30,2,0.004950901522330452,▁▁▁▁▁▁▁▁▁▁▁█▁▁▁▁,0.03,▍           
schema,database,64,4,0.0024555620775272135,▁▂█▁▁▁▁▁▇▁▁▁▁▁▁▁,0.03,▍           
date,date,53,5,0.0018617937875184982,▁▂█▁▁▁▁▁▁▁▁▁▁▁▁▁,0.03,▍           
range,filters,71,4,0.002009654607545803,▁▅█▇▁▄▁▁▁▁▁▁▁▁▁▁,0.03,▍           
path type,path,52,4,0.001996532716178682,▂▁▁▁▁▁▁█▁▁▁▁▁▃▁▁,0.03,▍           
keybindings listen,platform,77,4,0.0019338181838845514,▂▆█▁▁▁▁▆▁▁▁▁▁▁▁▁,0.03,▍           
enter,,59,2,0.0038523633866975418,▁▁▁▁█▂▁▁▁▁▁▁▁▁▁▁,0.03,▍           
detect columns,strings,50,4,0.0019156498644161716,▁▁█▁▁▁▁▁▁▁▁▁▁▁▁▁,0.03,▍           
export-env,env,38,4,0.0019004694930101612,▂▁▁▄▁▁▁▁▁▁▁▁▁█▁▁,0.03,▍           
into decimal,,52,2,0.003690389836480073,▁▁▂▁█▁▁▁▁▁▁▁▁▁▁▁,0.03,▍           
hide,core,34,4,0.0017804925334590238,▁▁▅▁█▁▁▁▁▁▁▁▁▁▁▁,0.03,▍           
math abs,math,46,3,0.0023565869943724524,▁▁▁▂█▁▁▁▁▁▁▁▁▁▁▁,0.03,▍           
to tsv,formats,86,4,0.0016908352401190138,▃▇█▁▁▁▁▁▁▁▁▁▁▁▁▁,0.03,▍           
tutor,misc,13,2,0.0028767974359575365,▁▁▁▁▁▁▁▁▁▁▁█▁▁▁▁,0.03,▎           
into float,conversions,152,3,0.0018717879990754168,█▁▁▄▁▁▁▁▁▁▁▁▁▄▁▁,0.03,▎           
config env,env,122,3,0.0018389304628414543,▇▁▁▁█▂▁▁▁▁▁▁▁▁▁▁,0.03,▎           
dfr filter,,25,1,0.005351027397260274,▁▁▁▁▁▁▁▁▁▁▁▁█▁▁▁,0.02,▎           
kill,platform,33,4,0.0013337028058747465,▁▁▁▁▁▁▁█▁▁▁▁▁▁▁▁,0.02,▎           
overlay hide,core,188,2,0.0026494573824753604,█▁▁▁█▁▁▁▁▁▁▁▁▁▁▁,0.02,▎           
scope,core,34,4,0.0013236327493655023,▁▁▁▁▁▁▁▁█▁▁▁▁▁▁▁,0.02,▎           
shuffle,filters,130,2,0.002551743322584078,▁█▁▁▁▁▁▁▁▁▁▁▁▁▁▁,0.02,▎           
str upcase,strings,155,3,0.001638502366874046,█▁▁▂▁▁▁▁▁▁▁▁▁▃▁▁,0.02,▎           
uniq-by,filters,192,3,0.0016064224689465766,█▂▁▁▁▁▁▁▁▁▁▁▁▁▁▁,0.02,▎           
math max,math,133,3,0.0015985514406134504,█▁▁▃▁▁▁▁▁▁▁▁▁▄▁▁,0.02,▎           
is-not-empty,filters,48,3,0.0015897647877998397,▁▁▁█▁▁▁▁▁▁▁▁▁▃▁▁,0.02,▎           
seq date,generators,90,3,0.0015731626171290095,▄▁█▂▁▁▁▁▁▁▁▁▁▁▁▁,0.02,▎           
math eval,,16,1,0.0045662100456621,▁▁▁▁▁▁▁▁▁▁▁█▁▁▁▁,0.02,▎           
str downcase,strings,30,4,0.0011413656057329303,▁▃▁█▁▁▁▁▁▁▁▁▁▆▁▁,0.02,▎           
take while,filters,31,4,0.0011310423741689084,▁▂▁▁▁▁▁█▁▁▁▁▁▁▁▁,0.02,▎           
query web,,105,1,0.00430327868852459,▁▁█▁▁▁▁▁▁▁▁▁▁▁▁▁,0.02,▎           
math round,math,216,2,0.0021410167642533116,█▁▁▄▁▁▁▁▁▁▁▁▁▁▁▁,0.02,▎           
split list,filters,108,4,0.001043921910099293,█▃▁▂▁▂▁▁▁▁▁▁▁▁▁▁,0.02,▎           
date to-timezone,date,14,4,0.0010215389452722689,▁▁▁▂▁▂▁▁▁▁▁▁▁█▁▁,0.02,▎           
keybindings list,platform,59,4,0.0009629850553199451,▅▃█▁▁▁▁▁▁▁▁▁▁▁▁▁,0.02,▎           
scope modules,core,63,3,0.001279551592523926,▅▁▁▁▁▁▁▁▁▁▁▁▁█▁▁,0.02,▎           
compact,filters,69,3,0.0012793699655267317,▄▁█▂▁▁▁▁▁▁▁▁▁▁▁▁,0.02,▎           
load-env,filesystem,20,4,0.0009180211954228983,▁▁▁█▁▁▁▁▁▁▁▁▁▇▁▁,0.02,▎           
dfr col,,17,1,0.003638698630136986,▁▁▁▁▁▁▁▁▁▁▁▁█▁▁▁,0.02,▎           
str expand,strings,54,3,0.0011825303682875639,▁▁▁▁▁█▁▁▁▁▁▁▁▁▁▁,0.02,▎           
decode base64,formats,34,3,0.00117873923273063,▁▁█▂▁▁▁▁▁▁▁▁▁▁▁▁,0.02,▎           
date to-record,date,9,4,0.0008789045834882165,▁▁▁▁▁▁▁▁▁▁▁▁▁█▁▁,0.02,▎           
ast,debug,224,2,0.0017466045607686968,█▁▁▁▁▁▁▁▁▁▁▁▁▁▁▁,0.02,▎           
dfr contains,,16,1,0.003424657534246575,▁▁▁▁▁▁▁▁▁▁▁▁█▁▁▁,0.02,▎           
query db,database,90,3,0.0011188500546708915,██▁▅▁▁▁▁▁▁▁▁▁▁▁▁,0.02,▎           
cal,generators,46,2,0.0016518316897147277,▁▁█▁▁▁▁▁▁▁▁▁▁▁▁▁,0.02,▎           
random int,random,114,3,0.0011008342974981916,█▂▁▃▁▁▁▁▁▁▁▁▁▁▁▁,0.02,▎           
stor open,database,104,2,0.001647182154611028,▂█▁▁▁▁▁▁▁▁▁▁▁▁▁▁,0.02,▎           
math min,math,80,3,0.0010869485805409533,█▁▁▂▁▁▁▁▁▁▁▁▁▆▁▁,0.02,▎           
decode hex,formats,11,1,0.003139269406392694,▁▁▁▁▁▁▁▁▁▁▁█▁▁▁▁,0.02,▎           
math,math,104,3,0.0009984219572321603,█▁▁▄▁▁▁▁▁▁▁▁▁▁▁▁,0.02,▎           
query,,26,3,0.000984249929942823,▁▁█▂▁▁▁▁▁▁▁▁▁▁▁▁,0.02,▎           
math ceil,math,42,3,0.0009757292139353894,▃▁█▁▁▁▁▁▁▁▁▁▁▁▁▁,0.02,▎           
view files,debug,24,4,0.0007285403687544819,▂▁█▁▁▁▁▁▁▁▁▁▁▁▁▁,0.02,▎           
headers,filters,56,3,0.0009466524047876442,▅▁█▃▁▁▁▁▁▁▁▁▁▁▁▁,0.02,▎           
bytes at,bytes,68,1,0.0027868852459016396,▁▁█▁▁▁▁▁▁▁▁▁▁▁▁▁,0.02,▎           
input list,platform,82,3,0.0009251207321721021,█▄▁▅▁▁▁▁▁▁▁▁▁▁▁▁,0.02,▎           
http post,network,46,2,0.0013821194562234887,▃▁▁▁▁▁▁▁▁█▁▁▁▁▁▁,0.02,▎           
scope aliases,core,7,3,0.0009102937318320425,▁▁▁▁▁▂▁▁▁▁▁▁▁█▁▁,0.02,▎           
grid,viewers,61,2,0.0013329289403769171,▃▁█▁▁▁▁▁▁▁▁▁▁▁▁▁,0.02,▎           
dfr filter-with,,12,1,0.0025684931506849314,▁▁▁▁▁▁▁▁▁▁▁▁█▁▁▁,0.02,▎           
overlay new,core,21,2,0.0012310409115504695,▁▁▁▁█▁▁▁▁▁▁▁▁▁▁▁,0.02,▎           
random chars,random,61,3,0.0008119266030831945,▅█▁▃▁▁▁▁▁▁▁▁▁▁▁▁,0.02,▎           
gstat,,30,2,0.001193523981872928,▁▁█▂▁▁▁▁▁▁▁▁▁▁▁▁,0.02,▎           
dfr get,,11,1,0.0023544520547945204,▁▁▁▁▁▁▁▁▁▁▁▁█▁▁▁,0.02,▎           
view span,debug,86,3,0.0007676744003101989,█▁▁▁▁▂▁▁▁▁▁▁▁▁▁▁,0.02,▎           
ansi gradient,platform,297,1,0.002268699584453679,█▁▁▁▁▁▁▁▁▁▁▁▁▁▁▁,0.02,▎           
random integer,,10,1,0.0021404109589041095,▁▁▁▁▁▁▁▁▁▁▁▁█▁▁▁,0.02,▎           
math stddev,math,35,3,0.0006791557718550692,▅▁▁▂▁▁▁▁▁▁▁▁▁█▁▁,0.02,▏           
split words,strings,19,3,0.0006627203559797806,▁▁█▁▁▁▁▁▁▁▁▁▁▁▁▁,0.02,▏           
take until,filters,116,2,0.0009074415693256703,█▁▁▁▁▁▁▁▁▁▁▁▁▁▁▁,0.01,▏           
column,,44,1,0.0018032786885245902,▁▁█▁▁▁▁▁▁▁▁▁▁▁▁▁,0.01,▏           
help operators,core,33,2,0.0008856305925442094,▂▁█▁▁▁▁▁▁▁▁▁▁▁▁▁,0.01,▏           
keybindings default,platform,27,3,0.0005848830028656654,▃▁█▁▁▁▁▁▁▁▁▁▁▁▁▁,0.01,▏           
dfr group-by,,22,1,0.001738305941845765,▁▁▁▁█▁▁▁▁▁▁▁▁▁▁▁,0.01,▏           
export extern,core,20,4,0.0004200100009250181,▂▇▁▂▁█▁▁▁▁▁▁▁▁▁▁,0.01,▏           
input listen,platform,7,2,0.000834371939646918,▁▁▁▁▁▁▁▁▁▁▁▁▁█▁▁,0.01,▏           
dfr as,,20,1,0.0015802781289506952,▁▁▁▁█▁▁▁▁▁▁▁▁▁▁▁,0.01,▏           
into filesize,conversions,18,3,0.0005136461169603836,▂▁█▂▁▁▁▁▁▁▁▁▁▁▁▁,0.01,▏           
bytes length,bytes,19,2,0.0007666937863073694,▁▁█▁▁▁▁▁▁▁▁▁▁▁▁▁,0.01,▏           
dfr agg,,19,1,0.0015012642225031606,▁▁▁▁█▁▁▁▁▁▁▁▁▁▁▁,0.01,▏           
math floor,math,81,2,0.0007254869959805883,█▁▁▃▁▁▁▁▁▁▁▁▁▁▁▁,0.01,▏           
scope variables,core,86,2,0.0006782799951384299,█▁▁▁▁▁▁▁▁▁▁▁▁▁▁▁,0.01,▏           
math sqrt,math,73,2,0.0006430270937289828,█▁▁▃▁▁▁▁▁▁▁▁▁▁▁▁,0.01,▏           
bytes index-of,bytes,17,2,0.0005966866492220027,▁▁█▁▁▁▁▁▁▁▁▁▁▁▁▁,0.01,▏           
fetch,,156,1,0.0011916401857736494,█▁▁▁▁▁▁▁▁▁▁▁▁▁▁▁,0.01,▏           
dfr sort-by,,14,1,0.0011061946902654867,▁▁▁▁█▁▁▁▁▁▁▁▁▁▁▁,0.01,▏           
def-env,,14,2,0.0005404256043854763,▁▁█▁▁▁▁▁▁▁▁▁▁▁▁▁,0.01,▏           
debug profile,debug,140,1,0.0010694206795404547,█▁▁▁▁▁▁▁▁▁▁▁▁▁▁▁,0.01,▏           
str stats,strings,63,2,0.0005025894549282125,█▁▁▁▁▁▁▁▁▁▁▁▁▁▁▁,0.01,▏           
hash sha256,hash,58,2,0.00048574600836534694,█▁▁▂▁▁▁▁▁▁▁▁▁▁▁▁,0.01,▏           
format duration,strings,53,2,0.0004689025618024815,█▁▁▃▁▁▁▁▁▁▁▁▁▁▁▁,0.01,▏           
random,random,53,2,0.0004640712369040732,█▃▁▁▁▁▁▁▁▁▁▁▁▁▁▁,0.01,▏           
export use,core,17,2,0.00045011046239788776,▁▁▁█▁▁▁▁▁▁▁▁▁▁▁▁,0.01,▏           
help aliases,core,12,2,0.00042511350385291986,▁▁█▁▁▁▁▁▁▁▁▁▁▁▁▁,0.01,▏           
math log,math,49,2,0.00041699753610917485,█▁▁▂▁▁▁▁▁▁▁▁▁▁▁▁,0.01,▏           
str ends-with,strings,14,3,0.0002682369364004237,▃▂▁█▁▁▁▁▁▁▁▁▁▁▁▁,0.01,▏           
split,strings,15,3,0.00026642437146386924,▃▅▁▁▁█▁▁▁▁▁▁▁▁▁▁,0.01,▏           
stor insert,database,36,2,0.00039343213403791915,██▁▁▁▁▁▁▁▁▁▁▁▁▁▁,0.01,▏           
str index-of,strings,26,3,0.0002587183769597835,█▁▁▃▁▂▁▁▁▁▁▁▁▁▁▁,0.01,▏           
to toml,formats,44,2,0.0003597912911439319,█▂▁▁▁▁▁▁▁▁▁▁▁▁▁▁,0.01,▏           
query xml,,17,1,0.0006967213114754099,▁▁█▁▁▁▁▁▁▁▁▁▁▁▁▁,0.01,▏           
bytes,bytes,17,1,0.0006967213114754099,▁▁█▁▁▁▁▁▁▁▁▁▁▁▁▁,0.01,▏           
example,,91,1,0.0006951234417012955,█▁▁▁▁▁▁▁▁▁▁▁▁▁▁▁,0.01,▏           
test,,26,2,0.0003267075924389889,▇▁▁█▁▁▁▁▁▁▁▁▁▁▁▁,0.01,▏           
random uuid,random,37,2,0.00032533290643427877,█▁▁▃▁▁▁▁▁▁▁▁▁▁▁▁,0.01,▏           
commandline edit,core,84,1,0.0006416524077242728,█▁▁▁▁▁▁▁▁▁▁▁▁▁▁▁,0.01,▏           
json,,84,1,0.0006416524077242728,█▁▁▁▁▁▁▁▁▁▁▁▁▁▁▁,0.01,▏           
update cells,filters,39,2,0.0003192601955784203,█▁▁▂▁▁▁▁▁▁▁▁▁▁▁▁,0.01,▏           
hide-env,core,22,1,0.0006377551020408163,▁▁▁█▁▁▁▁▁▁▁▁▁▁▁▁,0.01,▏           
str capitalize,strings,36,2,0.0003176941872947041,█▁▁▃▁▁▁▁▁▁▁▁▁▁▁▁,0.01,▏           
continue,core,25,2,0.0003107462121900489,▁▁▁▅▁▁█▁▁▁▁▁▁▁▁▁,0.01,▏           
random float,random,34,2,0.0003024167490155547,█▁▁▃▁▁▁▁▁▁▁▁▁▁▁▁,0.01,▏           
from toml,formats,19,3,0.00019017346178957289,█▃▁▃▁▁▁▁▁▁▁▁▁▁▁▁,0.01,▏           
dfr into-df,,13,1,0.0005327868852459017,▁▁█▁▁▁▁▁▁▁▁▁▁▁▁▁,0.01,▏           
explain,debug,32,2,0.00025628283696771273,█▂▁▁▁▁▁▁▁▁▁▁▁▁▁▁,0.01,▏           
date humanize,date,15,3,0.00016752364165841552,█▆▁▁▁▃▁▁▁▁▁▁▁▁▁▁,0.01,▏           
into glob,conversions,13,2,0.000248754392759526,▃▁▁█▁▁▁▁▁▁▁▁▁▁▁▁,0.01,▏           
stor create,database,23,2,0.000246753487218156,█▇▁▁▁▁▁▁▁▁▁▁▁▁▁▁,0.01,▏           
help modules,core,64,1,0.0004888780249327792,█▁▁▁▁▁▁▁▁▁▁▁▁▁▁▁,0.01,▏           
history session,history,29,2,0.00024287300418267347,█▁▁▂▁▁▁▁▁▁▁▁▁▁▁▁,0.01,▏           
math median,math,63,1,0.0004812393057932046,█▁▁▁▁▁▁▁▁▁▁▁▁▁▁▁,0.01,▏           
mktemp,filesystem,25,2,0.0002336682767593827,█▁▁▃▁▁▁▁▁▁▁▁▁▁▁▁,0.01,▏           
watch,filesystem,16,2,0.00022668779259815155,▅▁▁▁▁█▁▁▁▁▁▁▁▁▁▁,0.01,▏           
generate,generators,58,1,0.0004430457100953312,█▁▁▁▁▁▁▁▁▁▁▁▁▁▁▁,0.01,▏           
list,,9,2,0.0002181995162012273,▂▁▁█▁▁▁▁▁▁▁▁▁▁▁▁,0.01,▏           
math product,math,24,2,0.0002046794084848001,█▁▁▂▁▁▁▁▁▁▁▁▁▁▁▁,0.01,▏           
view-source,,20,2,0.0001741245319265014,█▁▁▂▁▁▁▁▁▁▁▁▁▁▁▁,0.01,▏           
hello,,10,2,0.0001711377874063314,▂█▁▁▁▁▁▁▁▁▁▁▁▁▁▁,0.01,▏           
random dice,random,9,3,0.00011378627039382613,█▇▁▅▁▁▁▁▁▁▁▁▁▁▁▁,0.01,▏           
is-admin,core,6,2,0.0001699944415733136,▁▁▁█▁▂▁▁▁▁▁▁▁▁▁▁,0.01,▏           
into bool,conversions,7,3,0.00010964394523368286,▅▁▁▅▁█▁▁▁▁▁▁▁▁▁▁,0.01,▏           
plugin add,plugin,43,1,0.0003284649230017111,█▁▁▁▁▁▁▁▁▁▁▁▁▁▁▁,0.01,▏           
str distance,strings,18,2,0.00015884709364735204,█▁▁▃▁▁▁▁▁▁▁▁▁▁▁▁,0.01,▏           
help escapes,core,35,1,0.00026735516988511367,█▁▁▁▁▁▁▁▁▁▁▁▁▁▁▁,0.01,▏           
stor,database,8,2,0.00013217270012453588,▂█▁▁▁▁▁▁▁▁▁▁▁▁▁▁,0.01,▏           
nu-check,strings,34,1,0.000259716450745539,█▁▁▁▁▁▁▁▁▁▁▁▁▁▁▁,0.01,▏           
benchmark,,30,1,0.00022916157418724029,█▁▁▁▁▁▁▁▁▁▁▁▁▁▁▁,0.01,            
stor reset,database,12,2,0.00010350845417621919,█▃▁▁▁▁▁▁▁▁▁▁▁▁▁▁,0,            
build-string,,5,2,0.00010224404310289703,▂▁▁█▁▁▁▁▁▁▁▁▁▁▁▁,0,            
format pattern,strings,10,2,0.00009773734053075465,█▁▁▄▁▁▁▁▁▁▁▁▁▁▁▁,0,            
rotate,filters,7,2,0.0000961713322470385,▆▁▁█▁▁▁▁▁▁▁▁▁▁▁▁,0,            
stor update,database,9,2,0.00009243612125881825,█▆▁▁▁▁▁▁▁▁▁▁▁▁▁▁,0,            
to msgpackz,formats,22,1,0.00016805182107064288,█▁▁▁▁▁▁▁▁▁▁▁▁▁▁▁,0,            
agg,,22,1,0.00016805182107064288,█▁▁▁▁▁▁▁▁▁▁▁▁▁▁▁,0,            
inc,,8,2,0.00008245990225160529,█▁▁▅▁▁▁▁▁▁▁▁▁▁▁▁,0,            
drop column,filters,6,2,0.00008136378834141729,▄█▁▁▁▁▁▁▁▁▁▁▁▁▁▁,0,            
to msgpack,formats,21,1,0.0001604131019310682,█▁▁▁▁▁▁▁▁▁▁▁▁▁▁▁,0,            
encode hex,formats,21,1,0.0001604131019310682,█▁▁▁▁▁▁▁▁▁▁▁▁▁▁▁,0,            
shells,,3,2,0.00007908906867538416,▁▁▁▅▁█▁▁▁▁▁▁▁▁▁▁,0,            
std,,18,1,0.00013749694451234418,█▁▁▁▁▁▁▁▁▁▁▁▁▁▁▁,0,            
encode base64,formats,6,2,0.00006718246397245594,█▁▁▆▁▁▁▁▁▁▁▁▁▁▁▁,0,            
stor delete,database,4,2,0.00006608635006226794,▂█▁▁▁▁▁▁▁▁▁▁▁▁▁▁,0,            
random bool,random,3,2,0.0000656164556887398,▂▁▁█▁▁▁▁▁▁▁▁▁▁▁▁,0,            
plugin list,plugin,16,1,0.0001222195062331948,█▁▁▁▁▁▁▁▁▁▁▁▁▁▁▁,0,            
str camel-case,strings,4,1,0.00011595547309833024,▁▁▁█▁▁▁▁▁▁▁▁▁▁▁▁,0,            
sum,,15,1,0.00011458078709362014,█▁▁▁▁▁▁▁▁▁▁▁▁▁▁▁,0,            
open-df,,14,1,0.00010694206795404546,█▁▁▁▁▁▁▁▁▁▁▁▁▁▁▁,0,            
view ir,debug,13,1,0.00009930334881447079,█▁▁▁▁▁▁▁▁▁▁▁▁▁▁▁,0,            
tee,filters,13,1,0.00009930334881447079,█▁▁▁▁▁▁▁▁▁▁▁▁▁▁▁,0,            
value-counts,,12,1,0.00009166462967489611,█▁▁▁▁▁▁▁▁▁▁▁▁▁▁▁,0,            
plugin,plugin,3,2,0.000044266306553731916,▅▁▁█▁▁▁▁▁▁▁▁▁▁▁▁,0,            
into cell-path,conversions,3,2,0.000044266306553731916,▅▁▁█▁▁▁▁▁▁▁▁▁▁▁▁,0,            
drop nth,filters,3,2,0.000044266306553731916,▅▁▁█▁▁▁▁▁▁▁▁▁▁▁▁,0,            
math arctan,math,3,1,0.00008696660482374768,▁▁▁█▁▁▁▁▁▁▁▁▁▁▁▁,0,            
post,,3,1,0.00008696660482374768,▁▁▁█▁▁▁▁▁▁▁▁▁▁▁▁,0,            
dot,,11,1,0.00008402591053532144,█▁▁▁▁▁▁▁▁▁▁▁▁▁▁▁,0,            
hash md5,hash,10,1,0.00007638719139574676,█▁▁▁▁▁▁▁▁▁▁▁▁▁▁▁,0,            
skip while,filters,2,2,0.00003662758741415723,▃▁▁█▁▁▁▁▁▁▁▁▁▁▁▁,0,            
url build-query,network,2,1,0.00005797773654916512,▁▁▁█▁▁▁▁▁▁▁▁▁▁▁▁,0,            
split-by,filters,7,1,0.00005347103397702273,█▁▁▁▁▁▁▁▁▁▁▁▁▁▁▁,0,            
type,,7,1,0.00005347103397702273,█▁▁▁▁▁▁▁▁▁▁▁▁▁▁▁,0,            
plugin use,plugin,6,1,0.000045832314837448054,█▁▁▁▁▁▁▁▁▁▁▁▁▁▁▁,0,            
md5,,6,1,0.000045832314837448054,█▁▁▁▁▁▁▁▁▁▁▁▁▁▁▁,0,            
fn,,6,1,0.000045832314837448054,█▁▁▁▁▁▁▁▁▁▁▁▁▁▁▁,0,            
stor import,database,5,1,0.00003819359569787338,█▁▁▁▁▁▁▁▁▁▁▁▁▁▁▁,0,            
roll up,filters,5,1,0.00003819359569787338,█▁▁▁▁▁▁▁▁▁▁▁▁▁▁▁,0,            
to html,formats,5,1,0.00003819359569787338,█▁▁▁▁▁▁▁▁▁▁▁▁▁▁▁,0,            
col,,5,1,0.00003819359569787338,█▁▁▁▁▁▁▁▁▁▁▁▁▁▁▁,0,            
sys host,system,4,1,0.0000305548765582987,█▁▁▁▁▁▁▁▁▁▁▁▁▁▁▁,0,            
sys cpu,system,4,1,0.0000305548765582987,█▁▁▁▁▁▁▁▁▁▁▁▁▁▁▁,0,            
commandline set-cursor,core,4,1,0.0000305548765582987,█▁▁▁▁▁▁▁▁▁▁▁▁▁▁▁,0,            
bytes add,bytes,1,1,0.00002898886827458256,▁▁▁█▁▁▁▁▁▁▁▁▁▁▁▁,0,            
format filesize,strings,1,1,0.00002898886827458256,▁▁▁█▁▁▁▁▁▁▁▁▁▁▁▁,0,            
str kebab-case,strings,1,1,0.00002898886827458256,▁▁▁█▁▁▁▁▁▁▁▁▁▁▁▁,0,            
set,,1,1,0.00002898886827458256,▁▁▁█▁▁▁▁▁▁▁▁▁▁▁▁,0,            
from msgpackz,formats,3,1,0.000022916157418724027,█▁▁▁▁▁▁▁▁▁▁▁▁▁▁▁,0,            
plugin rm,plugin,3,1,0.000022916157418724027,█▁▁▁▁▁▁▁▁▁▁▁▁▁▁▁,0,            
whoami,platform,3,1,0.000022916157418724027,█▁▁▁▁▁▁▁▁▁▁▁▁▁▁▁,0,            
into value,filters,3,1,0.000022916157418724027,█▁▁▁▁▁▁▁▁▁▁▁▁▁▁▁,0,            
debug info,debug,3,1,0.000022916157418724027,█▁▁▁▁▁▁▁▁▁▁▁▁▁▁▁,0,            
seq char,generators,3,1,0.000022916157418724027,█▁▁▁▁▁▁▁▁▁▁▁▁▁▁▁,0,            
drop-duplicates,,3,1,0.000022916157418724027,█▁▁▁▁▁▁▁▁▁▁▁▁▁▁▁,0,            
as,,3,1,0.000022916157418724027,█▁▁▁▁▁▁▁▁▁▁▁▁▁▁▁,0,            
source-env,core,1,1,0.000019482543640897755,▁█▁▁▁▁▁▁▁▁▁▁▁▁▁▁,0,            
to xml,formats,1,1,0.000019482543640897755,▁█▁▁▁▁▁▁▁▁▁▁▁▁▁▁,0,            
from yml,formats,1,1,0.000019482543640897755,▁█▁▁▁▁▁▁▁▁▁▁▁▁▁▁,0,            
metadata set,debug,2,1,0.00001527743827914935,█▁▁▁▁▁▁▁▁▁▁▁▁▁▁▁,0,            
into bits,conversions,2,1,0.00001527743827914935,█▁▁▁▁▁▁▁▁▁▁▁▁▁▁▁,0,            
math exp,math,2,1,0.00001527743827914935,█▁▁▁▁▁▁▁▁▁▁▁▁▁▁▁,0,            
url join,network,2,1,0.00001527743827914935,█▁▁▁▁▁▁▁▁▁▁▁▁▁▁▁,0,            
into sqlite,conversions,2,1,0.00001527743827914935,█▁▁▁▁▁▁▁▁▁▁▁▁▁▁▁,0,            
with-column,,2,1,0.00001527743827914935,█▁▁▁▁▁▁▁▁▁▁▁▁▁▁▁,0,            
roll down,filters,2,1,0.00001527743827914935,█▁▁▁▁▁▁▁▁▁▁▁▁▁▁▁,0,            
date to-table,date,2,1,0.00001527743827914935,█▁▁▁▁▁▁▁▁▁▁▁▁▁▁▁,0,            
..,,2,1,0.00001527743827914935,█▁▁▁▁▁▁▁▁▁▁▁▁▁▁▁,0,            
chunks,filters,1,1,0.000007638719139574676,█▁▁▁▁▁▁▁▁▁▁▁▁▁▁▁,0,            
sys mem,system,1,1,0.000007638719139574676,█▁▁▁▁▁▁▁▁▁▁▁▁▁▁▁,0,            
from msgpack,formats,1,1,0.000007638719139574676,█▁▁▁▁▁▁▁▁▁▁▁▁▁▁▁,0,            
uname,system,1,1,0.000007638719139574676,█▁▁▁▁▁▁▁▁▁▁▁▁▁▁▁,0,            
plugin stop,plugin,1,1,0.000007638719139574676,█▁▁▁▁▁▁▁▁▁▁▁▁▁▁▁,0,            
ulimit,platform,1,1,0.000007638719139574676,█▁▁▁▁▁▁▁▁▁▁▁▁▁▁▁,0,            
http options,network,1,1,0.000007638719139574676,█▁▁▁▁▁▁▁▁▁▁▁▁▁▁▁,0,            
scope engine-stats,core,1,1,0.000007638719139574676,█▁▁▁▁▁▁▁▁▁▁▁▁▁▁▁,0,            
help externs,core,1,1,0.000007638719139574676,█▁▁▁▁▁▁▁▁▁▁▁▁▁▁▁,0,            
config reset,env,1,1,0.000007638719139574676,█▁▁▁▁▁▁▁▁▁▁▁▁▁▁▁,0,            
hash,hash,1,1,0.000007638719139574676,█▁▁▁▁▁▁▁▁▁▁▁▁▁▁▁,0,            
unfold,,1,1,0.000007638719139574676,█▁▁▁▁▁▁▁▁▁▁▁▁▁▁▁,0,            
slice,,1,1,0.000007638719139574676,█▁▁▁▁▁▁▁▁▁▁▁▁▁▁▁,0,            
lit,,1,1,0.000007638719139574676,█▁▁▁▁▁▁▁▁▁▁▁▁▁▁▁,0,            
as-datetime,,1,1,0.000007638719139574676,█▁▁▁▁▁▁▁▁▁▁▁▁▁▁▁,0,            
polars unnest,,0,0,0,▁▁▁▁▁▁▁▁▁▁▁▁▁▁▁▁,0,            
url split-query,network,0,0,0,▁▁▁▁▁▁▁▁▁▁▁▁▁▁▁▁,0,            
history import,history,0,0,0,▁▁▁▁▁▁▁▁▁▁▁▁▁▁▁▁,0,            
polars profile,dataframe,0,0,0,▁▁▁▁▁▁▁▁▁▁▁▁▁▁▁▁,0,            
polars len,dataframe,0,0,0,▁▁▁▁▁▁▁▁▁▁▁▁▁▁▁▁,0,            
polars concat,dataframe,0,0,0,▁▁▁▁▁▁▁▁▁▁▁▁▁▁▁▁,0,            
polars str-join,dataframe,0,0,0,▁▁▁▁▁▁▁▁▁▁▁▁▁▁▁▁,0,            
polars integer,dataframe,0,0,0,▁▁▁▁▁▁▁▁▁▁▁▁▁▁▁▁,0,            
polars decimal,dataframe,0,0,0,▁▁▁▁▁▁▁▁▁▁▁▁▁▁▁▁,0,            
split cell-path,conversions,0,0,0,▁▁▁▁▁▁▁▁▁▁▁▁▁▁▁▁,0,            
metadata access,debug,0,0,0,▁▁▁▁▁▁▁▁▁▁▁▁▁▁▁▁,0,            
encode base32hex,formats,0,0,0,▁▁▁▁▁▁▁▁▁▁▁▁▁▁▁▁,0,            
encode base32,formats,0,0,0,▁▁▁▁▁▁▁▁▁▁▁▁▁▁▁▁,0,            
decode base32hex,formats,0,0,0,▁▁▁▁▁▁▁▁▁▁▁▁▁▁▁▁,0,            
decode base32,formats,0,0,0,▁▁▁▁▁▁▁▁▁▁▁▁▁▁▁▁,0,            
polars save,lazyframe,0,0,0,▁▁▁▁▁▁▁▁▁▁▁▁▁▁▁▁,0,            
to plist,,0,0,0,▁▁▁▁▁▁▁▁▁▁▁▁▁▁▁▁,0,            
from plist,,0,0,0,▁▁▁▁▁▁▁▁▁▁▁▁▁▁▁▁,0,            
example ctrlc,,0,0,0,▁▁▁▁▁▁▁▁▁▁▁▁▁▁▁▁,0,            
random binary,random,0,0,0,▁▁▁▁▁▁▁▁▁▁▁▁▁▁▁▁,0,            
query webpage-info,,0,0,0,▁▁▁▁▁▁▁▁▁▁▁▁▁▁▁▁,0,            
polars unpivot,dataframe,0,0,0,▁▁▁▁▁▁▁▁▁▁▁▁▁▁▁▁,0,            
polars pivot,dataframe,0,0,0,▁▁▁▁▁▁▁▁▁▁▁▁▁▁▁▁,0,            
example call-decl,,0,0,0,▁▁▁▁▁▁▁▁▁▁▁▁▁▁▁▁,0,            
example echo,,0,0,0,▁▁▁▁▁▁▁▁▁▁▁▁▁▁▁▁,0,            
example collect-bytes,,0,0,0,▁▁▁▁▁▁▁▁▁▁▁▁▁▁▁▁,0,            
sys users,system,0,0,0,▁▁▁▁▁▁▁▁▁▁▁▁▁▁▁▁,0,            
sys temp,system,0,0,0,▁▁▁▁▁▁▁▁▁▁▁▁▁▁▁▁,0,            
sys net,system,0,0,0,▁▁▁▁▁▁▁▁▁▁▁▁▁▁▁▁,0,            
sys disks,system,0,0,0,▁▁▁▁▁▁▁▁▁▁▁▁▁▁▁▁,0,            
polars with-column,dataframe or lazyframe,0,0,0,▁▁▁▁▁▁▁▁▁▁▁▁▁▁▁▁,0,            
polars when,expression,0,0,0,▁▁▁▁▁▁▁▁▁▁▁▁▁▁▁▁,0,            
polars var,dataframe,0,0,0,▁▁▁▁▁▁▁▁▁▁▁▁▁▁▁▁,0,            
polars value-counts,dataframe,0,0,0,▁▁▁▁▁▁▁▁▁▁▁▁▁▁▁▁,0,            
polars uppercase,dataframe,0,0,0,▁▁▁▁▁▁▁▁▁▁▁▁▁▁▁▁,0,            
polars unique,dataframe or lazyframe,0,0,0,▁▁▁▁▁▁▁▁▁▁▁▁▁▁▁▁,0,            
polars take,dataframe,0,0,0,▁▁▁▁▁▁▁▁▁▁▁▁▁▁▁▁,0,            
polars summary,dataframe,0,0,0,▁▁▁▁▁▁▁▁▁▁▁▁▁▁▁▁,0,            
polars sum,dataframe,0,0,0,▁▁▁▁▁▁▁▁▁▁▁▁▁▁▁▁,0,            
polars strftime,dataframe,0,0,0,▁▁▁▁▁▁▁▁▁▁▁▁▁▁▁▁,0,            
polars str-slice,dataframe,0,0,0,▁▁▁▁▁▁▁▁▁▁▁▁▁▁▁▁,0,            
polars str-lengths,dataframe,0,0,0,▁▁▁▁▁▁▁▁▁▁▁▁▁▁▁▁,0,            
polars store-rm,dataframe,0,0,0,▁▁▁▁▁▁▁▁▁▁▁▁▁▁▁▁,0,            
polars store-ls,dataframe,0,0,0,▁▁▁▁▁▁▁▁▁▁▁▁▁▁▁▁,0,            
polars store-get,dataframe,0,0,0,▁▁▁▁▁▁▁▁▁▁▁▁▁▁▁▁,0,            
polars std,dataframe,0,0,0,▁▁▁▁▁▁▁▁▁▁▁▁▁▁▁▁,0,            
polars sort-by,lazyframe,0,0,0,▁▁▁▁▁▁▁▁▁▁▁▁▁▁▁▁,0,            
polars slice,dataframe,0,0,0,▁▁▁▁▁▁▁▁▁▁▁▁▁▁▁▁,0,            
polars shift,dataframe or lazyframe,0,0,0,▁▁▁▁▁▁▁▁▁▁▁▁▁▁▁▁,0,            
polars shape,dataframe,0,0,0,▁▁▁▁▁▁▁▁▁▁▁▁▁▁▁▁,0,            
polars set-with-idx,dataframe,0,0,0,▁▁▁▁▁▁▁▁▁▁▁▁▁▁▁▁,0,            
polars set,dataframe,0,0,0,▁▁▁▁▁▁▁▁▁▁▁▁▁▁▁▁,0,            
polars select,lazyframe,0,0,0,▁▁▁▁▁▁▁▁▁▁▁▁▁▁▁▁,0,            
polars schema,dataframe,0,0,0,▁▁▁▁▁▁▁▁▁▁▁▁▁▁▁▁,0,            
polars sample,dataframe,0,0,0,▁▁▁▁▁▁▁▁▁▁▁▁▁▁▁▁,0,            
polars rolling,dataframe,0,0,0,▁▁▁▁▁▁▁▁▁▁▁▁▁▁▁▁,0,            
polars reverse,dataframe,0,0,0,▁▁▁▁▁▁▁▁▁▁▁▁▁▁▁▁,0,            
polars replace-all,dataframe,0,0,0,▁▁▁▁▁▁▁▁▁▁▁▁▁▁▁▁,0,            
polars replace,dataframe,0,0,0,▁▁▁▁▁▁▁▁▁▁▁▁▁▁▁▁,0,            
polars rename,dataframe or lazyframe,0,0,0,▁▁▁▁▁▁▁▁▁▁▁▁▁▁▁▁,0,            
polars query,dataframe,0,0,0,▁▁▁▁▁▁▁▁▁▁▁▁▁▁▁▁,0,            
polars quantile,lazyframe,0,0,0,▁▁▁▁▁▁▁▁▁▁▁▁▁▁▁▁,0,            
polars otherwise,expression,0,0,0,▁▁▁▁▁▁▁▁▁▁▁▁▁▁▁▁,0,            
polars open,dataframe,0,0,0,▁▁▁▁▁▁▁▁▁▁▁▁▁▁▁▁,0,            
polars not,dataframe,0,0,0,▁▁▁▁▁▁▁▁▁▁▁▁▁▁▁▁,0,            
polars n-unique,dataframe,0,0,0,▁▁▁▁▁▁▁▁▁▁▁▁▁▁▁▁,0,            
polars min,dataframe,0,0,0,▁▁▁▁▁▁▁▁▁▁▁▁▁▁▁▁,0,            
polars median,lazyframe,0,0,0,▁▁▁▁▁▁▁▁▁▁▁▁▁▁▁▁,0,            
polars mean,dataframe,0,0,0,▁▁▁▁▁▁▁▁▁▁▁▁▁▁▁▁,0,            
polars max,dataframe,0,0,0,▁▁▁▁▁▁▁▁▁▁▁▁▁▁▁▁,0,            
polars lowercase,dataframe,0,0,0,▁▁▁▁▁▁▁▁▁▁▁▁▁▁▁▁,0,            
polars lit,expression,0,0,0,▁▁▁▁▁▁▁▁▁▁▁▁▁▁▁▁,0,            
polars last,dataframe,0,0,0,▁▁▁▁▁▁▁▁▁▁▁▁▁▁▁▁,0,            
polars join,lazyframe,0,0,0,▁▁▁▁▁▁▁▁▁▁▁▁▁▁▁▁,0,            
polars is-unique,dataframe,0,0,0,▁▁▁▁▁▁▁▁▁▁▁▁▁▁▁▁,0,            
polars is-null,dataframe,0,0,0,▁▁▁▁▁▁▁▁▁▁▁▁▁▁▁▁,0,            
polars is-not-null,dataframe,0,0,0,▁▁▁▁▁▁▁▁▁▁▁▁▁▁▁▁,0,            
polars is-in,expression,0,0,0,▁▁▁▁▁▁▁▁▁▁▁▁▁▁▁▁,0,            
polars is-duplicated,dataframe,0,0,0,▁▁▁▁▁▁▁▁▁▁▁▁▁▁▁▁,0,            
polars into-nu,dataframe,0,0,0,▁▁▁▁▁▁▁▁▁▁▁▁▁▁▁▁,0,            
polars into-lazy,lazyframe,0,0,0,▁▁▁▁▁▁▁▁▁▁▁▁▁▁▁▁,0,            
polars into-df,dataframe,0,0,0,▁▁▁▁▁▁▁▁▁▁▁▁▁▁▁▁,0,            
polars implode,dataframe,0,0,0,▁▁▁▁▁▁▁▁▁▁▁▁▁▁▁▁,0,            
polars group-by,lazyframe,0,0,0,▁▁▁▁▁▁▁▁▁▁▁▁▁▁▁▁,0,            
polars get-year,dataframe,0,0,0,▁▁▁▁▁▁▁▁▁▁▁▁▁▁▁▁,0,            
polars get-weekday,dataframe,0,0,0,▁▁▁▁▁▁▁▁▁▁▁▁▁▁▁▁,0,            
polars get-week,dataframe,0,0,0,▁▁▁▁▁▁▁▁▁▁▁▁▁▁▁▁,0,            
polars get-second,dataframe,0,0,0,▁▁▁▁▁▁▁▁▁▁▁▁▁▁▁▁,0,            
polars get-ordinal,dataframe,0,0,0,▁▁▁▁▁▁▁▁▁▁▁▁▁▁▁▁,0,            
polars get-nanosecond,dataframe,0,0,0,▁▁▁▁▁▁▁▁▁▁▁▁▁▁▁▁,0,            
polars get-month,dataframe,0,0,0,▁▁▁▁▁▁▁▁▁▁▁▁▁▁▁▁,0,            
polars get-minute,dataframe,0,0,0,▁▁▁▁▁▁▁▁▁▁▁▁▁▁▁▁,0,            
polars get-hour,dataframe,0,0,0,▁▁▁▁▁▁▁▁▁▁▁▁▁▁▁▁,0,            
polars get-day,dataframe,0,0,0,▁▁▁▁▁▁▁▁▁▁▁▁▁▁▁▁,0,            
polars get,dataframe,0,0,0,▁▁▁▁▁▁▁▁▁▁▁▁▁▁▁▁,0,            
polars flatten,lazyframe,0,0,0,▁▁▁▁▁▁▁▁▁▁▁▁▁▁▁▁,0,            
polars first,dataframe,0,0,0,▁▁▁▁▁▁▁▁▁▁▁▁▁▁▁▁,0,            
polars filter-with,dataframe or lazyframe,0,0,0,▁▁▁▁▁▁▁▁▁▁▁▁▁▁▁▁,0,            
polars filter,lazyframe,0,0,0,▁▁▁▁▁▁▁▁▁▁▁▁▁▁▁▁,0,            
polars fill-null,lazyframe,0,0,0,▁▁▁▁▁▁▁▁▁▁▁▁▁▁▁▁,0,            
polars fill-nan,lazyframe,0,0,0,▁▁▁▁▁▁▁▁▁▁▁▁▁▁▁▁,0,            
polars fetch,lazyframe,0,0,0,▁▁▁▁▁▁▁▁▁▁▁▁▁▁▁▁,0,            
polars expr-not,dataframe,0,0,0,▁▁▁▁▁▁▁▁▁▁▁▁▁▁▁▁,0,            
polars explode,lazyframe,0,0,0,▁▁▁▁▁▁▁▁▁▁▁▁▁▁▁▁,0,            
polars dummies,dataframe,0,0,0,▁▁▁▁▁▁▁▁▁▁▁▁▁▁▁▁,0,            
polars drop-nulls,dataframe,0,0,0,▁▁▁▁▁▁▁▁▁▁▁▁▁▁▁▁,0,            
polars drop-duplicates,dataframe,0,0,0,▁▁▁▁▁▁▁▁▁▁▁▁▁▁▁▁,0,            
polars drop,dataframe,0,0,0,▁▁▁▁▁▁▁▁▁▁▁▁▁▁▁▁,0,            
polars datepart,expression,0,0,0,▁▁▁▁▁▁▁▁▁▁▁▁▁▁▁▁,0,            
polars cumulative,dataframe,0,0,0,▁▁▁▁▁▁▁▁▁▁▁▁▁▁▁▁,0,            
polars count-null,dataframe,0,0,0,▁▁▁▁▁▁▁▁▁▁▁▁▁▁▁▁,0,            
polars count,dataframe,0,0,0,▁▁▁▁▁▁▁▁▁▁▁▁▁▁▁▁,0,            
polars contains,dataframe,0,0,0,▁▁▁▁▁▁▁▁▁▁▁▁▁▁▁▁,0,            
polars concat-str,expression,0,0,0,▁▁▁▁▁▁▁▁▁▁▁▁▁▁▁▁,0,            
polars columns,dataframe,0,0,0,▁▁▁▁▁▁▁▁▁▁▁▁▁▁▁▁,0,            
polars collect,lazyframe,0,0,0,▁▁▁▁▁▁▁▁▁▁▁▁▁▁▁▁,0,            
polars col,expression,0,0,0,▁▁▁▁▁▁▁▁▁▁▁▁▁▁▁▁,0,            
polars cast,dataframe,0,0,0,▁▁▁▁▁▁▁▁▁▁▁▁▁▁▁▁,0,            
polars cache,dataframe,0,0,0,▁▁▁▁▁▁▁▁▁▁▁▁▁▁▁▁,0,            
polars as-datetime,dataframe,0,0,0,▁▁▁▁▁▁▁▁▁▁▁▁▁▁▁▁,0,            
polars as-date,dataframe,0,0,0,▁▁▁▁▁▁▁▁▁▁▁▁▁▁▁▁,0,            
polars as,expression,0,0,0,▁▁▁▁▁▁▁▁▁▁▁▁▁▁▁▁,0,            
polars arg-where,expression,0,0,0,▁▁▁▁▁▁▁▁▁▁▁▁▁▁▁▁,0,            
polars arg-unique,dataframe,0,0,0,▁▁▁▁▁▁▁▁▁▁▁▁▁▁▁▁,0,            
polars arg-true,dataframe,0,0,0,▁▁▁▁▁▁▁▁▁▁▁▁▁▁▁▁,0,            
polars arg-sort,dataframe,0,0,0,▁▁▁▁▁▁▁▁▁▁▁▁▁▁▁▁,0,            
polars arg-min,dataframe,0,0,0,▁▁▁▁▁▁▁▁▁▁▁▁▁▁▁▁,0,            
polars arg-max,dataframe,0,0,0,▁▁▁▁▁▁▁▁▁▁▁▁▁▁▁▁,0,            
polars append,dataframe,0,0,0,▁▁▁▁▁▁▁▁▁▁▁▁▁▁▁▁,0,            
polars all-true,dataframe,0,0,0,▁▁▁▁▁▁▁▁▁▁▁▁▁▁▁▁,0,            
polars all-false,dataframe,0,0,0,▁▁▁▁▁▁▁▁▁▁▁▁▁▁▁▁,0,            
polars agg-groups,dataframe,0,0,0,▁▁▁▁▁▁▁▁▁▁▁▁▁▁▁▁,0,            
polars agg,lazyframe,0,0,0,▁▁▁▁▁▁▁▁▁▁▁▁▁▁▁▁,0,            
example view span,,0,0,0,▁▁▁▁▁▁▁▁▁▁▁▁▁▁▁▁,0,            
custom-value handle update,,0,0,0,▁▁▁▁▁▁▁▁▁▁▁▁▁▁▁▁,0,            
custom-value handle make,,0,0,0,▁▁▁▁▁▁▁▁▁▁▁▁▁▁▁▁,0,            
custom-value handle get,,0,0,0,▁▁▁▁▁▁▁▁▁▁▁▁▁▁▁▁,0,            
example two,,0,0,0,▁▁▁▁▁▁▁▁▁▁▁▁▁▁▁▁,0,            
example three,,0,0,0,▁▁▁▁▁▁▁▁▁▁▁▁▁▁▁▁,0,            
example sum,,0,0,0,▁▁▁▁▁▁▁▁▁▁▁▁▁▁▁▁,0,            
example seq,,0,0,0,▁▁▁▁▁▁▁▁▁▁▁▁▁▁▁▁,0,            
example one,,0,0,0,▁▁▁▁▁▁▁▁▁▁▁▁▁▁▁▁,0,            
example generate,,0,0,0,▁▁▁▁▁▁▁▁▁▁▁▁▁▁▁▁,0,            
example for-each,,0,0,0,▁▁▁▁▁▁▁▁▁▁▁▁▁▁▁▁,0,            
example env,,0,0,0,▁▁▁▁▁▁▁▁▁▁▁▁▁▁▁▁,0,            
example disable-gc,,0,0,0,▁▁▁▁▁▁▁▁▁▁▁▁▁▁▁▁,0,            
example config,,0,0,0,▁▁▁▁▁▁▁▁▁▁▁▁▁▁▁▁,0,            
custom-value drop-check,,0,0,0,▁▁▁▁▁▁▁▁▁▁▁▁▁▁▁▁,0,            
into u32,,0,0,0,▁▁▁▁▁▁▁▁▁▁▁▁▁▁▁▁,0,            
into int from u32,,0,0,0,▁▁▁▁▁▁▁▁▁▁▁▁▁▁▁▁,0,            
custom-value update-arg,,0,0,0,▁▁▁▁▁▁▁▁▁▁▁▁▁▁▁▁,0,            
test command,,0,0,0,▁▁▁▁▁▁▁▁▁▁▁▁▁▁▁▁,0,            
panic,debug,0,0,0,▁▁▁▁▁▁▁▁▁▁▁▁▁▁▁▁,0,            
interleave,filters,0,0,0,▁▁▁▁▁▁▁▁▁▁▁▁▁▁▁▁,0,            
commandline get-cursor,core,0,0,0,▁▁▁▁▁▁▁▁▁▁▁▁▁▁▁▁,0,            
stor export,database,0,0,0,▁▁▁▁▁▁▁▁▁▁▁▁▁▁▁▁,0,            
is-terminal,platform,0,0,0,▁▁▁▁▁▁▁▁▁▁▁▁▁▁▁▁,0,            
url decode,strings,0,0,0,▁▁▁▁▁▁▁▁▁▁▁▁▁▁▁▁,0,            
scope externs,core,0,0,0,▁▁▁▁▁▁▁▁▁▁▁▁▁▁▁▁,0,            
export const,core,0,0,0,▁▁▁▁▁▁▁▁▁▁▁▁▁▁▁▁,0,            
http put,network,0,0,0,▁▁▁▁▁▁▁▁▁▁▁▁▁▁▁▁,0,            
http patch,network,0,0,0,▁▁▁▁▁▁▁▁▁▁▁▁▁▁▁▁,0,            
http head,network,0,0,0,▁▁▁▁▁▁▁▁▁▁▁▁▁▁▁▁,0,            
http delete,network,0,0,0,▁▁▁▁▁▁▁▁▁▁▁▁▁▁▁▁,0,            
query json,,0,0,0,▁▁▁▁▁▁▁▁▁▁▁▁▁▁▁▁,0,            
custom-value update,,0,0,0,▁▁▁▁▁▁▁▁▁▁▁▁▁▁▁▁,0,            
custom-value generate2,,0,0,0,▁▁▁▁▁▁▁▁▁▁▁▁▁▁▁▁,0,            
custom-value generate,,0,0,0,▁▁▁▁▁▁▁▁▁▁▁▁▁▁▁▁,0,            
ansi link,platform,0,0,0,▁▁▁▁▁▁▁▁▁▁▁▁▁▁▁▁,0,            
url encode,strings,0,0,0,▁▁▁▁▁▁▁▁▁▁▁▁▁▁▁▁,0,            
math tanh,math,0,0,0,▁▁▁▁▁▁▁▁▁▁▁▁▁▁▁▁,0,            
math tan,math,0,0,0,▁▁▁▁▁▁▁▁▁▁▁▁▁▁▁▁,0,            
math sinh,math,0,0,0,▁▁▁▁▁▁▁▁▁▁▁▁▁▁▁▁,0,            
math sin,math,0,0,0,▁▁▁▁▁▁▁▁▁▁▁▁▁▁▁▁,0,            
math ln,math,0,0,0,▁▁▁▁▁▁▁▁▁▁▁▁▁▁▁▁,0,            
math cosh,math,0,0,0,▁▁▁▁▁▁▁▁▁▁▁▁▁▁▁▁,0,            
math cos,math,0,0,0,▁▁▁▁▁▁▁▁▁▁▁▁▁▁▁▁,0,            
math arctanh,math,0,0,0,▁▁▁▁▁▁▁▁▁▁▁▁▁▁▁▁,0,            
math arcsinh,math,0,0,0,▁▁▁▁▁▁▁▁▁▁▁▁▁▁▁▁,0,            
math arcsin,math,0,0,0,▁▁▁▁▁▁▁▁▁▁▁▁▁▁▁▁,0,            
math arccosh,math,0,0,0,▁▁▁▁▁▁▁▁▁▁▁▁▁▁▁▁,0,            
math arccos,math,0,0,0,▁▁▁▁▁▁▁▁▁▁▁▁▁▁▁▁,0,            
url parse,network,0,0,0,▁▁▁▁▁▁▁▁▁▁▁▁▁▁▁▁,0,            
registry query,,0,0,0,▁▁▁▁▁▁▁▁▁▁▁▁▁▁▁▁,0,            
msgpack,,0,0,0,▁▁▁▁▁▁▁▁▁▁▁▁▁▁▁▁,0,            
bits xor,bits,0,0,0,▁▁▁▁▁▁▁▁▁▁▁▁▁▁▁▁,0,            
bits shr,bits,0,0,0,▁▁▁▁▁▁▁▁▁▁▁▁▁▁▁▁,0,            
bits shl,bits,0,0,0,▁▁▁▁▁▁▁▁▁▁▁▁▁▁▁▁,0,            
bits ror,bits,0,0,0,▁▁▁▁▁▁▁▁▁▁▁▁▁▁▁▁,0,            
bits rol,bits,0,0,0,▁▁▁▁▁▁▁▁▁▁▁▁▁▁▁▁,0,            
bits or,bits,0,0,0,▁▁▁▁▁▁▁▁▁▁▁▁▁▁▁▁,0,            
bits not,bits,0,0,0,▁▁▁▁▁▁▁▁▁▁▁▁▁▁▁▁,0,            
bits and,bits,0,0,0,▁▁▁▁▁▁▁▁▁▁▁▁▁▁▁▁,0,            
bits,bits,0,0,0,▁▁▁▁▁▁▁▁▁▁▁▁▁▁▁▁,0,            
bytes reverse,bytes,0,0,0,▁▁▁▁▁▁▁▁▁▁▁▁▁▁▁▁,0,            
bytes replace,bytes,0,0,0,▁▁▁▁▁▁▁▁▁▁▁▁▁▁▁▁,0,            
bytes remove,bytes,0,0,0,▁▁▁▁▁▁▁▁▁▁▁▁▁▁▁▁,0,            
bytes ends-with,bytes,0,0,0,▁▁▁▁▁▁▁▁▁▁▁▁▁▁▁▁,0,            
bytes collect,bytes,0,0,0,▁▁▁▁▁▁▁▁▁▁▁▁▁▁▁▁,0,            
bytes build,bytes,0,0,0,▁▁▁▁▁▁▁▁▁▁▁▁▁▁▁▁,0,            
lowercase,,0,0,0,▁▁▁▁▁▁▁▁▁▁▁▁▁▁▁▁,0,            
port,network,0,0,0,▁▁▁▁▁▁▁▁▁▁▁▁▁▁▁▁,0,            
bytes starts-with,bytes,0,0,0,▁▁▁▁▁▁▁▁▁▁▁▁▁▁▁▁,0,            
to-custom,,0,0,0,▁▁▁▁▁▁▁▁▁▁▁▁▁▁▁▁,0,            
min,,0,0,0,▁▁▁▁▁▁▁▁▁▁▁▁▁▁▁▁,0,            
str title-case,strings,0,0,0,▁▁▁▁▁▁▁▁▁▁▁▁▁▁▁▁,0,            
roll right,filters,0,0,0,▁▁▁▁▁▁▁▁▁▁▁▁▁▁▁▁,0,            
roll left,filters,0,0,0,▁▁▁▁▁▁▁▁▁▁▁▁▁▁▁▁,0,            
sha256,,0,0,0,▁▁▁▁▁▁▁▁▁▁▁▁▁▁▁▁,0,            
roll,filters,0,0,0,▁▁▁▁▁▁▁▁▁▁▁▁▁▁▁▁,0,            
date list-timezone,date,0,0,0,▁▁▁▁▁▁▁▁▁▁▁▁▁▁▁▁,0,            
str snake-case,strings,0,0,0,▁▁▁▁▁▁▁▁▁▁▁▁▁▁▁▁,0,            
str screaming-snake-case,strings,0,0,0,▁▁▁▁▁▁▁▁▁▁▁▁▁▁▁▁,0,            
str pascal-case,strings,0,0,0,▁▁▁▁▁▁▁▁▁▁▁▁▁▁▁▁,0,            
str reverse,strings,0,0,0,▁▁▁▁▁▁▁▁▁▁▁▁▁▁▁▁,0,            
math variance,math,0,0,0,▁▁▁▁▁▁▁▁▁▁▁▁▁▁▁▁,0,            
math mode,math,0,0,0,▁▁▁▁▁▁▁▁▁▁▁▁▁▁▁▁,0,            
every,filters,0,0,0,▁▁▁▁▁▁▁▁▁▁▁▁▁▁▁▁,0,            
from vcf,,0,0,0,▁▁▁▁▁▁▁▁▁▁▁▁▁▁▁▁,0,            
from ini,,0,0,0,▁▁▁▁▁▁▁▁▁▁▁▁▁▁▁▁,0,            
from ics,,0,0,0,▁▁▁▁▁▁▁▁▁▁▁▁▁▁▁▁,0,            
from eml,,0,0,0,▁▁▁▁▁▁▁▁▁▁▁▁▁▁▁▁,0,            
from xlsx,formats,0,0,0,▁▁▁▁▁▁▁▁▁▁▁▁▁▁▁▁,0,            
from ods,formats,0,0,0,▁▁▁▁▁▁▁▁▁▁▁▁▁▁▁▁,0,            
from url,formats,0,0,0,▁▁▁▁▁▁▁▁▁▁▁▁▁▁▁▁,0,            
encode new-base64,,0,0,0,▁▁▁▁▁▁▁▁▁▁▁▁▁▁▁▁,0,            
decode new-base64,,0,0,0,▁▁▁▁▁▁▁▁▁▁▁▁▁▁▁▁,0,            
str deunicode,,0,0,0,▁▁▁▁▁▁▁▁▁▁▁▁▁▁▁▁,0,            
polars concatenate,,0,0,0,▁▁▁▁▁▁▁▁▁▁▁▁▁▁▁▁,0,            
polars to-parquet,,0,0,0,▁▁▁▁▁▁▁▁▁▁▁▁▁▁▁▁,0,            
polars to-jsonl,,0,0,0,▁▁▁▁▁▁▁▁▁▁▁▁▁▁▁▁,0,            
polars to-csv,,0,0,0,▁▁▁▁▁▁▁▁▁▁▁▁▁▁▁▁,0,            
polars to-avro,,0,0,0,▁▁▁▁▁▁▁▁▁▁▁▁▁▁▁▁,0,            
polars to-arrow,,0,0,0,▁▁▁▁▁▁▁▁▁▁▁▁▁▁▁▁,0,            
polars melt,,0,0,0,▁▁▁▁▁▁▁▁▁▁▁▁▁▁▁▁,0,            
example collect-external,,0,0,0,▁▁▁▁▁▁▁▁▁▁▁▁▁▁▁▁,0,            
dfr cast,,0,0,0,▁▁▁▁▁▁▁▁▁▁▁▁▁▁▁▁,0,            
dfr schema,,0,0,0,▁▁▁▁▁▁▁▁▁▁▁▁▁▁▁▁,0,            
dfr to-avro,,0,0,0,▁▁▁▁▁▁▁▁▁▁▁▁▁▁▁▁,0,            
lazy make,,0,0,0,▁▁▁▁▁▁▁▁▁▁▁▁▁▁▁▁,0,            
dfr to-jsonl,,0,0,0,▁▁▁▁▁▁▁▁▁▁▁▁▁▁▁▁,0,            
dfr datepart,,0,0,0,▁▁▁▁▁▁▁▁▁▁▁▁▁▁▁▁,0,            
dfr implode,,0,0,0,▁▁▁▁▁▁▁▁▁▁▁▁▁▁▁▁,0,            
dfr uppercase,,0,0,0,▁▁▁▁▁▁▁▁▁▁▁▁▁▁▁▁,0,            
dfr to-arrow,,0,0,0,▁▁▁▁▁▁▁▁▁▁▁▁▁▁▁▁,0,            
dfr summary,,0,0,0,▁▁▁▁▁▁▁▁▁▁▁▁▁▁▁▁,0,            
dfr query,,0,0,0,▁▁▁▁▁▁▁▁▁▁▁▁▁▁▁▁,0,            
dfr otherwise,,0,0,0,▁▁▁▁▁▁▁▁▁▁▁▁▁▁▁▁,0,            
dfr n-unique,,0,0,0,▁▁▁▁▁▁▁▁▁▁▁▁▁▁▁▁,0,            
dfr lowercase,,0,0,0,▁▁▁▁▁▁▁▁▁▁▁▁▁▁▁▁,0,            
dfr into-nu,,0,0,0,▁▁▁▁▁▁▁▁▁▁▁▁▁▁▁▁,0,            
dfr into-lazy,,0,0,0,▁▁▁▁▁▁▁▁▁▁▁▁▁▁▁▁,0,            
dfr fill-nan,,0,0,0,▁▁▁▁▁▁▁▁▁▁▁▁▁▁▁▁,0,            
dfr expr-not,,0,0,0,▁▁▁▁▁▁▁▁▁▁▁▁▁▁▁▁,0,            
dfr dummies,,0,0,0,▁▁▁▁▁▁▁▁▁▁▁▁▁▁▁▁,0,            
dfr count,,0,0,0,▁▁▁▁▁▁▁▁▁▁▁▁▁▁▁▁,0,            
dfr concat-str,,0,0,0,▁▁▁▁▁▁▁▁▁▁▁▁▁▁▁▁,0,            
dfr columns,,0,0,0,▁▁▁▁▁▁▁▁▁▁▁▁▁▁▁▁,0,            
dfr arg-where,,0,0,0,▁▁▁▁▁▁▁▁▁▁▁▁▁▁▁▁,0,            
dfr when,,0,0,0,▁▁▁▁▁▁▁▁▁▁▁▁▁▁▁▁,0,            
dfr var,,0,0,0,▁▁▁▁▁▁▁▁▁▁▁▁▁▁▁▁,0,            
dfr sum,,0,0,0,▁▁▁▁▁▁▁▁▁▁▁▁▁▁▁▁,0,            
dfr std,,0,0,0,▁▁▁▁▁▁▁▁▁▁▁▁▁▁▁▁,0,            
dfr select,,0,0,0,▁▁▁▁▁▁▁▁▁▁▁▁▁▁▁▁,0,            
dfr reverse,,0,0,0,▁▁▁▁▁▁▁▁▁▁▁▁▁▁▁▁,0,            
dfr quantile,,0,0,0,▁▁▁▁▁▁▁▁▁▁▁▁▁▁▁▁,0,            
dfr min,,0,0,0,▁▁▁▁▁▁▁▁▁▁▁▁▁▁▁▁,0,            
dfr median,,0,0,0,▁▁▁▁▁▁▁▁▁▁▁▁▁▁▁▁,0,            
dfr mean,,0,0,0,▁▁▁▁▁▁▁▁▁▁▁▁▁▁▁▁,0,            
dfr max,,0,0,0,▁▁▁▁▁▁▁▁▁▁▁▁▁▁▁▁,0,            
dfr ls,,0,0,0,▁▁▁▁▁▁▁▁▁▁▁▁▁▁▁▁,0,            
dfr lit,,0,0,0,▁▁▁▁▁▁▁▁▁▁▁▁▁▁▁▁,0,            
dfr flatten,,0,0,0,▁▁▁▁▁▁▁▁▁▁▁▁▁▁▁▁,0,            
dfr fill-null,,0,0,0,▁▁▁▁▁▁▁▁▁▁▁▁▁▁▁▁,0,            
dfr fetch,,0,0,0,▁▁▁▁▁▁▁▁▁▁▁▁▁▁▁▁,0,            
dfr explode,,0,0,0,▁▁▁▁▁▁▁▁▁▁▁▁▁▁▁▁,0,            
dfr collect,,0,0,0,▁▁▁▁▁▁▁▁▁▁▁▁▁▁▁▁,0,            
dfr cache,,0,0,0,▁▁▁▁▁▁▁▁▁▁▁▁▁▁▁▁,0,            
dfr agg-groups,,0,0,0,▁▁▁▁▁▁▁▁▁▁▁▁▁▁▁▁,0,            
dfr with-column,,0,0,0,▁▁▁▁▁▁▁▁▁▁▁▁▁▁▁▁,0,            
dfr value-counts,,0,0,0,▁▁▁▁▁▁▁▁▁▁▁▁▁▁▁▁,0,            
dfr unique,,0,0,0,▁▁▁▁▁▁▁▁▁▁▁▁▁▁▁▁,0,            
dfr to-parquet,,0,0,0,▁▁▁▁▁▁▁▁▁▁▁▁▁▁▁▁,0,            
dfr to-csv,,0,0,0,▁▁▁▁▁▁▁▁▁▁▁▁▁▁▁▁,0,            
dfr take,,0,0,0,▁▁▁▁▁▁▁▁▁▁▁▁▁▁▁▁,0,            
dfr strftime,,0,0,0,▁▁▁▁▁▁▁▁▁▁▁▁▁▁▁▁,0,            
dfr str-slice,,0,0,0,▁▁▁▁▁▁▁▁▁▁▁▁▁▁▁▁,0,            
dfr str-lengths,,0,0,0,▁▁▁▁▁▁▁▁▁▁▁▁▁▁▁▁,0,            
dfr slice,,0,0,0,▁▁▁▁▁▁▁▁▁▁▁▁▁▁▁▁,0,            
dfr shift,,0,0,0,▁▁▁▁▁▁▁▁▁▁▁▁▁▁▁▁,0,            
dfr shape,,0,0,0,▁▁▁▁▁▁▁▁▁▁▁▁▁▁▁▁,0,            
dfr set-with-idx,,0,0,0,▁▁▁▁▁▁▁▁▁▁▁▁▁▁▁▁,0,            
dfr set,,0,0,0,▁▁▁▁▁▁▁▁▁▁▁▁▁▁▁▁,0,            
dfr sample,,0,0,0,▁▁▁▁▁▁▁▁▁▁▁▁▁▁▁▁,0,            
dfr rolling,,0,0,0,▁▁▁▁▁▁▁▁▁▁▁▁▁▁▁▁,0,            
dfr replace-all,,0,0,0,▁▁▁▁▁▁▁▁▁▁▁▁▁▁▁▁,0,            
dfr replace,,0,0,0,▁▁▁▁▁▁▁▁▁▁▁▁▁▁▁▁,0,            
dfr rename,,0,0,0,▁▁▁▁▁▁▁▁▁▁▁▁▁▁▁▁,0,            
dfr not,,0,0,0,▁▁▁▁▁▁▁▁▁▁▁▁▁▁▁▁,0,            
dfr melt,,0,0,0,▁▁▁▁▁▁▁▁▁▁▁▁▁▁▁▁,0,            
dfr last,,0,0,0,▁▁▁▁▁▁▁▁▁▁▁▁▁▁▁▁,0,            
dfr join,,0,0,0,▁▁▁▁▁▁▁▁▁▁▁▁▁▁▁▁,0,            
dfr is-unique,,0,0,0,▁▁▁▁▁▁▁▁▁▁▁▁▁▁▁▁,0,            
dfr is-null,,0,0,0,▁▁▁▁▁▁▁▁▁▁▁▁▁▁▁▁,0,            
dfr is-not-null,,0,0,0,▁▁▁▁▁▁▁▁▁▁▁▁▁▁▁▁,0,            
dfr is-in,,0,0,0,▁▁▁▁▁▁▁▁▁▁▁▁▁▁▁▁,0,            
dfr is-duplicated,,0,0,0,▁▁▁▁▁▁▁▁▁▁▁▁▁▁▁▁,0,            
dfr get-year,,0,0,0,▁▁▁▁▁▁▁▁▁▁▁▁▁▁▁▁,0,            
dfr get-weekday,,0,0,0,▁▁▁▁▁▁▁▁▁▁▁▁▁▁▁▁,0,            
dfr get-week,,0,0,0,▁▁▁▁▁▁▁▁▁▁▁▁▁▁▁▁,0,            
dfr get-second,,0,0,0,▁▁▁▁▁▁▁▁▁▁▁▁▁▁▁▁,0,            
dfr get-ordinal,,0,0,0,▁▁▁▁▁▁▁▁▁▁▁▁▁▁▁▁,0,            
dfr get-nanosecond,,0,0,0,▁▁▁▁▁▁▁▁▁▁▁▁▁▁▁▁,0,            
dfr get-month,,0,0,0,▁▁▁▁▁▁▁▁▁▁▁▁▁▁▁▁,0,            
dfr get-minute,,0,0,0,▁▁▁▁▁▁▁▁▁▁▁▁▁▁▁▁,0,            
dfr get-hour,,0,0,0,▁▁▁▁▁▁▁▁▁▁▁▁▁▁▁▁,0,            
dfr get-day,,0,0,0,▁▁▁▁▁▁▁▁▁▁▁▁▁▁▁▁,0,            
dfr first,,0,0,0,▁▁▁▁▁▁▁▁▁▁▁▁▁▁▁▁,0,            
dfr dtypes,,0,0,0,▁▁▁▁▁▁▁▁▁▁▁▁▁▁▁▁,0,            
dfr drop-nulls,,0,0,0,▁▁▁▁▁▁▁▁▁▁▁▁▁▁▁▁,0,            
dfr drop-duplicates,,0,0,0,▁▁▁▁▁▁▁▁▁▁▁▁▁▁▁▁,0,            
dfr drop,,0,0,0,▁▁▁▁▁▁▁▁▁▁▁▁▁▁▁▁,0,            
dfr cumulative,,0,0,0,▁▁▁▁▁▁▁▁▁▁▁▁▁▁▁▁,0,            
dfr count-null,,0,0,0,▁▁▁▁▁▁▁▁▁▁▁▁▁▁▁▁,0,            
dfr concatenate,,0,0,0,▁▁▁▁▁▁▁▁▁▁▁▁▁▁▁▁,0,            
dfr as-datetime,,0,0,0,▁▁▁▁▁▁▁▁▁▁▁▁▁▁▁▁,0,            
dfr as-date,,0,0,0,▁▁▁▁▁▁▁▁▁▁▁▁▁▁▁▁,0,            
dfr arg-unique,,0,0,0,▁▁▁▁▁▁▁▁▁▁▁▁▁▁▁▁,0,            
dfr arg-true,,0,0,0,▁▁▁▁▁▁▁▁▁▁▁▁▁▁▁▁,0,            
dfr arg-sort,,0,0,0,▁▁▁▁▁▁▁▁▁▁▁▁▁▁▁▁,0,            
dfr arg-min,,0,0,0,▁▁▁▁▁▁▁▁▁▁▁▁▁▁▁▁,0,            
dfr arg-max,,0,0,0,▁▁▁▁▁▁▁▁▁▁▁▁▁▁▁▁,0,            
dfr append,,0,0,0,▁▁▁▁▁▁▁▁▁▁▁▁▁▁▁▁,0,            
dfr all-true,,0,0,0,▁▁▁▁▁▁▁▁▁▁▁▁▁▁▁▁,0,            
dfr all-false,,0,0,0,▁▁▁▁▁▁▁▁▁▁▁▁▁▁▁▁,0,            
stream_example sum,,0,0,0,▁▁▁▁▁▁▁▁▁▁▁▁▁▁▁▁,0,            
stream_example seq,,0,0,0,▁▁▁▁▁▁▁▁▁▁▁▁▁▁▁▁,0,            
stream_example collect-external,,0,0,0,▁▁▁▁▁▁▁▁▁▁▁▁▁▁▁▁,0,            
stream_example,,0,0,0,▁▁▁▁▁▁▁▁▁▁▁▁▁▁▁▁,0,            
nu-example-config,,0,0,0,▁▁▁▁▁▁▁▁▁▁▁▁▁▁▁▁,0,            
str escape-glob,,0,0,0,▁▁▁▁▁▁▁▁▁▁▁▁▁▁▁▁,0,            
nu-example-3,,0,0,0,▁▁▁▁▁▁▁▁▁▁▁▁▁▁▁▁,0,            
nu-example-2,,0,0,0,▁▁▁▁▁▁▁▁▁▁▁▁▁▁▁▁,0,            
nu-example-1,,0,0,0,▁▁▁▁▁▁▁▁▁▁▁▁▁▁▁▁,0,            
nu-plugin,,0,0,0,▁▁▁▁▁▁▁▁▁▁▁▁▁▁▁▁,0,            
umv,,0,0,0,▁▁▁▁▁▁▁▁▁▁▁▁▁▁▁▁,0,            
umkdir,,0,0,0,▁▁▁▁▁▁▁▁▁▁▁▁▁▁▁▁,0,            
cp-old,,0,0,0,▁▁▁▁▁▁▁▁▁▁▁▁▁▁▁▁,0,            
export extern-wrapped,,0,0,0,▁▁▁▁▁▁▁▁▁▁▁▁▁▁▁▁,0,            
extern-wrapped,,0,0,0,▁▁▁▁▁▁▁▁▁▁▁▁▁▁▁▁,0,            
export def-env,,0,0,0,▁▁▁▁▁▁▁▁▁▁▁▁▁▁▁▁,0,            
ucp,,0,0,0,▁▁▁▁▁▁▁▁▁▁▁▁▁▁▁▁,0,            
random decimal,,0,0,0,▁▁▁▁▁▁▁▁▁▁▁▁▁▁▁▁,0,            
math phi,,0,0,0,▁▁▁▁▁▁▁▁▁▁▁▁▁▁▁▁,0,            
math egamma,,0,0,0,▁▁▁▁▁▁▁▁▁▁▁▁▁▁▁▁,0,            
math tau,,0,0,0,▁▁▁▁▁▁▁▁▁▁▁▁▁▁▁▁,0,            
math pi,,0,0,0,▁▁▁▁▁▁▁▁▁▁▁▁▁▁▁▁,0,            
math e,,0,0,0,▁▁▁▁▁▁▁▁▁▁▁▁▁▁▁▁,0,            
hash base64,,0,0,0,▁▁▁▁▁▁▁▁▁▁▁▁▁▁▁▁,0,            
str rpad,,0,0,0,▁▁▁▁▁▁▁▁▁▁▁▁▁▁▁▁,0,            
str lpad,,0,0,0,▁▁▁▁▁▁▁▁▁▁▁▁▁▁▁▁,0,            
str to-int,,0,0,0,▁▁▁▁▁▁▁▁▁▁▁▁▁▁▁▁,0,            
str to-decimal,,0,0,0,▁▁▁▁▁▁▁▁▁▁▁▁▁▁▁▁,0,            
str to-datetime,,0,0,0,▁▁▁▁▁▁▁▁▁▁▁▁▁▁▁▁,0,            
str find-replace,,0,0,0,▁▁▁▁▁▁▁▁▁▁▁▁▁▁▁▁,0,            
old-alias,,0,0,0,▁▁▁▁▁▁▁▁▁▁▁▁▁▁▁▁,0,            
export old-alias,,0,0,0,▁▁▁▁▁▁▁▁▁▁▁▁▁▁▁▁,0,            
dfr list,,0,0,0,▁▁▁▁▁▁▁▁▁▁▁▁▁▁▁▁,0,            
fill-nan,,0,0,0,▁▁▁▁▁▁▁▁▁▁▁▁▁▁▁▁,0,            
summary,,0,0,0,▁▁▁▁▁▁▁▁▁▁▁▁▁▁▁▁,0,            
query df,,0,0,0,▁▁▁▁▁▁▁▁▁▁▁▁▁▁▁▁,0,            
to arrow,,0,0,0,▁▁▁▁▁▁▁▁▁▁▁▁▁▁▁▁,0,            
arg-where,,0,0,0,▁▁▁▁▁▁▁▁▁▁▁▁▁▁▁▁,0,            
concat-str,,0,0,0,▁▁▁▁▁▁▁▁▁▁▁▁▁▁▁▁,0,            
uppercase,,0,0,0,▁▁▁▁▁▁▁▁▁▁▁▁▁▁▁▁,0,            
to parquet,,0,0,0,▁▁▁▁▁▁▁▁▁▁▁▁▁▁▁▁,0,            
into nu,,0,0,0,▁▁▁▁▁▁▁▁▁▁▁▁▁▁▁▁,0,            
into lazy,,0,0,0,▁▁▁▁▁▁▁▁▁▁▁▁▁▁▁▁,0,            
into df,,0,0,0,▁▁▁▁▁▁▁▁▁▁▁▁▁▁▁▁,0,            
dummies,,0,0,0,▁▁▁▁▁▁▁▁▁▁▁▁▁▁▁▁,0,            
when,,0,0,0,▁▁▁▁▁▁▁▁▁▁▁▁▁▁▁▁,0,            
var,,0,0,0,▁▁▁▁▁▁▁▁▁▁▁▁▁▁▁▁,0,            
unique,,0,0,0,▁▁▁▁▁▁▁▁▁▁▁▁▁▁▁▁,0,            
strftime,,0,0,0,▁▁▁▁▁▁▁▁▁▁▁▁▁▁▁▁,0,            
str-slice,,0,0,0,▁▁▁▁▁▁▁▁▁▁▁▁▁▁▁▁,0,            
str-lengths,,0,0,0,▁▁▁▁▁▁▁▁▁▁▁▁▁▁▁▁,0,            
shift,,0,0,0,▁▁▁▁▁▁▁▁▁▁▁▁▁▁▁▁,0,            
shape,,0,0,0,▁▁▁▁▁▁▁▁▁▁▁▁▁▁▁▁,0,            
set-with-idx,,0,0,0,▁▁▁▁▁▁▁▁▁▁▁▁▁▁▁▁,0,            
sample,,0,0,0,▁▁▁▁▁▁▁▁▁▁▁▁▁▁▁▁,0,            
rolling,,0,0,0,▁▁▁▁▁▁▁▁▁▁▁▁▁▁▁▁,0,            
replace-all,,0,0,0,▁▁▁▁▁▁▁▁▁▁▁▁▁▁▁▁,0,            
replace,,0,0,0,▁▁▁▁▁▁▁▁▁▁▁▁▁▁▁▁,0,            
quantile,,0,0,0,▁▁▁▁▁▁▁▁▁▁▁▁▁▁▁▁,0,            
otherwise,,0,0,0,▁▁▁▁▁▁▁▁▁▁▁▁▁▁▁▁,0,            
n-unique,,0,0,0,▁▁▁▁▁▁▁▁▁▁▁▁▁▁▁▁,0,            
melt,,0,0,0,▁▁▁▁▁▁▁▁▁▁▁▁▁▁▁▁,0,            
median,,0,0,0,▁▁▁▁▁▁▁▁▁▁▁▁▁▁▁▁,0,            
mean,,0,0,0,▁▁▁▁▁▁▁▁▁▁▁▁▁▁▁▁,0,            
max,,0,0,0,▁▁▁▁▁▁▁▁▁▁▁▁▁▁▁▁,0,            
ls-df,,0,0,0,▁▁▁▁▁▁▁▁▁▁▁▁▁▁▁▁,0,            
is-unique,,0,0,0,▁▁▁▁▁▁▁▁▁▁▁▁▁▁▁▁,0,            
is-null,,0,0,0,▁▁▁▁▁▁▁▁▁▁▁▁▁▁▁▁,0,            
is-not-null,,0,0,0,▁▁▁▁▁▁▁▁▁▁▁▁▁▁▁▁,0,            
is-in,,0,0,0,▁▁▁▁▁▁▁▁▁▁▁▁▁▁▁▁,0,            
is-duplicated,,0,0,0,▁▁▁▁▁▁▁▁▁▁▁▁▁▁▁▁,0,            
get-year,,0,0,0,▁▁▁▁▁▁▁▁▁▁▁▁▁▁▁▁,0,            
get-weekday,,0,0,0,▁▁▁▁▁▁▁▁▁▁▁▁▁▁▁▁,0,            
get-week,,0,0,0,▁▁▁▁▁▁▁▁▁▁▁▁▁▁▁▁,0,            
get-second,,0,0,0,▁▁▁▁▁▁▁▁▁▁▁▁▁▁▁▁,0,            
get-ordinal,,0,0,0,▁▁▁▁▁▁▁▁▁▁▁▁▁▁▁▁,0,            
get-nanosecond,,0,0,0,▁▁▁▁▁▁▁▁▁▁▁▁▁▁▁▁,0,            
get-month,,0,0,0,▁▁▁▁▁▁▁▁▁▁▁▁▁▁▁▁,0,            
get-minute,,0,0,0,▁▁▁▁▁▁▁▁▁▁▁▁▁▁▁▁,0,            
get-hour,,0,0,0,▁▁▁▁▁▁▁▁▁▁▁▁▁▁▁▁,0,            
get-day,,0,0,0,▁▁▁▁▁▁▁▁▁▁▁▁▁▁▁▁,0,            
filter-with,,0,0,0,▁▁▁▁▁▁▁▁▁▁▁▁▁▁▁▁,0,            
fill-null,,0,0,0,▁▁▁▁▁▁▁▁▁▁▁▁▁▁▁▁,0,            
expr-not,,0,0,0,▁▁▁▁▁▁▁▁▁▁▁▁▁▁▁▁,0,            
explode,,0,0,0,▁▁▁▁▁▁▁▁▁▁▁▁▁▁▁▁,0,            
dtypes,,0,0,0,▁▁▁▁▁▁▁▁▁▁▁▁▁▁▁▁,0,            
drop-nulls,,0,0,0,▁▁▁▁▁▁▁▁▁▁▁▁▁▁▁▁,0,            
df-not,,0,0,0,▁▁▁▁▁▁▁▁▁▁▁▁▁▁▁▁,0,            
cumulative,,0,0,0,▁▁▁▁▁▁▁▁▁▁▁▁▁▁▁▁,0,            
count-null,,0,0,0,▁▁▁▁▁▁▁▁▁▁▁▁▁▁▁▁,0,            
contains,,0,0,0,▁▁▁▁▁▁▁▁▁▁▁▁▁▁▁▁,0,            
concatenate,,0,0,0,▁▁▁▁▁▁▁▁▁▁▁▁▁▁▁▁,0,            
cache,,0,0,0,▁▁▁▁▁▁▁▁▁▁▁▁▁▁▁▁,0,            
as-date,,0,0,0,▁▁▁▁▁▁▁▁▁▁▁▁▁▁▁▁,0,            
arg-unique,,0,0,0,▁▁▁▁▁▁▁▁▁▁▁▁▁▁▁▁,0,            
arg-true,,0,0,0,▁▁▁▁▁▁▁▁▁▁▁▁▁▁▁▁,0,            
arg-sort,,0,0,0,▁▁▁▁▁▁▁▁▁▁▁▁▁▁▁▁,0,            
arg-min,,0,0,0,▁▁▁▁▁▁▁▁▁▁▁▁▁▁▁▁,0,            
arg-max,,0,0,0,▁▁▁▁▁▁▁▁▁▁▁▁▁▁▁▁,0,            
all-true,,0,0,0,▁▁▁▁▁▁▁▁▁▁▁▁▁▁▁▁,0,            
all-false,,0,0,0,▁▁▁▁▁▁▁▁▁▁▁▁▁▁▁▁,0,            
agg-groups,,0,0,0,▁▁▁▁▁▁▁▁▁▁▁▁▁▁▁▁,0,            
count,,0,0,0,▁▁▁▁▁▁▁▁▁▁▁▁▁▁▁▁,0,            
to url,,0,0,0,▁▁▁▁▁▁▁▁▁▁▁▁▁▁▁▁,0,            
fill-na,,0,0,0,▁▁▁▁▁▁▁▁▁▁▁▁▁▁▁▁,0,            
from table,,0,0,0,▁▁▁▁▁▁▁▁▁▁▁▁▁▁▁▁,0,            
testing-db,,0,0,0,▁▁▁▁▁▁▁▁▁▁▁▁▁▁▁▁,0,            
over,,0,0,0,▁▁▁▁▁▁▁▁▁▁▁▁▁▁▁▁,0,            
order-by,,0,0,0,▁▁▁▁▁▁▁▁▁▁▁▁▁▁▁▁,0,            
or,,0,0,0,▁▁▁▁▁▁▁▁▁▁▁▁▁▁▁▁,0,            
open-db,,0,0,0,▁▁▁▁▁▁▁▁▁▁▁▁▁▁▁▁,0,            
limit,,0,0,0,▁▁▁▁▁▁▁▁▁▁▁▁▁▁▁▁,0,            
into db,,0,0,0,▁▁▁▁▁▁▁▁▁▁▁▁▁▁▁▁,0,            
field,,0,0,0,▁▁▁▁▁▁▁▁▁▁▁▁▁▁▁▁,0,            
and,,0,0,0,▁▁▁▁▁▁▁▁▁▁▁▁▁▁▁▁,0,            
url scheme,,0,0,0,▁▁▁▁▁▁▁▁▁▁▁▁▁▁▁▁,0,            
url query,,0,0,0,▁▁▁▁▁▁▁▁▁▁▁▁▁▁▁▁,0,            
url path,,0,0,0,▁▁▁▁▁▁▁▁▁▁▁▁▁▁▁▁,0,            
url host,,0,0,0,▁▁▁▁▁▁▁▁▁▁▁▁▁▁▁▁,0,            
query dfr,,0,0,0,▁▁▁▁▁▁▁▁▁▁▁▁▁▁▁▁,0,            
export env,,0,0,0,▁▁▁▁▁▁▁▁▁▁▁▁▁▁▁▁,0,            
MsgPack Serializer,,0,0,0,▁▁▁▁▁▁▁▁▁▁▁▁▁▁▁▁,0,            
Json Serializer,,0,0,0,▁▁▁▁▁▁▁▁▁▁▁▁▁▁▁▁,0,            
Capnp Serializer,,0,0,0,▁▁▁▁▁▁▁▁▁▁▁▁▁▁▁▁,0,            
overlay remove,,0,0,0,▁▁▁▁▁▁▁▁▁▁▁▁▁▁▁▁,0,            
overlay add,,0,0,0,▁▁▁▁▁▁▁▁▁▁▁▁▁▁▁▁,0,            
any?,,0,0,0,▁▁▁▁▁▁▁▁▁▁▁▁▁▁▁▁,0,            
all?,,0,0,0,▁▁▁▁▁▁▁▁▁▁▁▁▁▁▁▁,0,            
empty?,,0,0,0,▁▁▁▁▁▁▁▁▁▁▁▁▁▁▁▁,0,            
unalias,,0,0,0,▁▁▁▁▁▁▁▁▁▁▁▁▁▁▁▁,0,            
keep while,,0,0,0,▁▁▁▁▁▁▁▁▁▁▁▁▁▁▁▁,0,            
keep until,,0,0,0,▁▁▁▁▁▁▁▁▁▁▁▁▁▁▁▁,0,            
keep,,0,0,0,▁▁▁▁▁▁▁▁▁▁▁▁▁▁▁▁,0,            
pivot,,0,0,0,▁▁▁▁▁▁▁▁▁▁▁▁▁▁▁▁,0,            
nth,,0,0,0,▁▁▁▁▁▁▁▁▁▁▁▁▁▁▁▁,0,            
to-uppercase,,0,0,0,▁▁▁▁▁▁▁▁▁▁▁▁▁▁▁▁,0,            
to-parquet,,0,0,0,▁▁▁▁▁▁▁▁▁▁▁▁▁▁▁▁,0,            
to-nu,,0,0,0,▁▁▁▁▁▁▁▁▁▁▁▁▁▁▁▁,0,            
to-lowercase,,0,0,0,▁▁▁▁▁▁▁▁▁▁▁▁▁▁▁▁,0,            
to-lazy,,0,0,0,▁▁▁▁▁▁▁▁▁▁▁▁▁▁▁▁,0,            
to-dummies,,0,0,0,▁▁▁▁▁▁▁▁▁▁▁▁▁▁▁▁,0,            
to-df,,0,0,0,▁▁▁▁▁▁▁▁▁▁▁▁▁▁▁▁,0,            
db over,,0,0,0,▁▁▁▁▁▁▁▁▁▁▁▁▁▁▁▁,0,            
db join,,0,0,0,▁▁▁▁▁▁▁▁▁▁▁▁▁▁▁▁,0,            
db group-by,,0,0,0,▁▁▁▁▁▁▁▁▁▁▁▁▁▁▁▁,0,            
db fn,,0,0,0,▁▁▁▁▁▁▁▁▁▁▁▁▁▁▁▁,0,            
db where,,0,0,0,▁▁▁▁▁▁▁▁▁▁▁▁▁▁▁▁,0,            
db testing,,0,0,0,▁▁▁▁▁▁▁▁▁▁▁▁▁▁▁▁,0,            
db select,,0,0,0,▁▁▁▁▁▁▁▁▁▁▁▁▁▁▁▁,0,            
db schema,,0,0,0,▁▁▁▁▁▁▁▁▁▁▁▁▁▁▁▁,0,            
db query,,0,0,0,▁▁▁▁▁▁▁▁▁▁▁▁▁▁▁▁,0,            
db order-by,,0,0,0,▁▁▁▁▁▁▁▁▁▁▁▁▁▁▁▁,0,            
db or,,0,0,0,▁▁▁▁▁▁▁▁▁▁▁▁▁▁▁▁,0,            
db open,,0,0,0,▁▁▁▁▁▁▁▁▁▁▁▁▁▁▁▁,0,            
db limit,,0,0,0,▁▁▁▁▁▁▁▁▁▁▁▁▁▁▁▁,0,            
db from,,0,0,0,▁▁▁▁▁▁▁▁▁▁▁▁▁▁▁▁,0,            
db describe,,0,0,0,▁▁▁▁▁▁▁▁▁▁▁▁▁▁▁▁,0,            
db collect,,0,0,0,▁▁▁▁▁▁▁▁▁▁▁▁▁▁▁▁,0,            
db col,,0,0,0,▁▁▁▁▁▁▁▁▁▁▁▁▁▁▁▁,0,            
db as,,0,0,0,▁▁▁▁▁▁▁▁▁▁▁▁▁▁▁▁,0,            
db and,,0,0,0,▁▁▁▁▁▁▁▁▁▁▁▁▁▁▁▁,0,            
db,,0,0,0,▁▁▁▁▁▁▁▁▁▁▁▁▁▁▁▁,0,            
to-csv,,0,0,0,▁▁▁▁▁▁▁▁▁▁▁▁▁▁▁▁,0,            
dfr to-lazy,,0,0,0,▁▁▁▁▁▁▁▁▁▁▁▁▁▁▁▁,0,            
dfr fill-na,,0,0,0,▁▁▁▁▁▁▁▁▁▁▁▁▁▁▁▁,0,            
dfr to-uppercase,,0,0,0,▁▁▁▁▁▁▁▁▁▁▁▁▁▁▁▁,0,            
dfr to-nu,,0,0,0,▁▁▁▁▁▁▁▁▁▁▁▁▁▁▁▁,0,            
dfr to-lowercase,,0,0,0,▁▁▁▁▁▁▁▁▁▁▁▁▁▁▁▁,0,            
dfr to-dummies,,0,0,0,▁▁▁▁▁▁▁▁▁▁▁▁▁▁▁▁,0,            
dfr to-df,,0,0,0,▁▁▁▁▁▁▁▁▁▁▁▁▁▁▁▁,0,            
dfr sort,,0,0,0,▁▁▁▁▁▁▁▁▁▁▁▁▁▁▁▁,0,            
dfr rename-col,,0,0,0,▁▁▁▁▁▁▁▁▁▁▁▁▁▁▁▁,0,            
dfr describe,,0,0,0,▁▁▁▁▁▁▁▁▁▁▁▁▁▁▁▁,0,            
dfr count-unique,,0,0,0,▁▁▁▁▁▁▁▁▁▁▁▁▁▁▁▁,0,            
dfr column,,0,0,0,▁▁▁▁▁▁▁▁▁▁▁▁▁▁▁▁,0,            
dfr aggregate,,0,0,0,▁▁▁▁▁▁▁▁▁▁▁▁▁▁▁▁,0,            
dataframe,,0,0,0,▁▁▁▁▁▁▁▁▁▁▁▁▁▁▁▁,0,            
dfr pivot,,0,0,0,▁▁▁▁▁▁▁▁▁▁▁▁▁▁▁▁,0,            
into column-path,,0,0,0,▁▁▁▁▁▁▁▁▁▁▁▁▁▁▁▁,0,            
dataframe rename-col,,0,0,0,▁▁▁▁▁▁▁▁▁▁▁▁▁▁▁▁,0,            
dataframe strftime,,0,0,0,▁▁▁▁▁▁▁▁▁▁▁▁▁▁▁▁,0,            
dataframe rolling,,0,0,0,▁▁▁▁▁▁▁▁▁▁▁▁▁▁▁▁,0,            
dataframe get-year,,0,0,0,▁▁▁▁▁▁▁▁▁▁▁▁▁▁▁▁,0,            
dataframe get-weekday,,0,0,0,▁▁▁▁▁▁▁▁▁▁▁▁▁▁▁▁,0,            
dataframe get-week,,0,0,0,▁▁▁▁▁▁▁▁▁▁▁▁▁▁▁▁,0,            
dataframe get-second,,0,0,0,▁▁▁▁▁▁▁▁▁▁▁▁▁▁▁▁,0,            
dataframe get-ordinal,,0,0,0,▁▁▁▁▁▁▁▁▁▁▁▁▁▁▁▁,0,            
dataframe get-nanosecond,,0,0,0,▁▁▁▁▁▁▁▁▁▁▁▁▁▁▁▁,0,            
dataframe get-month,,0,0,0,▁▁▁▁▁▁▁▁▁▁▁▁▁▁▁▁,0,            
dataframe get-minute,,0,0,0,▁▁▁▁▁▁▁▁▁▁▁▁▁▁▁▁,0,            
dataframe get-hour,,0,0,0,▁▁▁▁▁▁▁▁▁▁▁▁▁▁▁▁,0,            
dataframe get-day,,0,0,0,▁▁▁▁▁▁▁▁▁▁▁▁▁▁▁▁,0,            
dataframe describe,,0,0,0,▁▁▁▁▁▁▁▁▁▁▁▁▁▁▁▁,0,            
dataframe cum,,0,0,0,▁▁▁▁▁▁▁▁▁▁▁▁▁▁▁▁,0,            
into path,,0,0,0,▁▁▁▁▁▁▁▁▁▁▁▁▁▁▁▁,0,            
dataframe to-uppercase,,0,0,0,▁▁▁▁▁▁▁▁▁▁▁▁▁▁▁▁,0,            
dataframe to-lowercase,,0,0,0,▁▁▁▁▁▁▁▁▁▁▁▁▁▁▁▁,0,            
dataframe str-slice,,0,0,0,▁▁▁▁▁▁▁▁▁▁▁▁▁▁▁▁,0,            
dataframe str-lengths,,0,0,0,▁▁▁▁▁▁▁▁▁▁▁▁▁▁▁▁,0,            
dataframe shape,,0,0,0,▁▁▁▁▁▁▁▁▁▁▁▁▁▁▁▁,0,            
dataframe replace-all,,0,0,0,▁▁▁▁▁▁▁▁▁▁▁▁▁▁▁▁,0,            
dataframe replace,,0,0,0,▁▁▁▁▁▁▁▁▁▁▁▁▁▁▁▁,0,            
dataframe contains,,0,0,0,▁▁▁▁▁▁▁▁▁▁▁▁▁▁▁▁,0,            
dataframe concatenate,,0,0,0,▁▁▁▁▁▁▁▁▁▁▁▁▁▁▁▁,0,            
dataframe append,,0,0,0,▁▁▁▁▁▁▁▁▁▁▁▁▁▁▁▁,0,            
pathvar save,,0,0,0,▁▁▁▁▁▁▁▁▁▁▁▁▁▁▁▁,0,            
pathvar reset,,0,0,0,▁▁▁▁▁▁▁▁▁▁▁▁▁▁▁▁,0,            
pathvar remove,,0,0,0,▁▁▁▁▁▁▁▁▁▁▁▁▁▁▁▁,0,            
pathvar append,,0,0,0,▁▁▁▁▁▁▁▁▁▁▁▁▁▁▁▁,0,            
pathvar add,,0,0,0,▁▁▁▁▁▁▁▁▁▁▁▁▁▁▁▁,0,            
pathvar,,0,0,0,▁▁▁▁▁▁▁▁▁▁▁▁▁▁▁▁,0,            
dataframe take,,0,0,0,▁▁▁▁▁▁▁▁▁▁▁▁▁▁▁▁,0,            
dataframe set-with-idx,,0,0,0,▁▁▁▁▁▁▁▁▁▁▁▁▁▁▁▁,0,            
dataframe open,,0,0,0,▁▁▁▁▁▁▁▁▁▁▁▁▁▁▁▁,0,            
dataframe not,,0,0,0,▁▁▁▁▁▁▁▁▁▁▁▁▁▁▁▁,0,            
dataframe last,,0,0,0,▁▁▁▁▁▁▁▁▁▁▁▁▁▁▁▁,0,            
dataframe first,,0,0,0,▁▁▁▁▁▁▁▁▁▁▁▁▁▁▁▁,0,            
dataframe filter-with,,0,0,0,▁▁▁▁▁▁▁▁▁▁▁▁▁▁▁▁,0,            
unlet-env,,0,0,0,▁▁▁▁▁▁▁▁▁▁▁▁▁▁▁▁,0,            
dataframe with-column,,0,0,0,▁▁▁▁▁▁▁▁▁▁▁▁▁▁▁▁,0,            
dataframe where,,0,0,0,▁▁▁▁▁▁▁▁▁▁▁▁▁▁▁▁,0,            
dataframe value-counts,,0,0,0,▁▁▁▁▁▁▁▁▁▁▁▁▁▁▁▁,0,            
dataframe unique,,0,0,0,▁▁▁▁▁▁▁▁▁▁▁▁▁▁▁▁,0,            
dataframe to-parquet,,0,0,0,▁▁▁▁▁▁▁▁▁▁▁▁▁▁▁▁,0,            
dataframe to-dummies,,0,0,0,▁▁▁▁▁▁▁▁▁▁▁▁▁▁▁▁,0,            
dataframe to-df,,0,0,0,▁▁▁▁▁▁▁▁▁▁▁▁▁▁▁▁,0,            
dataframe to-csv,,0,0,0,▁▁▁▁▁▁▁▁▁▁▁▁▁▁▁▁,0,            
dataframe sort,,0,0,0,▁▁▁▁▁▁▁▁▁▁▁▁▁▁▁▁,0,            
dataframe slice,,0,0,0,▁▁▁▁▁▁▁▁▁▁▁▁▁▁▁▁,0,            
dataframe show,,0,0,0,▁▁▁▁▁▁▁▁▁▁▁▁▁▁▁▁,0,            
dataframe shift,,0,0,0,▁▁▁▁▁▁▁▁▁▁▁▁▁▁▁▁,0,            
dataframe set,,0,0,0,▁▁▁▁▁▁▁▁▁▁▁▁▁▁▁▁,0,            
dataframe select,,0,0,0,▁▁▁▁▁▁▁▁▁▁▁▁▁▁▁▁,0,            
dataframe sample,,0,0,0,▁▁▁▁▁▁▁▁▁▁▁▁▁▁▁▁,0,            
dataframe rename,,0,0,0,▁▁▁▁▁▁▁▁▁▁▁▁▁▁▁▁,0,            
dataframe pivot,,0,0,0,▁▁▁▁▁▁▁▁▁▁▁▁▁▁▁▁,0,            
dataframe melt,,0,0,0,▁▁▁▁▁▁▁▁▁▁▁▁▁▁▁▁,0,            
dataframe list,,0,0,0,▁▁▁▁▁▁▁▁▁▁▁▁▁▁▁▁,0,            
dataframe join,,0,0,0,▁▁▁▁▁▁▁▁▁▁▁▁▁▁▁▁,0,            
dataframe is-unique,,0,0,0,▁▁▁▁▁▁▁▁▁▁▁▁▁▁▁▁,0,            
dataframe is-null,,0,0,0,▁▁▁▁▁▁▁▁▁▁▁▁▁▁▁▁,0,            
dataframe is-not-null,,0,0,0,▁▁▁▁▁▁▁▁▁▁▁▁▁▁▁▁,0,            
dataframe is-in,,0,0,0,▁▁▁▁▁▁▁▁▁▁▁▁▁▁▁▁,0,            
dataframe is-duplicated,,0,0,0,▁▁▁▁▁▁▁▁▁▁▁▁▁▁▁▁,0,            
dataframe group-by,,0,0,0,▁▁▁▁▁▁▁▁▁▁▁▁▁▁▁▁,0,            
dataframe get,,0,0,0,▁▁▁▁▁▁▁▁▁▁▁▁▁▁▁▁,0,            
dataframe dtypes,,0,0,0,▁▁▁▁▁▁▁▁▁▁▁▁▁▁▁▁,0,            
dataframe drop-nulls,,0,0,0,▁▁▁▁▁▁▁▁▁▁▁▁▁▁▁▁,0,            
dataframe drop-duplicates,,0,0,0,▁▁▁▁▁▁▁▁▁▁▁▁▁▁▁▁,0,            
dataframe drop,,0,0,0,▁▁▁▁▁▁▁▁▁▁▁▁▁▁▁▁,0,            
dataframe count-unique,,0,0,0,▁▁▁▁▁▁▁▁▁▁▁▁▁▁▁▁,0,            
dataframe count-null,,0,0,0,▁▁▁▁▁▁▁▁▁▁▁▁▁▁▁▁,0,            
dataframe column,,0,0,0,▁▁▁▁▁▁▁▁▁▁▁▁▁▁▁▁,0,            
dataframe arg-unique,,0,0,0,▁▁▁▁▁▁▁▁▁▁▁▁▁▁▁▁,0,            
dataframe arg-true,,0,0,0,▁▁▁▁▁▁▁▁▁▁▁▁▁▁▁▁,0,            
dataframe arg-sort,,0,0,0,▁▁▁▁▁▁▁▁▁▁▁▁▁▁▁▁,0,            
dataframe arg-min,,0,0,0,▁▁▁▁▁▁▁▁▁▁▁▁▁▁▁▁,0,            
dataframe arg-max,,0,0,0,▁▁▁▁▁▁▁▁▁▁▁▁▁▁▁▁,0,            
dataframe all-true,,0,0,0,▁▁▁▁▁▁▁▁▁▁▁▁▁▁▁▁,0,            
dataframe all-false,,0,0,0,▁▁▁▁▁▁▁▁▁▁▁▁▁▁▁▁,0,            
dataframe aggregate,,0,0,0,▁▁▁▁▁▁▁▁▁▁▁▁▁▁▁▁,0,            
rotate counter-clockwise,,0,0,0,▁▁▁▁▁▁▁▁▁▁▁▁▁▁▁▁,0,            
roll column,,0,0,0,▁▁▁▁▁▁▁▁▁▁▁▁▁▁▁▁,0,            
stub open,,0,0,0,▁▁▁▁▁▁▁▁▁▁▁▁▁▁▁▁,0,            
chart,,0,0,0,▁▁▁▁▁▁▁▁▁▁▁▁▁▁▁▁,0,            
nu plugin,,0,0,0,▁▁▁▁▁▁▁▁▁▁▁▁▁▁▁▁,0,            
each window,,0,0,0,▁▁▁▁▁▁▁▁▁▁▁▁▁▁▁▁,0,            
each group,,0,0,0,▁▁▁▁▁▁▁▁▁▁▁▁▁▁▁▁,0,            
config set_into,,0,0,0,▁▁▁▁▁▁▁▁▁▁▁▁▁▁▁▁,0,            
config set,,0,0,0,▁▁▁▁▁▁▁▁▁▁▁▁▁▁▁▁,0,            
config remove,,0,0,0,▁▁▁▁▁▁▁▁▁▁▁▁▁▁▁▁,0,            
config path,,0,0,0,▁▁▁▁▁▁▁▁▁▁▁▁▁▁▁▁,0,            
config get,,0,0,0,▁▁▁▁▁▁▁▁▁▁▁▁▁▁▁▁,0,            
config clear,,0,0,0,▁▁▁▁▁▁▁▁▁▁▁▁▁▁▁▁,0,            
autoenv untrust,,0,0,0,▁▁▁▁▁▁▁▁▁▁▁▁▁▁▁▁,0,            
autoenv trust,,0,0,0,▁▁▁▁▁▁▁▁▁▁▁▁▁▁▁▁,0,            
autoenv,,0,0,0,▁▁▁▁▁▁▁▁▁▁▁▁▁▁▁▁,0,            
group-by date,,0,0,0,▁▁▁▁▁▁▁▁▁▁▁▁▁▁▁▁,0,            
run_external,,0,0,0,▁▁▁▁▁▁▁▁▁▁▁▁▁▁▁▁,0,            
filesystem,,0,0,0,▁▁▁▁▁▁▁▁▁▁▁▁▁▁▁▁,0,            
tags,,0,0,0,▁▁▁▁▁▁▁▁▁▁▁▁▁▁▁▁,0,            
autoview,,0,0,0,▁▁▁▁▁▁▁▁▁▁▁▁▁▁▁▁,0,            
into column_path,,0,0,0,▁▁▁▁▁▁▁▁▁▁▁▁▁▁▁▁,0,            
paste,,0,0,0,▁▁▁▁▁▁▁▁▁▁▁▁▁▁▁▁,0,            
dataframe to-series,,0,0,0,▁▁▁▁▁▁▁▁▁▁▁▁▁▁▁▁,0,            
dataframe tail,,0,0,0,▁▁▁▁▁▁▁▁▁▁▁▁▁▁▁▁,0,            
dataframe load,,0,0,0,▁▁▁▁▁▁▁▁▁▁▁▁▁▁▁▁,0,            
dataframe head,,0,0,0,▁▁▁▁▁▁▁▁▁▁▁▁▁▁▁▁,0,            
dataframe filter,,0,0,0,▁▁▁▁▁▁▁▁▁▁▁▁▁▁▁▁,0,            
str rtrim,,0,0,0,▁▁▁▁▁▁▁▁▁▁▁▁▁▁▁▁,0,            
str ltrim,,0,0,0,▁▁▁▁▁▁▁▁▁▁▁▁▁▁▁▁,0,            
pls show,,0,0,0,▁▁▁▁▁▁▁▁▁▁▁▁▁▁▁▁,0,            
pls select,,0,0,0,▁▁▁▁▁▁▁▁▁▁▁▁▁▁▁▁,0,            
pls sample,,0,0,0,▁▁▁▁▁▁▁▁▁▁▁▁▁▁▁▁,0,            
pls load,,0,0,0,▁▁▁▁▁▁▁▁▁▁▁▁▁▁▁▁,0,            
pls list,,0,0,0,▁▁▁▁▁▁▁▁▁▁▁▁▁▁▁▁,0,            
pls join,,0,0,0,▁▁▁▁▁▁▁▁▁▁▁▁▁▁▁▁,0,            
pls groupby,,0,0,0,▁▁▁▁▁▁▁▁▁▁▁▁▁▁▁▁,0,            
pls dtypes,,0,0,0,▁▁▁▁▁▁▁▁▁▁▁▁▁▁▁▁,0,            
pls drop,,0,0,0,▁▁▁▁▁▁▁▁▁▁▁▁▁▁▁▁,0,            
pls convert,,0,0,0,▁▁▁▁▁▁▁▁▁▁▁▁▁▁▁▁,0,            
pls aggregate,,0,0,0,▁▁▁▁▁▁▁▁▁▁▁▁▁▁▁▁,0,            
pls,,0,0,0,▁▁▁▁▁▁▁▁▁▁▁▁▁▁▁▁,0,            
date utc,,0,0,0,▁▁▁▁▁▁▁▁▁▁▁▁▁▁▁▁,0,            
str from,,0,0,0,▁▁▁▁▁▁▁▁▁▁▁▁▁▁▁▁,0,            
path filestem,,0,0,0,▁▁▁▁▁▁▁▁▁▁▁▁▁▁▁▁,0,            
into-int,,0,0,0,▁▁▁▁▁▁▁▁▁▁▁▁▁▁▁▁,0,            
path extension,,0,0,0,▁▁▁▁▁▁▁▁▁▁▁▁▁▁▁▁,0,            
config load,,0,0,0,▁▁▁▁▁▁▁▁▁▁▁▁▁▁▁▁,0,            
mock,,0,0,0,▁▁▁▁▁▁▁▁▁▁▁▁▁▁▁▁,0,            
str set,,0,0,0,▁▁▁▁▁▁▁▁▁▁▁▁▁▁▁▁,0,            
move column,,0,0,0,▁▁▁▁▁▁▁▁▁▁▁▁▁▁▁▁,0,            
trim,,0,0,0,▁▁▁▁▁▁▁▁▁▁▁▁▁▁▁▁,0,            
to sqlite,,0,0,0,▁▁▁▁▁▁▁▁▁▁▁▁▁▁▁▁,0,            
to db,,0,0,0,▁▁▁▁▁▁▁▁▁▁▁▁▁▁▁▁,0,            
to bson,,0,0,0,▁▁▁▁▁▁▁▁▁▁▁▁▁▁▁▁,0,            
skip-until,,0,0,0,▁▁▁▁▁▁▁▁▁▁▁▁▁▁▁▁,0,            
keep-while,,0,0,0,▁▁▁▁▁▁▁▁▁▁▁▁▁▁▁▁,0,            
keep-until,,0,0,0,▁▁▁▁▁▁▁▁▁▁▁▁▁▁▁▁,0,            
from sqlite,,0,0,0,▁▁▁▁▁▁▁▁▁▁▁▁▁▁▁▁,0,            
from db,,0,0,0,▁▁▁▁▁▁▁▁▁▁▁▁▁▁▁▁,0,            
from bson,,0,0,0,▁▁▁▁▁▁▁▁▁▁▁▁▁▁▁▁,0,            
calc,,0,0,0,▁▁▁▁▁▁▁▁▁▁▁▁▁▁▁▁,0,            
t-sort-by,,0,0,0,▁▁▁▁▁▁▁▁▁▁▁▁▁▁▁▁,0,            
reduce-by,,0,0,0,▁▁▁▁▁▁▁▁▁▁▁▁▁▁▁▁,0,            
map-max-by,,0,0,0,▁▁▁▁▁▁▁▁▁▁▁▁▁▁▁▁,0,            
evaluate-by,,0,0,0,▁▁▁▁▁▁▁▁▁▁▁▁▁▁▁▁,0,            
skip-while,,0,0,0,▁▁▁▁▁▁▁▁▁▁▁▁▁▁▁▁,0,            
average,,0,0,0,▁▁▁▁▁▁▁▁▁▁▁▁▁▁▁▁,0,            
split-row,,0,0,0,▁▁▁▁▁▁▁▁▁▁▁▁▁▁▁▁,0,            
split-column,,0,0,0,▁▁▁▁▁▁▁▁▁▁▁▁▁▁▁▁,0,            
to-md,,0,0,0,▁▁▁▁▁▁▁▁▁▁▁▁▁▁▁▁,0,            
to-html,,0,0,0,▁▁▁▁▁▁▁▁▁▁▁▁▁▁▁▁,0,            
from-vcf,,0,0,0,▁▁▁▁▁▁▁▁▁▁▁▁▁▁▁▁,0,            
from-ics,,0,0,0,▁▁▁▁▁▁▁▁▁▁▁▁▁▁▁▁,0,            
from-ods,,0,0,0,▁▁▁▁▁▁▁▁▁▁▁▁▁▁▁▁,0,            
edit,,0,0,0,▁▁▁▁▁▁▁▁▁▁▁▁▁▁▁▁,0,            
from-xlsx,,0,0,0,▁▁▁▁▁▁▁▁▁▁▁▁▁▁▁▁,0,            
to-url,,0,0,0,▁▁▁▁▁▁▁▁▁▁▁▁▁▁▁▁,0,            
to-tsv,,0,0,0,▁▁▁▁▁▁▁▁▁▁▁▁▁▁▁▁,0,            
to-sqlite,,0,0,0,▁▁▁▁▁▁▁▁▁▁▁▁▁▁▁▁,0,            
to-db,,0,0,0,▁▁▁▁▁▁▁▁▁▁▁▁▁▁▁▁,0,            
to-bson,,0,0,0,▁▁▁▁▁▁▁▁▁▁▁▁▁▁▁▁,0,            
from-yml,,0,0,0,▁▁▁▁▁▁▁▁▁▁▁▁▁▁▁▁,0,            
from-url,,0,0,0,▁▁▁▁▁▁▁▁▁▁▁▁▁▁▁▁,0,            
from-tsv,,0,0,0,▁▁▁▁▁▁▁▁▁▁▁▁▁▁▁▁,0,            
from-sqlite,,0,0,0,▁▁▁▁▁▁▁▁▁▁▁▁▁▁▁▁,0,            
from-db,,0,0,0,▁▁▁▁▁▁▁▁▁▁▁▁▁▁▁▁,0,            
from-bson,,0,0,0,▁▁▁▁▁▁▁▁▁▁▁▁▁▁▁▁,0,            
to-yaml,,0,0,0,▁▁▁▁▁▁▁▁▁▁▁▁▁▁▁▁,0,            
to-toml,,0,0,0,▁▁▁▁▁▁▁▁▁▁▁▁▁▁▁▁,0,            
to-json,,0,0,0,▁▁▁▁▁▁▁▁▁▁▁▁▁▁▁▁,0,            
pick,,0,0,0,▁▁▁▁▁▁▁▁▁▁▁▁▁▁▁▁,0,            
from-yaml,,0,0,0,▁▁▁▁▁▁▁▁▁▁▁▁▁▁▁▁,0,            
from-xml,,0,0,0,▁▁▁▁▁▁▁▁▁▁▁▁▁▁▁▁,0,            
from-toml,,0,0,0,▁▁▁▁▁▁▁▁▁▁▁▁▁▁▁▁,0,            
from-json,,0,0,0,▁▁▁▁▁▁▁▁▁▁▁▁▁▁▁▁,0,            
from-ini,,0,0,0,▁▁▁▁▁▁▁▁▁▁▁▁▁▁▁▁,0,            
from-csv,,0,0,0,▁▁▁▁▁▁▁▁▁▁▁▁▁▁▁▁,0,            
separated,,0,0,0,▁▁▁▁▁▁▁▁▁▁▁▁▁▁▁▁,0,            
any string line separated by,,0,0,0,▁▁▁▁▁▁▁▁▁▁▁▁▁▁▁▁,0,            
whitespace?,,0,0,0,▁▁▁▁▁▁▁▁▁▁▁▁▁▁▁▁,0,            
unit expression,,0,0,0,▁▁▁▁▁▁▁▁▁▁▁▁▁▁▁▁,0,            
pattern,,0,0,0,▁▁▁▁▁▁▁▁▁▁▁▁▁▁▁▁,0,            
fallible,,0,0,0,▁▁▁▁▁▁▁▁▁▁▁▁▁▁▁▁,0,            
external word,,0,0,0,▁▁▁▁▁▁▁▁▁▁▁▁▁▁▁▁,0,            
external tokens,,0,0,0,▁▁▁▁▁▁▁▁▁▁▁▁▁▁▁▁,0,            
external start token,,0,0,0,▁▁▁▁▁▁▁▁▁▁▁▁▁▁▁▁,0,            
external boundary,,0,0,0,▁▁▁▁▁▁▁▁▁▁▁▁▁▁▁▁,0,            
eof,,0,0,0,▁▁▁▁▁▁▁▁▁▁▁▁▁▁▁▁,0,            
dotdot,,0,0,0,▁▁▁▁▁▁▁▁▁▁▁▁▁▁▁▁,0,            
delimited square,,0,0,0,▁▁▁▁▁▁▁▁▁▁▁▁▁▁▁▁,0,            
decimal,,0,0,0,▁▁▁▁▁▁▁▁▁▁▁▁▁▁▁▁,0,            
block,,0,0,0,▁▁▁▁▁▁▁▁▁▁▁▁▁▁▁▁,0,            
bare expression,,0,0,0,▁▁▁▁▁▁▁▁▁▁▁▁▁▁▁▁,0,            
<whitespace? eof>,,0,0,0,▁▁▁▁▁▁▁▁▁▁▁▁▁▁▁▁,0,            
type annotation,,0,0,0,▁▁▁▁▁▁▁▁▁▁▁▁▁▁▁▁,0,            
signature,,0,0,0,▁▁▁▁▁▁▁▁▁▁▁▁▁▁▁▁,0,            
separator,,0,0,0,▁▁▁▁▁▁▁▁▁▁▁▁▁▁▁▁,0,            
positional param,,0,0,0,▁▁▁▁▁▁▁▁▁▁▁▁▁▁▁▁,0,            
pair,,0,0,0,▁▁▁▁▁▁▁▁▁▁▁▁▁▁▁▁,0,            
keyword,,0,0,0,▁▁▁▁▁▁▁▁▁▁▁▁▁▁▁▁,0,            
identifier,,0,0,0,▁▁▁▁▁▁▁▁▁▁▁▁▁▁▁▁,0,            
comment,,0,0,0,▁▁▁▁▁▁▁▁▁▁▁▁▁▁▁▁,0,            
integer member,,0,0,0,▁▁▁▁▁▁▁▁▁▁▁▁▁▁▁▁,0,            
bare path,,0,0,0,▁▁▁▁▁▁▁▁▁▁▁▁▁▁▁▁,0,            
word,,0,0,0,▁▁▁▁▁▁▁▁▁▁▁▁▁▁▁▁,0,            
whitespace,,0,0,0,▁▁▁▁▁▁▁▁▁▁▁▁▁▁▁▁,0,            
variable path,,0,0,0,▁▁▁▁▁▁▁▁▁▁▁▁▁▁▁▁,0,            
variable,,0,0,0,▁▁▁▁▁▁▁▁▁▁▁▁▁▁▁▁,0,            
unit,,0,0,0,▁▁▁▁▁▁▁▁▁▁▁▁▁▁▁▁,0,            
string,,0,0,0,▁▁▁▁▁▁▁▁▁▁▁▁▁▁▁▁,0,            
shorthand path,,0,0,0,▁▁▁▁▁▁▁▁▁▁▁▁▁▁▁▁,0,            
shorthand head,,0,0,0,▁▁▁▁▁▁▁▁▁▁▁▁▁▁▁▁,0,            
shorthand block,,0,0,0,▁▁▁▁▁▁▁▁▁▁▁▁▁▁▁▁,0,            
pipeline,,0,0,0,▁▁▁▁▁▁▁▁▁▁▁▁▁▁▁▁,0,            
path continuation,,0,0,0,▁▁▁▁▁▁▁▁▁▁▁▁▁▁▁▁,0,            
number,,0,0,0,▁▁▁▁▁▁▁▁▁▁▁▁▁▁▁▁,0,            
integer,,0,0,0,▁▁▁▁▁▁▁▁▁▁▁▁▁▁▁▁,0,            
infix operator,,0,0,0,▁▁▁▁▁▁▁▁▁▁▁▁▁▁▁▁,0,            
infix inner,,0,0,0,▁▁▁▁▁▁▁▁▁▁▁▁▁▁▁▁,0,            
glob pattern,,0,0,0,▁▁▁▁▁▁▁▁▁▁▁▁▁▁▁▁,0,            
file path,,0,0,0,▁▁▁▁▁▁▁▁▁▁▁▁▁▁▁▁,0,            
external expression,,0,0,0,▁▁▁▁▁▁▁▁▁▁▁▁▁▁▁▁,0,            
expression list,,0,0,0,▁▁▁▁▁▁▁▁▁▁▁▁▁▁▁▁,0,            
expression continuation,,0,0,0,▁▁▁▁▁▁▁▁▁▁▁▁▁▁▁▁,0,            
command head,,0,0,0,▁▁▁▁▁▁▁▁▁▁▁▁▁▁▁▁,0,            
column path,,0,0,0,▁▁▁▁▁▁▁▁▁▁▁▁▁▁▁▁,0,            
classified command,,0,0,0,▁▁▁▁▁▁▁▁▁▁▁▁▁▁▁▁,0,            
bare pattern,,0,0,0,▁▁▁▁▁▁▁▁▁▁▁▁▁▁▁▁,0,            
any expression start,,0,0,0,▁▁▁▁▁▁▁▁▁▁▁▁▁▁▁▁,0,            
any expression,,0,0,0,▁▁▁▁▁▁▁▁▁▁▁▁▁▁▁▁,0,            
any block,,0,0,0,▁▁▁▁▁▁▁▁▁▁▁▁▁▁▁▁,0,            
StringShape,,0,0,0,▁▁▁▁▁▁▁▁▁▁▁▁▁▁▁▁,0,            
SimplestExpression,,0,0,0,▁▁▁▁▁▁▁▁▁▁▁▁▁▁▁▁,0,            
BackoffColoringMode,,0,0,0,▁▁▁▁▁▁▁▁▁▁▁▁▁▁▁▁,0,            
RangeShape,,0,0,0,▁▁▁▁▁▁▁▁▁▁▁▁▁▁▁▁,0,            
ExternalExpressionShape,,0,0,0,▁▁▁▁▁▁▁▁▁▁▁▁▁▁▁▁,0,            
word continuation,,0,0,0,▁▁▁▁▁▁▁▁▁▁▁▁▁▁▁▁,0,            
spaced expression,,0,0,0,▁▁▁▁▁▁▁▁▁▁▁▁▁▁▁▁,0,            
maybe space,,0,0,0,▁▁▁▁▁▁▁▁▁▁▁▁▁▁▁▁,0,            
internal command head,,0,0,0,▁▁▁▁▁▁▁▁▁▁▁▁▁▁▁▁,0,            
external command,,0,0,0,▁▁▁▁▁▁▁▁▁▁▁▁▁▁▁▁,0,            
external argument,,0,0,0,▁▁▁▁▁▁▁▁▁▁▁▁▁▁▁▁,0,            
WhitespaceShape,,0,0,0,▁▁▁▁▁▁▁▁▁▁▁▁▁▁▁▁,0,            
VariableShape,,0,0,0,▁▁▁▁▁▁▁▁▁▁▁▁▁▁▁▁,0,            
VariablePathShape,,0,0,0,▁▁▁▁▁▁▁▁▁▁▁▁▁▁▁▁,0,            
SyntaxShape,,0,0,0,▁▁▁▁▁▁▁▁▁▁▁▁▁▁▁▁,0,            
SpaceShape,,0,0,0,▁▁▁▁▁▁▁▁▁▁▁▁▁▁▁▁,0,            
ShorthandPath,,0,0,0,▁▁▁▁▁▁▁▁▁▁▁▁▁▁▁▁,0,            
ShorthandBlock,,0,0,0,▁▁▁▁▁▁▁▁▁▁▁▁▁▁▁▁,0,            
PipelineShape,,0,0,0,▁▁▁▁▁▁▁▁▁▁▁▁▁▁▁▁,0,            
PatternShape,,0,0,0,▁▁▁▁▁▁▁▁▁▁▁▁▁▁▁▁,0,            
PathTailShape,,0,0,0,▁▁▁▁▁▁▁▁▁▁▁▁▁▁▁▁,0,            
NumberShape,,0,0,0,▁▁▁▁▁▁▁▁▁▁▁▁▁▁▁▁,0,            
MemberShape,,0,0,0,▁▁▁▁▁▁▁▁▁▁▁▁▁▁▁▁,0,            
MaybeSpaceShape,,0,0,0,▁▁▁▁▁▁▁▁▁▁▁▁▁▁▁▁,0,            
InternalCommandHeadShape,,0,0,0,▁▁▁▁▁▁▁▁▁▁▁▁▁▁▁▁,0,            
IntShape,,0,0,0,▁▁▁▁▁▁▁▁▁▁▁▁▁▁▁▁,0,            
InfixShape,,0,0,0,▁▁▁▁▁▁▁▁▁▁▁▁▁▁▁▁,0,            
FilePathShape,,0,0,0,▁▁▁▁▁▁▁▁▁▁▁▁▁▁▁▁,0,            
ExternalTokensShape,,0,0,0,▁▁▁▁▁▁▁▁▁▁▁▁▁▁▁▁,0,            
ExpressionListShape,,0,0,0,▁▁▁▁▁▁▁▁▁▁▁▁▁▁▁▁,0,            
ExpressionContinuationShape,,0,0,0,▁▁▁▁▁▁▁▁▁▁▁▁▁▁▁▁,0,            
DelimitedShape,,0,0,0,▁▁▁▁▁▁▁▁▁▁▁▁▁▁▁▁,0,            
CommandTailShape,,0,0,0,▁▁▁▁▁▁▁▁▁▁▁▁▁▁▁▁,0,            
CommandShape,,0,0,0,▁▁▁▁▁▁▁▁▁▁▁▁▁▁▁▁,0,            
CommandHeadShape,,0,0,0,▁▁▁▁▁▁▁▁▁▁▁▁▁▁▁▁,0,            
ColumnPathShape,,0,0,0,▁▁▁▁▁▁▁▁▁▁▁▁▁▁▁▁,0,            
ColorableDotShape,,0,0,0,▁▁▁▁▁▁▁▁▁▁▁▁▁▁▁▁,0,            
BareTailShape,,0,0,0,▁▁▁▁▁▁▁▁▁▁▁▁▁▁▁▁,0,            
BareShape,,0,0,0,▁▁▁▁▁▁▁▁▁▁▁▁▁▁▁▁,0,            
AnyExpressionStartShape,,0,0,0,▁▁▁▁▁▁▁▁▁▁▁▁▁▁▁▁,0,            
AnyExpressionShape,,0,0,0,▁▁▁▁▁▁▁▁▁▁▁▁▁▁▁▁,0,            
AnyBlockShape,,0,0,0,▁▁▁▁▁▁▁▁▁▁▁▁▁▁▁▁,0,            
what?,,0,0,0,▁▁▁▁▁▁▁▁▁▁▁▁▁▁▁▁,0,            
ExternalExpression,,0,0,0,▁▁▁▁▁▁▁▁▁▁▁▁▁▁▁▁,0,            
vtable,,0,0,0,▁▁▁▁▁▁▁▁▁▁▁▁▁▁▁▁,0,            
to-array,,0,0,0,▁▁▁▁▁▁▁▁▁▁▁▁▁▁▁▁,0,            
from-array,,0,0,0,▁▁▁▁▁▁▁▁▁▁▁▁▁▁▁▁,0,            
