name,category,freq,freq_norm,freq_norm_bar,timeline,importance,importance_b,freq_by_user
get,filters,8481,1.0,██████████,▇█▅▅▄▃▃▄▄▃▁,0.82,█████████▉  ,██▅▃▆▂▁▄▃▁▂▃▂▂▂█
open,filesystem,8377,0.99,█████████▉,▆█▄▃▅▅▆▇▅▇▁,0.8,█████████▌  ,██▄▁▄▂▁▄▃▆▂▃▃▁▂▇
let,core,5059,0.6,██████    ,▇█▅▇▅▄▆▅▅▅▁,0.64,███████▋    ,▅▃▄█▃▁▁▂▁▁▂▂▂▆▃▁
each,filters,5057,0.6,██████    ,▅█▆▆▄▅█▆▆▄▁,0.57,██████▊     ,▅█▃▂▄▂▁▂▁▁▂▃▂▂▁▁
ls,filesystem,4801,0.57,█████▋    ,▃▆▄▄▃▄▄▃▃█▁,1.0,████████████,▅▄█▁█▃▁█▄▄█▆█▁▆▇
where,filters,4479,0.53,█████▎    ,▆▅▄█▆█▄▆▆▆▁,0.51,██████▏     ,██▅▂▅▂▁▃▃▂▂▅▃▃▁▁
first,filters,3059,0.36,███▋      ,▆█▆▅▃▃▄▃▄▅▁,0.28,███▍        ,█▁▃▁▁▂▁▁▁▄▂▃▁▁▁▁
upsert,filters,2810,0.33,███▍      ,▅▅▄█▄▂▁▁▁▁▁,0.17,██          ,█▅▃▂▁▁▁▁▁▁▁▁▁▁▁▁
str replace,strings,2709,0.32,███▎      ,▄▆▅▅▄█▆▅█▅▁,0.21,██▌         ,█▂▃▂▁▂▁▂▁▂▂▁▁▂▁▁
lines,filters,2683,0.32,███▏      ,▃▄▅▅▄▆▃█▇▅▁,0.45,█████▍      ,█▆▅▂▅▆▁▆▁▄▆▅▃▂▁▁
use,core,2386,0.28,██▉       ,▁▁▂▄▂█▄▄▃▃▁,0.24,██▉         ,█▁▂▂▅▃▁▂▂▁▁▁▁▂▅▁
select,filters,2170,0.26,██▌       ,█▆▄▇▃▅▂▃▅▄▁,0.29,███▌        ,█▇▅▂▁▂▁▂▅▃▁▁▃▃▁▁
source,core,2019,0.24,██▍       ,█▅▅▆▃▄▂▂▄▂▁,0.4,████▉       ,▅▅▆▂▄▁▂▁█▂▂▁▁▁▄▁
sort-by,filters,2004,0.24,██▍       ,▅█▅▇▄▄▄▅█▄▁,0.31,███▋        ,▇█▄▁▃▂▁▂▁▁▁▂▂▂▁█
flatten,filters,1854,0.22,██▏       ,▄█▅▅▅▃▃▃▄▆▁,0.24,██▉         ,█▄▄▂▄▁▁▃▃▁▁▅▁▃▁▁
cd,filesystem,1672,0.2,██        ,█▆▃▃▄▅▄▃▆█▁,0.85,██████████▎ ,▂▃▄▁▇▃▂▁██▇▄▄▁█▁
last,filters,1638,0.19,█▉        ,▃█▆▅▅▆▃▄▅▇▁,0.18,██▏         ,█▁▄▂█▁▁▄▁▂▁▁▁▁▁▁
save,filesystem,1632,0.19,█▉        ,▅▄▄▃▆▂█▃▃█▁,0.27,███▎        ,█▆▃▂▃▄▁▄▂▃▂▄▃▁▁▁
from json,formats,1619,0.19,█▉        ,█▂▄▄▃▂▃▃▃▂▁,0.27,███▎        ,▆█▃▂▁▁▁▄▃▂▁█▁▁▁▁
length,filters,1566,0.18,█▉        ,▃█▃▄▅▄▃▄▃▃▁,0.22,██▋         ,█▅▄▃▅▂▁▂▁▁▁▃▁▃▁▁
if,core,1562,0.18,█▉        ,▃▄▄▂▃▅▅▃█▆▁,0.38,████▌       ,▂▂▂▅▂▁▁▁▁▁▁▂▁█▁▁
parse,strings,1529,0.18,█▊        ,█▆▂▃▂▇█▆█▄▁,0.21,██▌         ,██▃▁▂▃▁▃▁▂▁▁▁▁▁▁
str join,strings,1504,0.18,█▊        ,▂▂▃▄▃▆█▅▄▅▁,0.26,███▏        ,█▆▃▅▁▅▁▂▁▁▃▅▃█▁▁
update,filters,1450,0.17,█▊        ,▁▁▁▁▁▄▇▃██▁,0.3,███▌        ,█▁▅▂▆▃▁▄█▅▂▃▁▂▁▁
glob,filesystem,1423,0.17,█▋        ,▂▅▅▆▄▃▆█▄▅▁,0.09,█▏          ,█▁▃▁▁▁▁▂▂▁▁▁▁▁▁▁
char,strings,1368,0.16,█▋        ,▁▁▂▅▄▅▃█▄▃▁,0.19,██▎         ,█▁▄█▂▁▁▁▁▁▁▁▁▄▆▁
insert,filters,1339,0.16,█▋        ,▁▃▁▂▁▅▅▅▆█▁,0.15,█▉          ,█▇▁▂▂▂▁▁▂▁▁▁▁▂▁▁
ansi,platform,1326,0.16,█▋        ,▄▂▂▂▂▁▁█▃█▁,0.31,███▋        ,▂▁▂▄▁▁▁▁▁▁▁▁▁█▁▁
print,strings,1311,0.15,█▌        ,▄▄▃▂▄▂▃█▃▅▁,0.31,███▊        ,▆▄▅▅▂▂▁▄▁▁█▃▂▄▆▁
reject,filters,1294,0.15,█▌        ,▁▇█▇▇▃▅▅▆▅▁,0.13,█▋          ,█▁▃▁▂▁▁▂▁▂▁▁▁▁▁▁
table,viewers,1189,0.14,█▍        ,▂▁▁▁▃▃▃█▃▂▁,0.31,███▊        ,▄▂▇▁▄▁▁▂▂▁▃▄▁▂▁█
split row,strings,1181,0.14,█▍        ,▇▃▂▃▂▇▇▄█▃▁,0.17,██          ,█▂▄▃▂▁▁▃▁▁▁▁▁▂▇▁
date now,date,1162,0.14,█▍        ,▃▃▂▂▄█▃▄▃▆▁,0.13,█▌          ,█▂▃▂▁▂▁▁▁▁▁▃▁▂▁▁
help,core,1102,0.13,█▎        ,█▃▃▂▂▃▁▁▂▂▁,0.68,████████▏   ,▂▂▅▁▃▁▁▂▂▂▃█▁▁▇█
history,history,1014,0.12,█▎        ,▂▇█▅▆▂▃▂▇▄▁,0.16,█▉          ,█▂█▁▂▁▁▃▁▁▁▅▁▁▁▁
transpose,filters,969,0.11,█▏        ,▆█▄█▂▄▃▅▇▄▁,0.22,██▋         ,▇▃█▂▃▁▁▂▂▁▁▇▁▂▇▁
to yaml,formats,926,0.11,█▏        ,▁▁█▁▁▁▁▄▃▁▁,0.05,▋           ,█▁▁▁▁▁▁▁▁▁▁▁▁▁▁▁
into int,conversions,904,0.11,█▏        ,▇▂▂█▅▂▆▅▃▂▁,0.14,█▊          ,█▂▆▂▃▂▁▁▂▃▁▁▁▃▁▁
append,filters,824,0.1,█         ,█▄▂▆▃▅▂▂▅▂▁,0.15,█▉          ,█▂▄▆▅▆▁▃▁▁▁▁▁▄▁▁
describe,core,817,0.1,█         ,▄██▇▄▅▆▃█▄▁,0.21,██▌         ,▅▁▅▃▃▁▁▇▁▁▂█▁▃▁▁
def,core,788,0.09,▉         ,█▅▄▃▅▆▅▇▅▄▁,0.29,███▌        ,▃▁▅▇▄▁▁▂▁▁▁▄▁█▄▁
group-by,filters,775,0.09,▉         ,▄▃█▆▄▃▂▆█▆▁,0.14,█▋          ,▇▇▅▂█▁▁▁▂▁▁▁▁▁▁▁
rename,filters,762,0.09,▉         ,▇▂▃█▃▆▄▅▆▃▁,0.13,█▋          ,██▄▂▁▃▁▂▂▁▁▁▁▄▁▁
uniq,filters,760,0.09,▉         ,▆█▅▆▇▄▄▃▅▄▁,0.13,█▋          ,█▆▃▂▁▁▁▃▁▁▁█▁▁▁▁
enumerate,filters,750,0.09,▉         ,▁▄▄▃▃▆▅▅▄█▁,0.08,█           ,█▁▂▂▁▁▁▂▁▁▁▁▁▄▁▁
format date,strings,719,0.08,▉         ,▁▁▁▂▄▇▃▆▃█▁,0.06,▊           ,█▃▁▂▁▁▁▁▁▁▁▁▁▁▁▁
wrap,filters,678,0.08,▊         ,█▂▃▆▆▆▇▅▇█▁,0.08,▉           ,█▁▄▁▁▁▁▂▁▁▁▁▁▂▁▁
timeit,debug,638,0.08,▊         ,▂█▄▁▁▁█▁▂▁▁,0.13,█▋          ,▅▁▂▁▁▃▁▃▂▁█▁▁▁▁▁
skip,filters,638,0.08,▊         ,▆█▅▃▂▂▅▃▇▃▁,0.14,█▋          ,▅▂▄▂█▁▁▃▁▁▁▁▁▂▁▁
default,filters,638,0.08,▊         ,▂▂▃▅█▄▂▃▂▃▁,0.18,██▏         ,▅▇▄▆▆▁▁▃▁▁▁▁▁█▁▁
overlay use,core,637,0.08,▊         ,█▂▃▄▅▃▂▃▃▁▁,0.05,▋           ,█▃▁▁▅▁▁▁▁▁▁▁▁▁▁▁
which,system,590,0.07,▊         ,▅▄█▃▄▄▂▄▃▄▁,0.27,███▎        ,▂▁▂▁▂▁▁▃▁▂▄▁▂▁█▁
str substring,strings,579,0.07,▋         ,▂▇▂▇▂▃▆▆▂█▁,0.1,█▏          ,█▂▂▃▁▁▁▁▁▁▁█▁▂▁▁
values,filters,567,0.07,▋         ,▂▂▆▃▃▃▃█▂▃▁,0.07,▉           ,█▄▂▁▁▁▁▁▂▁▁▁▁▂▁▁
fill,conversions,566,0.07,▋         ,▁▂▁▁▁▁▃█▁▁▁,0.11,█▍          ,▄▁▁▂▁▁▁▁▁▁▁█▁▁▁▁
rm,filesystem,559,0.07,▋         ,▇▇▅▆▅▄▄▆██▁,0.41,█████       ,▂▂▂▁▃▄▁▅▃▃▅▂▂▁█▁
par-each,filters,558,0.07,▋         ,▃█▃▄▃▁▂▁▂▁▁,0.05,▋           ,█▆▁▂▁▁▁▁▁▁▁▁▁▁▁▁
merge,filters,548,0.06,▋         ,▆▅█▆▆▅▄▃▄▂▁,0.16,██          ,▄▂█▁▄▂▁▂▄▁▁▁▁▂▁▁
term size,platform,542,0.06,▋         ,▁▁▁▁▁▁▂█▁▂▁,0.06,▊           ,█▁▅▁▁▁▁▁▃▁▁▁▁▁▁▁
columns,filters,519,0.06,▋         ,▆█▄▆▃▂▃▂▄▃▁,0.13,█▌          ,█▆▆▃▄▁▁▂▃▃▁▁▁▂▁▁
ansi strip,platform,515,0.06,▋         ,▁▁▃▃▂▇▆█▇▄▁,0.05,▋           ,█▁▅▁▁▁▁▁▁▁▁▁▁▂▁▁
mv,filesystem,504,0.06,▋         ,▂▆▇█▅▄▅▅▅█▁,0.19,██▎         ,▅▃▂▁▅▄▁▇▅▂█▁▁▁▁▁
job,experimental,460,0.05,▌         ,▄█▆▇▂▁▁▁▁▁▁,0.02,▎           ,█▁▁▁▁▁▁▁▁▁▁▁▁▁▁▁
ast,debug,459,0.05,▌         ,▁▂▁▁▁▂▂▇▃█▁,0.03,▍           ,█▁▁▁▁▁▁▁▁▁▁▁▁▁▁▁
reduce,filters,454,0.05,▌         ,▆▄▃▃▂▂▂▃▃█▁,0.1,█▏          ,█▅▆▅▁▂▁▃▁▁▁▁▁▃▁▁
from yaml,formats,443,0.05,▌         ,▁▄█▆▇▁▄▂▃▂▁,0.04,▍           ,█▂▁▁▁▁▁▁▁▁▁▁▁▁▁▁
str trim,strings,443,0.05,▌         ,▁▃▁▄▅█▄▅▅▃▁,0.13,█▌          ,▆▆█▄▃▃▁▄▁▁▁▁▁▂▁▁
query db,database,441,0.05,▌         ,▁▁▁▁▁▁▂▃█▃▁,0.04,▍           ,█▂▁▂▁▁▁▁▁▁▁▁▁▁▁▁
help commands,core,429,0.05,▌         ,▁▃▄▄▁█▇▂▁▄▁,0.13,█▋          ,▅▁█▁▃▁▁▁▂▄▁▁▇▁▁▁
into string,conversions,426,0.05,▌         ,▆▃▁▆▅▆█▂▃▃▁,0.08,▉           ,█▃▄▇▁▂▁▁▁▁▁▁▁▃▁▁
to nuon,formats,423,0.05,▌         ,▁▂▃▃▂▃▃▂█▄▁,0.1,█▎          ,▅▂▂▁▁▁▁▂▁▁▁█▁▄▁▁
join,filters,421,0.05,▌         ,▁▁▁█▇▆▄▃▂▁▁,0.04,▌           ,█▂▂▁▁▁▁▁▁▁▁▁▁▁▁▁
split chars,strings,412,0.05,▌         ,▂▁▁▄▁▁▃▁▁█▁,0.06,▊           ,▆▁▄▂▁▁▁▁▁▁▁▁█▁▁▁
to text,formats,399,0.05,▌         ,▁▂▁▁▁▁▁▂█▂▁,0.22,██▋         ,▃▆▃▁▁▁▁▄▁▄▄█▃▂▁▁
into datetime,conversions,383,0.05,▌         ,▇▃▇▄█▁▂▂▆▅▁,0.1,█▏          ,▄▅█▂▁▁▁▁▁▂▁▁▁▁▁▁
items,filters,382,0.05,▌         ,▁▁█▂▃▂▃▅▃▂▁,0.07,▉           ,█▁▂▁▁▁▁▃▁█▁▁▁▁▁▁
path join,path,373,0.04,▌         ,▁▁▂▆▆▅█▄▅█▁,0.1,█▎          ,▇▁▃▄▅▂▁▇▁▁▁█▁▁▁▁
seq,generators,360,0.04,▍         ,▂▁▁▅▆▆█▄▁▅▁,0.07,▊           ,█▁▅▅▁▁▁▁▁▁▁▁▁▃▁▁
do,core,355,0.04,▍         ,█▃▂▄▂▁▃▁▃▁▁,0.27,███▎        ,▂▁▃▂▂▁▁▂▁▂▄▄▁▄█▁
reverse,filters,349,0.04,▍         ,▄▃▃█▁▃▁▁▃█▁,0.09,█▏          ,▃▂▂▁▁▁▁▁▁▁▁█▁▁▁▁
view source,debug,321,0.04,▍         ,▃▃▂▃▁▅▆▄█▃▁,0.05,▋           ,█▆▁▁▁▁▁▁▁▁▁▁▁▄▁▁
complete,system,316,0.04,▍         ,█▃▁▄▂▄▇▂▄▂▁,0.15,█▊          ,▂▁▂▁▁▁▁▂▁▂▁▁▁▁█▁
cp,filesystem,313,0.04,▍         ,▅▆▆▅▅▅▆▃▇█▁,0.13,█▌          ,▄▂▂▁▅▂▁▅▁▁█▁▁▁▁▁
start,filesystem,301,0.04,▍         ,▁▄▂▂▂█▆▂▂█▁,0.09,█           ,▃▁▂▁▁▂▁▃▁█▁▁▁▁▁▁
ps,system,293,0.03,▍         ,▁▁▂▂▂▂▁▁▇█▁,0.2,██▍         ,▂▁▂▁▁▁▃▃▁▁▁▃▁▁█▁
to json,formats,293,0.03,▍         ,▃▁█▃▄▁▂▂▇▄▁,0.13,█▋          ,▃█▃▁▁▁▁▂▁▄▁▁▁▂▁▁
math sum,math,292,0.03,▍         ,▂▅▃▆▃▂█▁█▂▁,0.07,▊           ,█▆▃▁▇▁▁▁▁▁▁▁▁▁▁▁
http get,network,287,0.03,▍         ,▁▃█▆▄▁▃▁▄▂▁,0.18,██▏         ,▂▁▃▁▁▁▁▃▂█▁▁▁▁▆▁
sort,filters,277,0.03,▍         ,▂▃▂▇▃▄▁▃█▃▁,0.07,▉           ,▇▆▁▄▁█▁▁▄▁▁▁▁▁▁▁
clear,platform,273,0.03,▍         ,▁▁▁▁▁▁▁█▁▂▁,0.14,█▋          ,▂▁▁▁▁▁▁▁█▂▁▁▁▁▁▁
str length,strings,269,0.03,▍         ,▂▃▃▄▂▇▄▅▅█▁,0.06,▊           ,▆▂█▅▁▁▁▁▁▁▁▁▁▁▁▁
skip until,filters,269,0.03,▍         ,▁▁█▂▃▂▆▁█▁▁,0.04,▌           ,█▁▁▁▁▁▁▅▁▁▁▁▁▂▁▁
find,filters,265,0.03,▎         ,▂▆█▃▁▂▁▂▅▅▁,0.32,███▉        ,▂▅▃▁▄▁▁▃▁▁▂▂▁▂▃█
echo,core,260,0.03,▎         ,█▂▂▁▃▁▁▁▁▁▁,0.41,████▉       ,▂▂▃▂▂▂▁▂▁▁▃▅▁▂█▇
uniq-by,filters,254,0.03,▎         ,▁▂▁█▆▂▂▄▅▃▁,0.03,▍           ,█▂▁▁▁▁▁▁▁▁▁▁▁▁▁▁
mkdir,filesystem,252,0.03,▎         ,█▇▅▅▆▅▆▅▇▇▁,0.19,██▎         ,▃▂▂▁▄▃▁▄▄▃▄█▁▁▁▁
into binary,conversions,249,0.03,▎         ,▃▁▁▁▁▁▄▄█▃▁,0.07,▉           ,▄▁█▁▁▁▁▁▁▁▁▁▅▁▁▁
ansi gradient,platform,243,0.03,▎         ,▂▁▂▁█▅▄▄▁▂▁,0.01,▏           ,█▁▁▁▁▁▁▁▁▁▁▁▁▁▁▁
window,filters,236,0.03,▎         ,▃▄▂█▅█▂▂█▅▁,0.05,▌           ,█▃▆▁▁▁▁▆▁▁▁▁▁▁▁▁
debug profile,debug,234,0.03,▎         ,▁▁▁▁▁▁█▁▂▅▁,0.01,▏           ,█▁▁▁▁▁▁▁▁▁▁▁▁▁▁▁
prepend,filters,231,0.03,▎         ,▁▁▇▃▂▅▆▁█▂▁,0.11,█▎          ,▂▁▂▂▁▁▁▂▁▁▁▁▁▂█▁
explore,viewers,228,0.03,▎         ,█▆▅▄▆▅▁▄█▅▁,0.13,█▌          ,▃▃▆▁▁▁▁▂▁█▁▇▁▁▁▁
drop,filters,218,0.03,▎         ,▅▁▄▃▂█▆▂▂▃▁,0.08,█           ,▃▁▁▁█▁▁▁▁▁▁▁▁▁▁▁
path basename,path,209,0.02,▎         ,▁▇▄█▃▃▃▂▂▅▁,0.04,▌           ,█▁▁▃▁▂▁▆▁▁▁▁▁▁▁▁
path parse,path,203,0.02,▎         ,▁▆▃▆▂█▅▅▃▃▁,0.08,█           ,▄▁▃▁▃▁▁▃▁▁▁█▁▁▁▁
math round,math,196,0.02,▎         ,▁▁▁▂▁▁█▁▁▁▁,0.03,▍           ,█▁▁▄▁▁▁▁▁▁▁▁▁▃▁▁
sleep,platform,195,0.02,▎         ,▁▁▁▁▂▁█▁▄▂▁,0.08,█           ,▄█▄▁▁▄▁▅▁▁▁▁▁▁▁▁
try,core,193,0.02,▎         ,▅▅▄▂▁▄▃▂█▃▁,0.15,█▉          ,▂▂▂▂▁▂▁▁▁▁▁▅▁▄█▁
export def,core,185,0.02,▎         ,▃▁▁▁▂▂█▆▆█▁,0.14,█▋          ,▂▃▁▇▂▁▁▁▁▁▁▁▁█▁▁
filter,filters,175,0.02,▎         ,▅█▅▂▂▇▁▂▃▄▁,0.13,█▌          ,▂▁▂▁▂▂▁▂▂▅█▁▁▁▁▁
overlay hide,core,173,0.02,▎         ,▅▂▁▄█▅▁▂▁▁▁,0.02,▎           ,█▁▁▁█▁▁▁▁▁▁▁▁▁▁▁
path expand,path,172,0.02,▎         ,▂▃▁▂▂▃█▃▅▄▁,0.12,█▍          ,▂▁▂▂▂█▁▅▁▁▁▁▁▄▁▁
take until,filters,171,0.02,▎         ,▁▁▆▁▄▂▇▁█▁▁,0.02,▎           ,█▁▁▁▁▁▁▁▁▁▁▁▁▁▁▁
split column,strings,162,0.02,▎         ,▂▂▁▂▁▁▁▁█▆▁,0.08,█           ,▃▁█▂▁▃▁▁▂▁▁▁▁▁▁▁
exit,shells,155,0.02,▏         ,▁▁▁▁▁▁▁▁▁█▁,0.28,███▍        ,▁▂▁▁▁█▁▁▁▂▁▁▂▁▁▁
str upcase,strings,151,0.02,▏         ,▁▁▁▂▁▁▁█▁▁▁,0.02,▎           ,█▁▁▂▁▁▁▁▁▁▁▁▁▃▁▁
match,core,148,0.02,▏         ,▁▂▂▄▃▂▂▁█▁▁,0.06,▋           ,▃▁▁▃▁▁▁▁▁▁▁▁▁█▁▁
into float,conversions,145,0.02,▏         ,▁▁▁█▂▁▅▁▂▁▁,0.02,▎           ,█▁▁▃▁▁▁▁▁▁▁▁▁▃▁▁
config nu,env,143,0.02,▏         ,▁▁▁▁▁▁▂▂▇█▁,0.06,▊           ,▂▁▁▁▃▂▁▁▁▁▁█▁▁▁▁
split list,filters,141,0.02,▏         ,▁▁▁▃▁█▃▂▇▁▁,0.03,▎           ,█▂▁▂▁▂▁▁▁▁▁▁▁▁▁▁
inspect,debug,140,0.02,▏         ,▂█▃▂▄▃▄▂▂▁▁,0.04,▌           ,▅▁▆▁▁▁▁▁▁▁█▁▁▁▁▁
config flatten,debug,139,0.02,▏         ,▁▁▁▁▁▁▁▁█▁▁,0.01,▏           ,█▁▁▁▁▁▁▁▁▁▁▁▁▁▁▁
collect,filters,137,0.02,▏         ,▂▁▁▃▁▁█▆▂▃▁,0.07,▉           ,▂▁▂▁█▁▁▂▁▁▁▁▁▃▁▁
zip,filters,137,0.02,▏         ,▃▂▁▁▁▃█▁▄▁▁,0.07,▉           ,▆▁█▂▆▁▁▅▁▇▁▁▁▇▁▁
math max,math,136,0.02,▏         ,▁▂▅▃▄▂█▂▂▂▁,0.02,▎           ,█▁▁▃▁▁▁▁▁▁▁▁▁▄▁▁
scope commands,core,133,0.02,▏         ,▁▁▁▁▁█▂▁▄▇▁,0.05,▋           ,▄▂▁▂▁▁▁▁▁▁▁▁▁█▁▁
to md,formats,131,0.02,▏         ,▃▂▂▂▂▁█▃▃▃▁,0.06,▊           ,▆▆▄▂█▁▁▁▁▆▁▁▁▁▁▁
path exists,path,130,0.02,▏         ,▃▁▄▁▅▆█▄▆▃▁,0.04,▌           ,█▁▆█▁▁▁▄▁▁▁▁▁▁▁▁
into record,conversions,126,0.01,▏         ,█▃▅▂▁▂▃▂▅▂▁,0.09,█           ,▄▄▇▁▁▁▁▄▁▁█▁▁▄▁▁
random int,random,124,0.01,▏         ,▁▁▁▁▁▃█▁▃▁▁,0.03,▍           ,█▂▁▂▁▁▁▁▁▁▁▁▁▄▁▁
commandline edit,core,122,0.01,▏         ,▁▁▁▁▁█▆▆▄▆▁,0.01,▏           ,█▁▁▁▁▁▁▁▁▁▁▁▁▁▁▁
version,core,121,0.01,▏         ,▃▁▂▂▂▂▄▃█▅▁,0.23,██▊         ,▁▁▂▁▂▁▁▂▂▁▃▃▂▁█▁
compact,filters,119,0.01,▏         ,▁▁▁▁▁▂▂▄█▂▁,0.03,▍           ,█▁█▂▁▁▁▁▁▁▁▁▁▄▁▁
to,formats,112,0.01,▏         ,▁▁▁▆▁█▂▁▁▂▁,0.11,█▎          ,▃▂▄▁█▁▂▄▄▇▁▁▁▁▁▁
move,filters,111,0.01,▏         ,▃▅█▃▄▁▁▁▆▁▁,0.04,▍           ,▆█▁▁▁▁▁▆▁▁▁▁▁▁▁▁
into duration,conversions,110,0.01,▏         ,▁▁▁▁▁▁█▁▅▁▁,0.05,▋           ,▄▂█▁▁▁▁▁▁▁▁▁▁▂▁▁
from nuon,formats,110,0.01,▏         ,▁▂▇▆▄▆▂▃█▁▁,0.07,▉           ,▂▂▁▁▁▁▁▁▁▁▁█▁▁▁▁
is-empty,filters,108,0.01,▏         ,▇▂█▂▃▅▂▂▄▅▁,0.16,██          ,▂▅▂▅▁▁▁▂▁▁▁▄▁█▁▁
commandline,core,107,0.01,▏         ,▄▃▃▂▁█▅▁▂▃▁,0.08,█           ,▁▁▁▁▁▁▁▁▁▁▁█▁▁▁▁
path split,path,106,0.01,▏         ,▁▁▁▅▁█▃▁▂▃▁,0.05,▋           ,▃▁▁▁▁▁▁▇▁▁█▁▁▁▁▁
help modules,core,105,0.01,▏         ,▁▁▁▂▃▁▂▄█▂▁,0.01,▏           ,█▁▁▁▁▁▁▁▁▁▁▁▁▁▁▁
from csv,formats,101,0.01,▏         ,▂▆█▂▁▁▂▁▁▁▁,0.11,█▍          ,▁█▂▁▁▁▁▁▁▅▁▁▁▁▁▁
mut,core,98,0.01,▏         ,█▂▅▁▁▅▂▂▁▂▁,0.12,█▌          ,▂▂▃▄▅▁▁▂▁▁▁▁▁█▁▁
scope variables,core,97,0.01,▏         ,▁▁▄█▁▃▂▁▂▄▁,0.01,▏           ,█▁▁▁▁▁▁▁▁▁▁▁▁▁▁▁
input list,platform,95,0.01,▏         ,▁▄▃▇█▄▁▁█▄▁,0.02,▎           ,█▃▁▄▁▁▁▁▁▁▁▁▁▁▁▁
math,math,94,0.01,▏         ,▁▁▁▁▁▁█▁▁▁▁,0.01,▏           ,█▁▁▁▁▁▁▁▁▁▁▁▁▁▁▁
hash sha256,hash,92,0.01,▏         ,▂▄▃▃▂▄▁▃▂█▁,0.01,▏           ,█▁▁▁▁▁▁▁▁▁▁▁▁▁▁▁
str contains,strings,92,0.01,▏         ,█▂▂▂▂▂▁▃▅▂▁,0.07,▉           ,▂▃▁▂▁▁▁█▁▁▁▁▁▂▁▁
to csv,formats,92,0.01,▏         ,▁▄█▃▁▂▁▁▁▂▁,0.05,▌           ,▃█▄▁▁▁▁▁▁▁▁▁▁▁▁▁
str downcase,strings,89,0.01,▏         ,▁▁▁▁▁▁▁▁█▂▁,0.02,▎           ,█▃▁█▁▁▁▁▁▁▁▁▁▁▁▁
nu-highlight,strings,86,0.01,▏         ,▂▂▂▂▁▃█▂▃▃▁,0.05,▋           ,▃▁▂▁█▁▁▁▁▁▁▁▁▇▁▁
str stats,strings,86,0.01,▏         ,▁▁▁▁▁█▁▁▅▁▁,0.01,▏           ,█▁▁▁▁▁▁▁▁▁▁▁▁▁▁▁
math min,math,85,0.01,▏         ,▁▁▄▂▂▁█▁▂▂▁,0.02,▎           ,▇▁▁▂▁▁▁▁▁▁▁▁▁█▁▁
headers,filters,85,0.01,▏         ,▁▁█▁▁▁▁▁▆▄▁,0.02,▎           ,█▁▇▂▁▁▁▁▁▁▁▁▁▁▁▁
view span,debug,83,0.01,▏         ,▁▁▁▁▁▂█▄▁▁▁,0.02,▎           ,█▁▁▁▁▂▁▁▁▁▁▁▁▁▁▁
into cell-path,conversions,81,0.01,▏         ,▁▁▁▁▁▁▁▁█▁▁,0.01,▏           ,█▁▁▂▁▁▁▁▁▁▁▁▁▁▁▁
from tsv,formats,78,0.01,▏         ,█▄▇▁▆▁▁▁▃▁▁,0.09,█▏          ,▁▂▁▁▁▁▁▁▁▁▁█▁▁▁▁
math floor,math,76,0.01,▏         ,▁▆▁▃▁▁█▁▁▁▁,0.01,▏           ,█▁▁▃▁▁▁▁▁▁▁▁▁▁▁▁
grid,viewers,75,0.01,▏         ,▂▁▁▃▂▂▂▁█▁▁,0.02,▎           ,▅▁█▁▁▁▁▁▁▁▁▁▁▁▁▁
generate,generators,74,0.01,▏         ,▁▁▁▁█▃▁▃▃▂▁,0.01,▏           ,█▁▁▁▁▁▁▁▁▁▁▁▁▆▁▁
du,filesystem,73,0.01,▏         ,▂▁▁▁▁▁▁▁█▄▁,0.07,▉           ,▂▁▂▁▃▁▁▁▂▁▁█▁▁▁▁
for,core,72,0.01,▏         ,▅█▄▂▁▂▁▃▁▂▁,0.16,██          ,▂▂▄▃▂▂▁▃▁▁▁█▁▃▁▁
path relative-to,path,69,0.01,▏         ,▁▁▁▆▁▁▅▂▃█▁,0.04,▌           ,▅▁▁▂▇▁▁█▁▁▁▁▁▁▁▁
math sqrt,math,69,0.01,▏         ,▁▁▁▃▁▁█▁▁▁▁,0.01,▏           ,█▁▁▂▁▁▁▁▁▁▁▁▁▁▁▁
detect columns,strings,64,0.01,▏         ,▂▁▁▁▁▁▁▁█▆▁,0.03,▍           ,▃▁█▁▁▁▁▁▁▁▁▁▁▁▁▁
keybindings default,platform,64,0.01,▏         ,▁▂▁▂▁▁▁▁█▂▁,0.02,▎           ,█▁█▁▁▁▁▁▁▁▁▁▁▁▁▁
to toml,formats,63,0.01,▏         ,▁▄█▁▁▁▆▃▅▅▁,0.01,▏           ,█▂▁▁▁▁▁▁▁▁▁▁▁▁▁▁
math median,math,63,0.01,▏         ,▁▁▂▁▂▁█▁▁▁▁,0.01,▏           ,█▁▁▁▁▁▁▁▁▁▁▁▁▁▁▁
date format,removed,61,0.01,▏         ,█▅▁▁▂▁▁▁▁▁▁,0.04,▌           ,▂▃█▁▁▁▁▁▁▁▁▁▁▁▁▁
seq date,generators,61,0.01,▏         ,█▁▁▃▆▁▁▁▁▁▁,0.02,▎           ,▄▁█▁▁▁▁▁▁▁▁▁▁▁▁▁
keybindings list,platform,61,0.01,▏         ,▃▃▂▃▃▆▁▄█▄▁,0.02,▎           ,▇▃█▁▁▁▁▁▁▁▁▁▁▁▁▁
scope modules,core,60,0.01,▏         ,▁▁▁▂▁█▁▁▁▁▁,0.02,▎           ,▅▁▁▁▁▁▁▁▁▁▁▁▁█▁▁
is-not-empty,filters,59,0.01,▏         ,▁▁▁▁▁▁▂▁██▁,0.07,▊           ,▁▁▁▂▁▁▁▁▁▁▁▁▁█▁▁
update cells,filters,59,0.01,▏         ,▁▁▁▁▁▂▃█▂▆▁,0.01,▏           ,█▁▁▂▁▁▁▁▁▁▁▁▁▁▁▁
overlay list,core,56,0.01,▏         ,█▁▁▁▁▄▁▂▃▁▁,0.04,▌           ,▂▁▁▁█▁▁▁▁▁▁▁▁▁▁▁
str starts-with,strings,56,0.01,▏         ,▄▂▅▂█▁▁▂▁▁▁,0.08,▉           ,▂▂▁▅▁▂▁▄▁▁▁█▁▂▁▁
into,conversions,56,0.01,▏         ,█▁▁▄▁▁▁▁▁▁▁,0.11,█▍          ,▁▁▃▁▂▁▁▁▁▁▁█▁▁▁▁
let-env,removed,56,0.01,▏         ,█▃▃▁▁▁▁▁▁▁▁,0.21,██▌         ,▁▃▄▁▅▁▁▂▁▂█▁▁▁▆▁
stor open,database,55,0.01,▏         ,▁▁▁▁▁▁▄█▆▁▁,0.02,▎           ,▃█▁▁▁▁▁▁▁▁▁▁▁▁▁▁
debug,debug,55,0.01,▏         ,▇▂▂█▇▂▄▁▁▁▁,0.29,███▌        ,▁▁▃▁▂▁▁▁▁▃█▁▂▁▃▁
format duration,strings,54,0.01,▏         ,▁▁▁▁▁▃█▁▂▁▁,0.01,▏           ,█▁▁▂▁▁▁▁▁▁▁▁▁▁▁▁
plugin add,plugin,53,0.01,          ,▁▁▁▁▁▁█▂▂▂▁,0.01,▏           ,█▁▁▁▁▁▁▁▁▁▁▁▁▁▁▁
keybindings listen,platform,53,0.01,          ,▁▃▂▂▂▁▁▃▃█▁,0.03,▍           ,▅▆█▁▁▁▁▆▁▁▁▁▁▁▁▁
str,strings,50,0.01,          ,█▂▁▁▁▆▁▁▁▂▁,0.03,▍           ,▅█▁▁▁▂▂▁█▁▁▁▁▁▁▁
return,core,48,0.01,          ,▃▃▂▂▁▃▁▂▁█▁,0.07,▉           ,▁▁▂▅▁▁▁▁▁▁▁▁▁█▁▁
random,random,48,0.01,          ,▁▁▁█▁▁▁▁▁▁▁,0.01,▏           ,█▃▁▁▁▁▁▁▁▁▁▁▁▁▁▁
math log,math,47,0.01,          ,▁▃▁▁▁▂█▁▁▁▁,0.01,▏           ,█▁▁▂▁▁▁▁▁▁▁▁▁▁▁▁
touch,filesystem,45,0.01,          ,▆▅▁██▆▆▁▃▂▁,0.03,▍           ,▄▅▁▁▁▄▁█▁▁▁▁▁▁▁▁
sys,system,45,0.01,          ,▆█▁▂▁▄▁▂▁▂▁,0.22,██▋         ,▁▁▁▁▁▁▁▁▁▁▂▂▁▁▁█
encode base64,formats,43,0.01,          ,▁▁▂▁▁▁▁█▂▆▁,0.02,▏           ,▇▁▁▂▁▁▁▁▁▁▁▁▁█▁▁
help escapes,core,42,0.0,          ,▁▁▁▁▁█▁▁▁▂▁,0.01,▏           ,█▁▁▁▁▁▁▁▁▁▁▁▁▁▁▁
metadata,debug,41,0.0,          ,▃▁▆▃▂▇▅█▂▂▁,0.14,█▊          ,▁▁▁▁▁▁▁▁▂▁▁▃▁█▁▁
config,env,40,0.0,          ,▁▁▁▁▁▁▁▁▁█▁,0.5,██████      ,▁▁▃▁█▁▁▅▁▂▆▂▂▁▆▅
random uuid,random,39,0.0,          ,▁▁▁▁▁▁█▂▂▁▁,0.01,▏           ,▄▁▁█▁▁▁▁▁▁▁▁▁▁▁▁
history session,history,39,0.0,          ,██▃█▅▂▁▄▃▇▁,0.01,▏           ,█▁▁▂▁▁▁▁▁▁▁▁▁▁▁▁
http post,network,38,0.0,          ,▁▁█▁▄▆▁▁▁▃▁,0.02,▎           ,▃▁▁▁▁▁▁▁▁█▁▁▁▁▁▁
random chars,random,37,0.0,          ,▁▁█▂▆▂▂▂▂▁▁,0.02,▎           ,▅█▁▃▁▁▁▁▁▁▁▁▁▁▁▁
nu-check,strings,37,0.0,          ,▃▁▂▁▅█▁▂▁▁▁,0.01,▏           ,█▁▁▂▁▁▁▁▁▁▁▁▁▁▁▁
to tsv,formats,34,0.0,          ,▂▄▂▂▁█▁▁▁▁▁,0.03,▍           ,▃▇█▂▁▁▁▁▁▁▁▁▁▁▁▁
alias,core,33,0.0,          ,█▃▂▁▁▂▂▁█▁▁,0.08,█           ,▂▁▆▆█▁▁▁▁▁▁▁▁▄▁▁
input,platform,33,0.0,          ,█▄▃█▆▂▁▃▁▄▁,0.11,█▍          ,▁▁▂▁▁▁▁▂█▁▁▁▁▁▁▁
path dirname,path,32,0.0,          ,▂█▂▆▄▃▃▅▁▅▁,0.04,▌           ,▂▁▃▂▁▁▁▁▁▁█▁▁▁▁▁
job spawn,experimental,32,0.0,          ,▇▂▂█▃▁▁▁▁▂▁,0.01,▏           ,█▁▁▂▁▁▁▁▁▁▁▁▁▁▁▁
random float,random,32,0.0,          ,▁▁▁█▁▁▃▁▁▁▁,0.01,▏           ,█▁▁▄▁▁▁▁▁▁▁▁▁▁▁▁
math stddev,math,32,0.0,          ,▁▁▁▁▁▁█▁▁▁▁,0.01,▏           ,▆▁▁▁▁▁▁▁▁▁▁▁▁█▁▁
error make,core,31,0.0,          ,▂▁▅█▅▃▂▅▅▂▁,0.1,█▎          ,▁▁▂▂▃▁▁▁▁▁▁▅▁█▁▁
stor insert,database,31,0.0,          ,▁▁▁▁▁▁▁█▃▁▁,0.01,▏           ,█▇▁▄▁▁▁▁▁▁▁▁▁▁▁▁
with-env,env,30,0.0,          ,▁▁▁▁▁▁▁▁▂█▁,0.04,▌           ,▂▁▁▁▁█▁▃▁▁▁▁▁▂▁▁
explain,debug,30,0.0,          ,▄█▁▃▃▁▃▂▁▁▁,0.01,▏           ,█▂▁▁▁▁▁▁▁▁▁▁▁▁▁▁
config env,env,28,0.0,          ,▁▁▁▁▂▁▃▅▂█▁,0.02,▎           ,▃▁▁▁█▂▁▁▁▁▁▁▁▁▁▁
stor create,database,28,0.0,          ,▁▁▁▁▁▁▁█▃▁▁,0.01,▏           ,█▅▁▃▁▁▁▁▁▁▁▁▁▁▁▁
term query,platform,28,0.0,          ,▁▁▁▁▁▁▁▁▁█▁,0.01,▏           ,▅▁▁▂▁▁▁▁▁▁▁▁▁█▁▁
format,strings,27,0.0,          ,▁▁▁▁▂▁█▁▁▁▁,0.07,▉           ,▁▁▅▁▁▁▁▃▁▁▁█▁▁▁▁
tee,filters,27,0.0,          ,▂▁▁▁▁▇▁▁▁█▁,0.01,▏           ,█▁▁▂▁▁▁▁▁▁▁▁▁▁▁▁
decode,strings,27,0.0,          ,▂▃▃▁▁▁▁▃▂█▁,0.12,█▌          ,▁▁▂▁▁▁▁▁▁▁▁▁█▁▁▁
str index-of,strings,26,0.0,          ,▃▁▂▂█▄▃▁▂▂▁,0.01,▏           ,█▁▁▃▁▂▁▁▁▁▁▁▁▁▁▁
date humanize,date,24,0.0,          ,▄▆▃▂▁▁▁▄▄█▁,0.01,▏           ,█▃▁▁▁▂▁▁▁▁▁▁▁▁▁▁
decode base64,formats,23,0.0,          ,▁▂▂▁▁▁▁▁▁█▁,0.03,▍           ,▂▁█▂▁▁▁▁▁▁▁▁▁▃▁▁
path type,path,23,0.0,          ,▁▂▁▂▅█▁▁▁▅▁,0.03,▍           ,▂▁▁▁▁▁▁█▁▁▁▁▁▃▁▁
encode hex,formats,23,0.0,          ,▁▁▁▁▂▁█▁▁▂▁,0.0,            ,█▁▁▁▁▁▁▁▁▁▁▁▁▁▁▁
to msgpackz,formats,23,0.0,          ,▁▁▁▁▁▁█▁▁▁▁,0.0,            ,█▁▁▁▁▁▁▁▁▁▁▁▁▁▁▁
mktemp,filesystem,23,0.0,          ,▁▁▁▁▁▁█▂▁▁▁,0.01,▏           ,█▁▁▄▁▁▁▁▁▁▁▁▁▁▁▁
from xml,formats,22,0.0,          ,▅▁█▁▁▁▁▁▁▂▁,0.07,▊           ,▁▁▁▁█▁▁▂▁▁▁▁▁▁▁▁
into filesize,conversions,22,0.0,          ,▃▁▁▁▂▁▁▁█▁▁,0.01,▏           ,▄▁█▂▁▁▁▁▁▁▁▁▁▁▁▁
math ceil,math,22,0.0,          ,▁▁▁▁█▁▁▁▁▁▁,0.02,▎           ,▂▁█▁▁▁▁▁▁▁▁▁▁▁▁▁
to msgpack,formats,21,0.0,          ,▁▁▁▁▁▁█▂▁▁▁,0.0,            ,█▁▁▁▁▁▁▁▁▁▁▁▁▁▁▁
encode,strings,20,0.0,          ,▄▁█▁▁▁▃▁▁▃▁,0.14,█▊          ,▁▁▁▁▄▁▁▁▁▁▁▁█▁▁▁
help operators,core,20,0.0,          ,▁▂▁▁▁▁█▃▄▁▁,0.01,▏           ,▂▁█▁▁▁▁▁▁▁▁▁▁▁▁▁
hash md5,hash,19,0.0,          ,▃▁▅▁▁▃▁▂▂█▁,0.0,            ,█▁▁▁▁▁▁▁▁▁▁▁▁▁▁▁
into value,conversions,19,0.0,          ,▁▁▁▁▃▁▁▂█▃▁,0.0,            ,█▁▁▁▁▁▁▁▁▁▁▁▁▁▁▁
seq char,generators,19,0.0,          ,▁▁▂▂▁▁▁▁▅█▁,0.0,            ,█▁▁▁▁▁▁▁▁▁▁▁▁▁▁▁
str capitalize,strings,19,0.0,          ,▁▄▁▁▁▁█▂▁▁▁,0.01,▏           ,█▁▁▄▁▁▁▁▁▁▁▁▁▁▁▁
math product,math,18,0.0,          ,▁▁▁▁▁▁█▅▁▁▁,0.01,▏           ,█▁▁▂▁▁▁▁▁▁▁▁▁▁▁▁
str distance,strings,18,0.0,          ,▃▁▁▁▁█▇▁▂▁▁,0.01,▏           ,█▁▁▂▁▁▁▁▁▁▁▁▁▁▁▁
from toml,formats,17,0.0,          ,▁▂▁▁▁▁█▄▂▁▁,0.01,▏           ,█▃▁▃▁▁▁▁▁▁▁▁▁▁▁▁
tutor,misc,17,0.0,          ,▁▁▁▃▁▁▁▁█▁▁,0.03,▎           ,▁▁▁▁▁▁▁▁▁▁▁█▁▁▁▁
export-env,env,17,0.0,          ,▆▁▁▁▁█▁▃▁▄▁,0.03,▍           ,▂▁▁▄▁▁▁▁▁▁▁▁▁█▁▁
view ir,debug,16,0.0,          ,▁▁▁▁▁▁▁█▂▂▁,0.0,            ,█▁▁▁▁▁▁▁▁▁▁▁▁▁▁▁
stor reset,database,16,0.0,          ,▁▁▁▁▁▁▁█▃▁▁,0.01,▏           ,█▂▁▁▁▁▁▁▁▁▁▁▁▁▁▁
const,core,16,0.0,          ,▁▁▁▁▂▁▁▁█▅▁,0.06,▊           ,▁▁▁█▇▁▁▁▁▁▁▁▁▆▁▁
take,filters,15,0.0,          ,▄▁█▄▁▁▄▄▂▂▁,0.13,█▌          ,▁█▂▁▁▁▁▁▁▁▁▁▁▁▁▁
plugin list,plugin,15,0.0,          ,▁▁▁▁▁▅█▄▁▁▁,0.01,▏           ,█▁▁▂▁▁▁▁▁▁▁▁▁▁▁▁
query,filters,15,0.0,          ,▁▁▁▁▁▁▁█▁▇▁,0.02,▎           ,▂▁█▂▁▁▁▁▁▁▁▁▁▁▁▁
url parse,network,15,0.0,          ,▁▁▁▁▁▁▁▁▁█▁,0.0,            ,█▁▁▁▁▁▁▁▁▁▁▁▁▁▁▁
math avg,math,14,0.0,          ,▁▁▇▂█▁▂▁▂▁▁,0.05,▋           ,▁▁▁▂█▁▁▁▁▁▁▁▁▂▁▁
job kill,experimental,14,0.0,          ,▁▁▁█▄▁▁▁▁▁▁,0.0,            ,█▁▁▁▁▁▁▁▁▁▁▁▁▁▁▁
each while,filters,13,0.0,          ,█▂▁▁▁▁▁▁▁▁▁,0.03,▍           ,▁▁▁▁▁▁▁▁▁▁▁█▁▁▁▁
module,core,13,0.0,          ,▄▂▁▄▄▂▁█▁▁▁,0.05,▋           ,▁▁▁▁█▁▁▁▁▁▁▁▁▁▁▁
math abs,math,13,0.0,          ,▁▁▁▁▁▁█▁▁▁▁,0.03,▍           ,▁▁▁▂█▁▁▁▁▁▁▁▁▁▁▁
cal,generators,12,0.0,          ,▁▁▁▁█▁▁▁▁▆▁,0.02,▎           ,▁▁█▁▁▁▁▁▁▁▁▁▁▁▁▁
histogram,chart,12,0.0,          ,▁▂▁█▁▁▂▁▂▁▁,0.04,▌           ,▁▁▂▁█▁▁▁▁▁▁▁▁▁▁▁
str expand,strings,12,0.0,          ,▁▁▂▁▂█▁▁▁█▁,0.02,▎           ,▂▁▁▁▁█▁▁▁▁▁▁▁▁▁▁
keybindings,platform,11,0.0,          ,▃█▆▆▁▆▁▁▃▁▁,0.04,▍           ,▁▁█▁▁▁▁▃▁▁▁▁▁▁▁▁
date,date,11,0.0,          ,▂▄▁▄▁█▁▁▂▁▁,0.03,▍           ,▁▂█▁▁▁▁▁▁▁▁▁▁▁▁▁
any,filters,10,0.0,          ,▁▁▁▁▁▆█▃▃▃▁,0.15,█▊          ,▁▁▂▁▁▂▁▃▁▁▃█▁▁▁▁
random dice,random,10,0.0,          ,█▁▁▁▁▁▁▂▁▇▁,0.02,▎           ,▂▁▁▁▁▁▁▁▁▁▁▁▁█▁▁
format pattern,strings,9,0.0,          ,▁▁▁▁▂▅█▁▁▁▁,0.0,            ,█▁▁▆▁▁▁▁▁▁▁▁▁▁▁▁
watch,filesystem,9,0.0,          ,▂▁▁▂▁█▁▁▁▁▁,0.01,▏           ,▄▁▁▁▁█▁▁▁▁▁▁▁▁▁▁
overlay,core,9,0.0,          ,█▁▁▂▁▂▁▁▁▁▁,0.11,█▎          ,▁▁▁▁█▁▁▁▁▁▁▁▁▁▁▁
commandline get-cursor,core,9,0.0,          ,▁▁▁▁▁▁▁▁▂█▁,0.0,            ,█▁▁▁▁▁▁▁▁▁▁▁▁▁▁▁
into sqlite,conversions,8,0.0,          ,▁▁▁▁▁▁▃█▁▁▁,0.0,            ,█▁▁▆▁▁▁▁▁▁▁▁▁▁▁▁
hide-env,core,8,0.0,          ,▁▁▁▁▁▁▁▁▁█▁,0.01,▏           ,▂▁▁█▁▁▁▁▁▁▁▁▁▁▁▁
overlay new,core,8,0.0,          ,█▁▁▁▁▁▁█▆▁▁,0.02,▎           ,▁▁▁▁█▁▁▁▁▁▁▁▁▁▁▁
commandline set-cursor,core,8,0.0,          ,▁▁▁▁▁▁▁█▁█▁,0.0,            ,█▁▁▁▁▁▁▁▁▁▁▁▁▁▁▁
stor import,database,8,0.0,          ,▁▁▁▁▁▁█▆█▁▁,0.0,            ,█▁▁▁▁▁▁▁▁▁▁▁▁▁▁▁
break,core,7,0.0,          ,▁▁▃▁▁▁▁▃▆█▁,0.04,▍           ,▂▁█▆▁▃▁▆▁▁▁▁▁▁▁▁
stor update,database,7,0.0,          ,▁▁▁▁▁▁▂█▁▁▁,0.0,            ,█▆▁▁▁▁▁▁▁▁▁▁▁▁▁▁
into glob,conversions,7,0.0,          ,▁▁▁▁▁▁█▁▁▂▁,0.01,▏           ,▃▁▁█▁▁▁▁▁▁▁▁▁▁▁▁
merge deep,filters,7,0.0,          ,▁▁▁▁▁▁▁▁▄█▁,0.0,            ,█▁▁▁▁▁▁▁▁▁▁▁▁▁▁▁
plugin rm,plugin,7,0.0,          ,▁▁▁▁▁▁▄█▁▁▁,0.0,            ,█▁▁▁▁▁▁▁▁▁▁▁▁▁▁▁
url join,network,7,0.0,          ,▁▁▂▁▁▂▁▁▁█▁,0.0,            ,█▁▁▁▁▁▁▁▁▁▁▁▁▁▁▁
plugin use,plugin,6,0.0,          ,▁▁▁▁▁▅█▁▁▁▁,0.0,            ,█▁▁▁▁▁▁▁▁▁▁▁▁▁▁▁
whoami,platform,6,0.0,          ,▅▁▁▅▁▅▁▅▁█▁,0.0,            ,█▁▁▁▁▁▁▁▁▁▁▁▁▁▁▁
ignore,core,6,0.0,          ,█▁▁▁▁▁▁▁▅▁▁,0.11,█▎          ,▁▁▁▁▁▁▁▂▁▁▁▁▁▄█▁
str ends-with,strings,6,0.0,          ,▁▁█▃▁▆▁▁▁▁▁,0.01,▏           ,▂▁▁█▁▁▁▁▁▁▁▁▁▁▁▁
input listen,platform,6,0.0,          ,▁▁▁▁▁█▁▁▂▁▁,0.02,▎           ,▁▁▁▁▁▁▁▁▁▁▁▁▁█▁▁
view files,debug,6,0.0,          ,▁▁▁█▁█▁▁▁▁▁,0.02,▎           ,▂▁█▁▁▁▁▁▁▁▁▁▁▁▁▁
rotate,filters,5,0.0,          ,█▁▁▁▃▁▁▁▁▁▁,0.0,            ,▇▁▁█▁▁▁▁▁▁▁▁▁▁▁▁
sys cpu,system,5,0.0,          ,▁▁▁▁▁▁█▃▃▁▁,0.0,            ,▇▁▁█▁▁▁▁▁▁▁▁▁▁▁▁
while,core,5,0.0,          ,▁▁▁▃█▁▁▁▁▃▁,0.04,▌           ,▁▃█▂▁▁▁▆▁▁▁▁▁▁▁▁
split,strings,5,0.0,          ,▃▁▁▃▁█▁▁▁▁▁,0.01,▏           ,▃▅▁▁▁█▁▁▁▁▁▁▁▁▁▁
run-external,system,5,0.0,          ,▃▁▃▁▁█▁▁▁▁▁,0.1,█▎          ,▁▁▁▁▁▁▁▁▁▁▁▁▁▁█▁
roll up,filters,5,0.0,          ,▁▁▁▁▁█▃▁▁▁▁,0.0,            ,█▁▁▁▁▁▁▁▁▁▁▁▁▁▁▁
to html,formats,5,0.0,          ,▁▁▁▁█▆▁▁▁▁▁,0.0,            ,█▁▁▁▁▁▁▁▁▁▁▁▁▁▁▁
date to-timezone,date,5,0.0,          ,▁▁▁█▁▁▁▁▁▁▁,0.02,▎           ,▁▁▁▂▁▂▁▁▁▁▁▁▁█▁▁
exec,system,5,0.0,          ,▁█▁▁▁▁▁▁▁▁▁,0.06,▊           ,▁▁▁▁▁▁▁▂▁▁▁▁▁▁█▁
loop,core,4,0.0,          ,▁▁▁█▁▁▁███▁,0.04,▌           ,▁▁▃▂▁█▁▁▁▁▁▁▁▃▁▁
into bool,conversions,4,0.0,          ,▁▁▁▁█▃▁▁▁▁▁,0.0,            ,▅▁▁▁▁█▁▁▁▁▁▁▁▁▁▁
metadata access,debug,4,0.0,          ,▁▁▁▁▁▁▁▁▁█▁,0.0,            ,█▁▁▁▁▁▁▁▁▁▁▁▁▁▁▁
all,filters,4,0.0,          ,▁▅▁▅▁▁▁█▁▁▁,0.2,██▌         ,▁▁▂▁█▁▁▁▂▂▁▅▁▁▁▁
hide,core,4,0.0,          ,█▁▁▁▁▁▁▁▁▁▁,0.03,▍           ,▁▁▅▁█▁▁▁▁▁▁▁▁▁▁▁
sys host,system,4,0.0,          ,▁▁▁▁▁▁█▃▁▁▁,0.0,            ,█▁▁▆▁▁▁▁▁▁▁▁▁▁▁▁
stor,database,3,0.0,          ,▁▁▁▁█▁█▁▁█▁,0.01,▏           ,▂█▁▁▁▁▁▁▁▁▁▁▁▁▁▁
bytes build,bytes,3,0.0,          ,▁▁▁▁▁▁▁▁▁█▁,0.0,            ,█▁▁▁▁▁▁▁▁▁▁▁▁▁▁▁
debug info,debug,3,0.0,          ,▁▁▁▅▁▁█▁▁▁▁,0.0,            ,█▁▁▁▁▁▁▁▁▁▁▁▁▁▁▁
from msgpackz,formats,3,0.0,          ,▁▁▁▁▁▁█▁▁▁▁,0.0,            ,█▁▁▁▁▁▁▁▁▁▁▁▁▁▁▁
stor export,database,3,0.0,          ,▁▁▁▁▁▁▁█▅▁▁,0.0,            ,█▁▁▁▁▁▁▁▁▁▁▁▁▁▁▁
view blocks,debug,3,0.0,          ,▁▁▁▁▁▁▁▁▁█▁,0.0,            ,█▁▁▁▁▁▁▁▁▁▁▁▁▁▁▁
load-env,filesystem,3,0.0,          ,▁▁▁▁▁▁▁▅▁█▁,0.02,▎           ,▁▁▁█▁▁▁▁▁▁▁▁▁▅▁▁
bytes add,bytes,3,0.0,          ,▁▁▁▁▁▁▁▁▁█▁,0.0,            ,█▁▁█▁▁▁▁▁▁▁▁▁▁▁▁
from ssv,formats,3,0.0,          ,▁▁▁▁▁▁█▁▁▁▁,0.04,▌           ,▁▅█▅▁▁▁▁▁▁▁▁▁▁▁▁
drop column,filters,3,0.0,          ,█▁▁▅▁▁▁▁▁▁▁,0.0,            ,▄█▁▁▁▁▁▁▁▁▁▁▁▁▁▁
stor delete,database,3,0.0,          ,▁▁▁▁▁▁▁▅█▁▁,0.0,            ,▄█▁▁▁▁▁▁▁▁▁▁▁▁▁▁
export,core,3,0.0,          ,▁▁▅▁▁█▁▁▁▁▁,0.05,▌           ,▁▁▁▁█▁▁▁▄▁▁▁▁▁▁▁
bytes index-of,bytes,3,0.0,          ,▁▁▁▁▁▁▁█▁▁▁,0.01,▏           ,▁▁█▁▁▁▁▁▁▁▁▁▁▁▁▁
split words,strings,3,0.0,          ,▁▁▁▁█▁▁▁▁▁▁,0.02,▎           ,▁▁█▁▁▁▁▁▁▁▁▁▁▁▁▁
export use,core,2,0.0,          ,▁▁▁▁▁█▁▁▁▁▁,0.02,▎           ,▁▁▁▅▁▁▁▁▁▁▁▁▁█▁▁
take while,filters,2,0.0,          ,▁▁▁▁██▁▁▁▁▁,0.02,▎           ,▁▂▁▁▁▁▁█▁▁▁▁▁▁▁▁
schema,database,2,0.0,          ,█▁▁▁▁▁█▁▁▁▁,0.03,▍           ,▁▂█▁▁▁▁▁▇▁▁▁▁▁▁▁
help aliases,core,2,0.0,          ,▁█▁█▁▁▁▁▁▁▁,0.01,▏           ,▁▁█▁▁▁▁▁▁▁▁▁▁▁▁▁
help externs,core,2,0.0,          ,▁█▁▁▁▁▁▁█▁▁,0.0,            ,█▁▁▁▁▁▁▁▁▁▁▁▁▁▁▁
help pipe-and-redirect,core,2,0.0,          ,▁▁▁▁▁▁▁▁▁█▁,0.0,            ,█▁▁▁▁▁▁▁▁▁▁▁▁▁▁▁
history import,history,2,0.0,          ,▁▁▁▁▁▁▁▁█▁▁,0.0,            ,█▁▁▁▁▁▁▁▁▁▁▁▁▁▁▁
job list,experimental,2,0.0,          ,▁▁▁▁▁▁▁▁▁█▁,0.0,            ,█▁▁▁▁▁▁▁▁▁▁▁▁▁▁▁
math exp,math,2,0.0,          ,▁▁▁▁▁▁█▁▁▁▁,0.0,            ,█▁▁▁▁▁▁▁▁▁▁▁▁▁▁▁
math ln,math,2,0.0,          ,▁▁▁▁▁▁▁█▁▁▁,0.0,            ,█▁▁▁▁▁▁▁▁▁▁▁▁▁▁▁
roll down,filters,2,0.0,          ,█▁▁▁█▁▁▁▁▁▁,0.0,            ,█▁▁▁▁▁▁▁▁▁▁▁▁▁▁▁
scope engine-stats,core,2,0.0,          ,▁▁▁█▁▁▁▁█▁▁,0.0,            ,█▁▁▁▁▁▁▁▁▁▁▁▁▁▁▁
export extern,core,2,0.0,          ,▁▁▁▁▁▁█▁▁▁▁,0.01,▏           ,▂▇▁▂▁█▁▁▁▁▁▁▁▁▁▁
from,formats,2,0.0,          ,▁▁▁▁▁██▁▁▁▁,0.16,██          ,▁▁▂▁▂▁▁▁▂█▁▂▁▁▁▁
scope aliases,core,2,0.0,          ,▁▁▁▁▁▁▁▁█▁▁,0.02,▎           ,▁▁▁▁▁▂▁▁▁▁▁▁▁█▁▁
scope,core,2,0.0,          ,▁▁█▁▁▁▁▁█▁▁,0.02,▎           ,▁▁▁▁▁▁▁▁█▁▁▁▁▁▁▁
kill,platform,2,0.0,          ,▁▁▁▁▁▁▁▁▁█▁,0.03,▍           ,▁▁▁▁▁▁▁█▁▁▁▁▁▁▁▁
drop nth,filters,2,0.0,          ,█▁▁▁▁▁▁▁▁▁▁,0.0,            ,▆▁▁█▁▁▁▁▁▁▁▁▁▁▁▁
format filesize,strings,2,0.0,          ,▁▁▁▁▁▁▁▁▁█▁,0.0,            ,▆▁▁█▁▁▁▁▁▁▁▁▁▁▁▁
metadata set,debug,2,0.0,          ,▁▁▁▁▁▁▁█▁▁▁,0.0,            ,▆▁▁█▁▁▁▁▁▁▁▁▁▁▁▁
plugin,plugin,2,0.0,          ,▁▁▁▁▁██▁▁▁▁,0.0,            ,▆▁▁█▁▁▁▁▁▁▁▁▁▁▁▁
view,debug,2,0.0,          ,▁█▁█▁▁▁▁▁▁▁,0.06,▋           ,▁▁▃▁█▁▁▁▅▁▁▁▁▁▁▁
format number,conversions,1,0.0,          ,▁▁▁▁▁▁▁▁▁█▁,0.02,▎           ,▁▁▁▁▁▁▁▁▁▁▁▁▁█▁▁
to xml,formats,1,0.0,          ,▁▁▁▁▁▁▁▁▁█▁,0.0,            ,▄█▁▁▁▁▁▁▁▁▁▁▁▁▁▁
random bool,random,1,0.0,          ,▁▁▁▁▁▁▁█▁▁▁,0.0,            ,▂▁▁█▁▁▁▁▁▁▁▁▁▁▁▁
export module,core,1,0.0,          ,▁▁▁▁▁▁█▁▁▁▁,0.05,▌           ,▁▁▁▂▁▁▁▁▁▁▁▁▁█▁▁
export alias,core,1,0.0,          ,▁▁▁▁▁▁▁▁█▁▁,0.07,▊           ,▁▁▁█▁▁▁▁▁▁▁▁▁▇▁▁
chunks,filters,1,0.0,          ,▁▁▁▁▁▁▁█▁▁▁,0.0,            ,█▁▁▁▁▁▁▁▁▁▁▁▁▁▁▁
config reset,env,1,0.0,          ,▁▁▁▁▁█▁▁▁▁▁,0.0,            ,█▁▁▁▁▁▁▁▁▁▁▁▁▁▁▁
decode base32hex,formats,1,0.0,          ,▁▁▁▁▁▁▁▁█▁▁,0.0,            ,█▁▁▁▁▁▁▁▁▁▁▁▁▁▁▁
from msgpack,formats,1,0.0,          ,▁▁▁▁▁▁▁█▁▁▁,0.0,            ,█▁▁▁▁▁▁▁▁▁▁▁▁▁▁▁
hash,hash,1,0.0,          ,▁▁▁▁▁▁▁█▁▁▁,0.0,            ,█▁▁▁▁▁▁▁▁▁▁▁▁▁▁▁
http options,network,1,0.0,          ,▁▁▁█▁▁▁▁▁▁▁,0.0,            ,█▁▁▁▁▁▁▁▁▁▁▁▁▁▁▁
job unfreeze,experimental,1,0.0,          ,▁▁▁▁▁▁▁▁▁█▁,0.0,            ,█▁▁▁▁▁▁▁▁▁▁▁▁▁▁▁
plugin stop,plugin,1,0.0,          ,▁▁▁▁▁▁█▁▁▁▁,0.0,            ,█▁▁▁▁▁▁▁▁▁▁▁▁▁▁▁
scope externs,core,1,0.0,          ,▁▁▁▁▁▁▁▁█▁▁,0.0,            ,█▁▁▁▁▁▁▁▁▁▁▁▁▁▁▁
sys mem,system,1,0.0,          ,▁▁▁▁▁▁█▁▁▁▁,0.0,            ,█▁▁▁▁▁▁▁▁▁▁▁▁▁▁▁
ulimit,platform,1,0.0,          ,▁▁▁▁▁█▁▁▁▁▁,0.0,            ,█▁▁▁▁▁▁▁▁▁▁▁▁▁▁▁
uname,system,1,0.0,          ,▁█▁▁▁▁▁▁▁▁▁,0.0,            ,█▁▁▁▁▁▁▁▁▁▁▁▁▁▁▁
slice,filters,1,0.0,          ,▁▁█▁▁▁▁▁▁▁▁,0.01,▏           ,▁▁▁█▁▁▁▁▁▁▁▁▁▁▁▁
continue,core,1,0.0,          ,▁▁▁▁▁▁▁▁█▁▁,0.01,▏           ,▁▁▁█▁▁▆▁▁▁▁▁▁▁▁▁
skip while,filters,1,0.0,          ,▁█▁▁▁▁▁▁▁▁▁,0.0,            ,▃▁▁█▁▁▁▁▁▁▁▁▁▁▁▁
split cell-path,conversions,1,0.0,          ,▁▁▁▁▁▁▁▁█▁▁,0.0,            ,▂▁▁█▁▁▁▁▁▁▁▁▁▁▁▁
url build-query,network,1,0.0,          ,▁▁▁▁▁▁▁▁▁█▁,0.0,            ,▂▁▁█▁▁▁▁▁▁▁▁▁▁▁▁
