name,category,freq_overall,users_count,f_n_per_user,freq_by_user,importance,importance_b,crate,first_tag,last_tag
ls,filesystem,13252,14,0.7109199164789968,▆▆██▁█▄▄██▆█▁▆▇,1,████████████,nu-parser,0.2.0,0.85.0
cd,filesystem,7195,14,0.45178871273178645,▂▂▄▇▂▁██▃▇▄▄▁█▁,0.7971817497950303,█████████▋  ,nu-command,0.2.0,0.85.0
get,filters,12474,15,0.39288513330802943,██▅▆▁▄▃▁▁▂▃▂▃▂█,0.7694919287461538,█████████▎  ,nu-command,0.2.0,0.85.0
open,filesystem,9193,15,0.35456996746187297,▇▇▅▅▁▅▄▇▂▂▄▄▁▂█,0.731008193630208,████████▊   ,nu-command,0.2.0,0.85.0
help,core,3735,13,0.32499595883985993,▂▂▅▃▁▂▂▂▁▃█▁▁▇█,0.6515328208511099,███████▉    ,nu-command,0.3.0,0.85.0
let,core,7478,13,0.22797231609564264,█▆▅▃▁▂▁▁▁▃▂▂▇▃▁,0.5456804233545431,██████▌     ,nu-cmd-lang,0.25.0,0.85.0
config,env,1698,14,0.17896130428666457,▁▁▃█▁▅▁▂▂▆▂▂▁▆▅,0.5017290271639567,██████      ,nu-command,0.2.0,0.85.0
each,filters,5174,13,0.15272790041867815,█▇▅▇▁▃▁▂▂▂▄▃▃▁▁,0.44663886215751647,█████▍      ,nu-command,0.13.0,0.85.0
where,filters,4336,12,0.1540789434566455,▇▇█▇▁▄▅▃▃▂▇▄▄▁▁,0.4310105597237521,█████▏      ,nu-command,0.2.0,0.85.0
rm,filesystem,1513,14,0.10968282675722714,▂▂▂▃▁▅▃▃▃▅▂▂▁█▁,0.39278869229235663,████▊       ,nu-command,0.2.0,0.85.0
lines,filters,2453,13,0.10332878987866168,▆▆▆▇▁█▂▆▃█▆▃▂▁▁,0.36737363829986974,████▍       ,nu-command,0.2.0,0.85.0
source,core,4777,10,0.13224701720257048,▅▆▆▄▂▁█▂▁▂▁▁▁▄▁,0.36451766888903964,████▍       ,nu-command,0.25.0,0.85.0
echo,core,1204,12,0.10878668010477721,▂▂▃▂▁▂▁▁▂▃▅▁▁█▇,0.3621630394210835,████▍       ,nu-cmd-lang,0.3.0,0.85.0
if,core,2347,8,0.12224903464620569,▃▂▂▂▁▁▁▁▁▁▂▁█▁▁,0.3134681019387903,███▊        ,nu-cmd-lang,0.17.0,0.85.0
first,filters,3599,11,0.07723936269433215,██▄▁▁▁▂▄▂▃▃▁▁▁▁,0.2921738376785599,███▌        ,nu-command,0.2.0,0.85.0
debug,debug,805,9,0.09261411645536395,▁▁▃▂▁▁▁▃▁█▁▂▁▃▁,0.28939131298448256,███▌        ,nu-command,0.2.0,0.85.0
path,path,764,9,0.08380634708216031,▁▁▄▅▁▁▂▅▃█▁▄▁▇▁,0.27528677744331675,███▎        ,nu-command,0.18.1,0.85.0
print,strings,1577,11,0.06667528924052708,▅▄▅▂▁▄▁▁▂█▃▂▂▆▁,0.2714591208949442,███▎        ,nu-cli,0.60.0,0.85.0
select,filters,2832,10,0.07236165653438814,██▆▂▁▂▅▄▄▁▁▃▃▁▁,0.2696372515985786,███▎        ,nu-command,0.14.0,0.85.0
which,system,1037,12,0.06016301599108442,▂▂▂▂▁▃▁▂▁▄▁▂▁█▁,0.2693277260383869,███▎        ,nu-command,0.2.0,0.85.0
find,filters,792,11,0.06459675295419331,▂▂▃▄▁▃▁▁▁▂▂▁▂▃█,0.26719438552859487,███▎        ,nu-command,0.37.0,0.85.0
ansi,platform,1823,8,0.08323154097428889,▃▂▂▁▁▁▁▁▁▁▂▁█▁▁,0.25865126259752746,███▏        ,nu-command,0.16.0,0.85.0
table,viewers,876,10,0.06557986045295558,▂▂▇▄▁▂▂▁▁▃▄▁▁▁█,0.25669114409312627,███▏        ,nu-command,0.2.0,0.85.0
update,filters,941,12,0.05358133864598695,▁▁▅▆▁▄█▅▃▂▃▁▃▁▁,0.2541692716299431,███         ,nu-command,0.14.0,0.85.0
sort-by,filters,1810,10,0.05886991843500497,▅▅▄▃▁▂▁▁▁▁▂▂▁▁█,0.24320492123572757,██▉         ,nu-command,0.2.0,0.85.0
def,core,1500,8,0.06961580359928646,▅▃▅▄▁▂▁▁▁▁▄▁█▄▁,0.23655087313596482,██▉         ,nu-cmd-lang,0.25.0,0.85.0
save,filesystem,1546,12,0.04606988460346559,██▄▃▁▆▃▅▂▃▆▄▁▁▁,0.2356811381528012,██▉         ,nu-command,0.2.0,0.85.0
do,core,859,10,0.054735950354662756,▃▂▃▂▁▂▁▂▁▄▄▁▂█▁,0.2345103274198455,██▉         ,nu-cmd-lang,0.16.0,0.85.0
all,filters,655,10,0.05314506320024089,▁▁▂█▁▁▂▂▆▁▅▁▁▁▁,0.23107720479198546,██▊         ,nu-command,0.68.0,0.85.0
sys,system,250,8,0.0646119391769669,▁▁▁▁▁▁▁▁▁▂▂▁▁▁█,0.22789092062317678,██▊         ,nu-command,0.37.0,0.85.0
p,,1080,6,0.08604532286270837,▁▁▁█▁▂▁▁▄▂▁▁▁▁▁,0.22775341677122712,██▊         ,nu-command,0.2.0,0.79.0
flatten,filters,2111,9,0.057354562790043445,▇█▅▅▁▃▃▁▂▁▅▁▅▁▁,0.22773557771261926,██▊         ,nu-command,0.22.0,0.85.0
profile,debug,741,7,0.07344245901332232,▁▁▁█▁▂▁▁▁▁▁▁▁▆▁,0.22727322067419922,██▊         ,nu-command,0.76.0,0.85.0
from json,formats,2236,8,0.060464045349550626,▆▆▃▁▁▄▃▂▁▁█▁▁▁▁,0.2204546355219433,██▋         ,nu-command,0.14.0,0.85.0
version,core,403,10,0.04234409395187268,▁▁▂▂▁▂▂▁▁▃▃▂▁█▁,0.2062633485023634,██▌         ,nu-cmd-lang,0.2.0,0.85.0
str join,strings,1029,9,0.04669892603464533,▅▄▃▁▁▂▁▁▄▃▆▃█▁▁,0.20549456631250296,██▌         ,nu-command,0.69.0,0.85.0
n,,746,7,0.05985542051137105,▁▁▅█▁▃▁▁▂▃▅▁▁▁▁,0.20517592720266986,██▌         ,nu-command,0.2.0,0.79.0
length,filters,2415,8,0.05161682175242908,██▄▄▁▂▁▁▁▁▃▁▃▁▁,0.2036883850993367,██▌         ,nu-command,0.29.0,0.85.0
let-env,removed,673,8,0.04998178975580498,▂▂▄▅▁▂▁▂▁█▁▁▁▆▁,0.20043637363650016,██▍         ,nu-command,0.25.0,0.85.0
describe,core,1108,9,0.04372008284754121,▄▄▅▃▁▇▁▁▂▂█▁▃▁▁,0.19883250517441486,██▍         ,nu-cmd-lang,0.11.0,0.85.0
transpose,filters,1189,9,0.0433301676158556,▅▅█▃▁▂▂▁▁▁▇▁▂▇▁,0.19794388089317733,██▍         ,nu-command,0.60.0,0.85.0
g,,6827,5,0.07671361068148988,▁▁▁▁█▁▁▁▁▂▁▁▁▁▁,0.19631200371096977,██▍         ,nu-command,0.38.0,0.79.0
last,filters,1768,8,0.04443714329438515,▆▆▄█▁▄▁▃▁▁▁▁▁▁▁,0.18899212187888279,██▎         ,nu-command,0.3.0,0.85.0
http get,network,749,7,0.045335982792377466,▂▂▃▁▁▃▂█▁▁▁▁▁▆▁,0.17856493456657815,██▏         ,nu-command,0.75.0,0.85.0
mv,filesystem,749,9,0.033697386328739434,▃▃▂▅▁▇▅▂▄█▁▁▁▁▁,0.17456010913903341,██▏         ,nu-command,0.2.0,0.85.0
to text,formats,380,9,0.03327462857426203,▁▁▃▁▁▄▁▄▁▄█▃▁▁▁,0.17346166250728132,██▏         ,nu-command,0.63.0,0.85.0
use,core,879,8,0.03585421402774605,▃▄▂█▁▂▃▁▁▁▁▁▂▇▁,0.16976209978529389,██          ,nu-cmd-lang,0.60.0,0.85.0
ps,system,849,7,0.04020655034214089,▁▁▂▁▃▃▁▁▁▁▃▁▁█▁,0.16816014301372284,██          ,nu-command,0.2.0,0.85.0
from,formats,343,10,0.02739414789451881,▁▁▂▂▁▁▂█▂▁▂▁▁▁▁,0.16590311468825514,██          ,nu-command,0.14.0,0.85.0
is-empty,filters,451,7,0.03824624749466544,▂▁▁▁▁▁▁▁▁▁▂▁█▁▁,0.16400952737231178,██          ,nu-command,0.68.0,0.85.0
str replace,strings,2001,7,0.037916170316143576,██▅▁▁▃▁▃▁▂▁▁▁▁▁,0.16330026679622345,██          ,nu-command,0.61.0,0.85.0
merge,filters,1064,8,0.03184571753236658,▄▄█▄▁▂▄▁▃▁▁▁▂▁▁,0.1599912215806506,█▉          ,nu-command,0.14.0,0.85.0
skip,filters,1012,8,0.03178390690743716,▅▅▄█▁▃▁▁▇▁▁▁▂▁▁,0.15983587949098482,█▉          ,nu-command,0.11.0,0.85.0
mkdir,filesystem,485,9,0.02802249469588051,▂▂▂▄▁▄▄▃▁▄█▁▁▁▁,0.15918432276298233,█▉          ,nu-command,0.2.0,0.85.0
encode,strings,373,5,0.0494301134669011,▁▁▁▄▁▁▁▁▁▁▁█▁▁▁,0.15758194167823328,█▉          ,nu-command,0.65.0,0.85.0
exit,shells,643,7,0.035261404011884954,▂▂▁▂▁▁▁▅█▁▁▅▁▁▁,0.157479657627018,█▉          ,nu-command,0.2.0,0.85.0
parse,strings,1342,8,0.02931175345581606,██▅▃▁▅▁▃▂▁▁▁▁▁▁,0.1534940462334045,█▉          ,nu-command,0.11.0,0.85.0
for,core,440,10,0.022997994478972564,▂▂▄▂▁▃▁▁▄▁█▁▂▁▁,0.15200946281154112,█▉          ,nu-cmd-lang,0.32.0,0.85.0
upsert,filters,3794,4,0.05678451988168661,▇█▃▁▁▁▁▁▁▁▁▁▁▁▁,0.1510673518595211,█▉          ,nu-command,0.60.0,0.85.0
try,core,335,8,0.02783121647719833,▂▂▂▁▁▁▁▁▆▁▅▁▄█▁,0.14956732615073026,█▊          ,nu-cmd-lang,0.72.0,0.85.0
history,misc,1249,7,0.029752620345925372,▆▇█▂▁▃▁▁▁▁▅▁▁▁▁,0.14465627310883775,█▊          ,nu-cli,0.6.0,0.85.0
append,filters,1101,7,0.028825078032007446,█▇▄▄▁▃▁▁▄▁▁▁▇▁▁,0.14238357968396143,█▊          ,nu-command,0.6.0,0.85.0
filter,filters,387,9,0.02186015563246785,▂▂▂▂▁▂▂▅▁█▁▁▄▁▁,0.1405961800029992,█▋          ,nu-command,0.67.0,0.85.0
complete,system,411,8,0.024208052273711717,▂▂▂▁▁▂▁▂▁▁▁▁▁█▁,0.1394924041177781,█▋          ,nu-command,0.60.0,0.85.0
reject,filters,1098,8,0.022920330875796698,▇█▃▃▁▂▁▂▃▁▁▁▂▁▁,0.13573163371443708,█▋          ,nu-command,0.2.0,0.85.0
dfr open,dataframe,339,4,0.042359235806972394,▁▁▁▁▁▁▁▁▁▁▁▁▁▁█,0.1304757180145043,█▋          ,nu-cmd-dataframe,0.60.0,0.85.0
timeit,debug,846,7,0.022951155398102534,▅▅▂▁▁▃▂▁▁█▁▁▁▁▁,0.12705066376470237,█▌          ,nu-command,0.76.0,0.85.0
split row,strings,968,6,0.026687451841575314,▆▅▄▂▁▃▁▁▁▁▁▁▁█▁,0.12683958753500552,█▌          ,nu-command,0.15.0,0.85.0
any,filters,199,6,0.026631856137526562,▁▁▂▁▁▃▁▁▂▃█▁▂▁▁,0.12670740158084587,█▌          ,nu-command,0.68.0,0.85.0
char,strings,617,6,0.026206835419245518,▄▂▅▃▁▁▁▁▁▁▁▁▄█▁,0.12569226645618428,█▌          ,nu-command,0.16.0,0.85.0
clear,platform,799,5,0.030224981727192877,▁▁▁▁▁▁█▂▁▁▁▁▁▁▁,0.12322353604226165,█▌          ,nu-command,0.11.0,0.85.0
into int,conversions,852,7,0.02014496745463814,▇██▃▁▁▂▄▁▁▁▁▄▁▁,0.11903041468473531,█▍          ,nu-command,0.30.0,0.85.0
default,filters,546,7,0.019762900125936136,▄▄▅█▁▃▁▁▄▁▁▁▄▁▁,0.11789625219342599,█▍          ,nu-command,0.6.0,0.85.0
cp,filesystem,419,7,0.019697528471734598,▂▃▂▅▁▅▁▁▃█▁▁▁▁▁,0.11770110226853776,█▍          ,nu-command,0.2.0,0.85.0
register,core,314,6,0.022892071049393073,▁▁▆▂▁▁▁█▁▁▁▆▁▁▁,0.11747455520585982,█▍          ,nu-cmd-lang,0.60.0,0.85.0
metadata,debug,171,6,0.022258840837232084,▁▁▁▁▁▁▃▁▁▁▃▁█▁▁,0.11583839693526589,█▍          ,nu-command,0.60.0,0.85.0
to,formats,261,9,0.014631654590491218,▁▁▃█▂▄▄▇█▁▁▁▁▁▁,0.11502536402927589,█▍          ,nu-command,0.14.0,0.85.0
help commands,core,426,7,0.018164119597205083,▃▃█▃▁▁▂▄▁▁▁▇▁▁▁,0.11302690562587811,█▍          ,nu-command,0.74.0,0.85.0
columns,filters,701,8,0.015554017215136553,██▆▄▁▂▃▃▁▁▁▁▂▁▁,0.11181290286968029,█▍          ,nu-command,0.60.0,0.85.0
explore,viewers,419,6,0.020704007551413176,▂▂▆▁▁▂▁█▁▁▇▁▁▁▁,0.1117193693460015,█▍          ,nu-explore,0.73.0,0.85.0
group-by,filters,793,6,0.020697341694019104,▅▅▅█▁▁▂▁▁▁▁▁▁▁▁,0.11170138332727275,█▍          ,nu-parser,0.6.0,0.85.0
overlay,core,456,3,0.037300927120271235,▁▁▁█▁▁▁▁▁▁▁▁▁▁▁,0.10603422881759168,█▎          ,nu-cmd-lang,0.63.0,0.85.0
path join,path,199,8,0.013371210834636818,▂▁▃▅▁▇▁▁▃▁█▁▄▁▁,0.10367069342561398,█▎          ,nu-command,0.28.0,0.85.0
rename,filters,631,7,0.014575337034140486,▇█▆▁▁▃▂▁▄▁▁▁▄▁▁,0.10124741983445978,█▎          ,nu-command,0.11.0,0.85.0
into,conversions,262,5,0.020141152008766896,▁▁▃▂▁▁▁▁▁▁█▁▁▁▁,0.10058953425803453,█▎          ,nu-command,0.30.0,0.85.0
path expand,path,292,7,0.013952372816390888,▂▂▃▂▁▆▁▁█▁▁▁▂▁▁,0.09906008533246304,█▎          ,nu-command,0.18.1,0.85.0
decode,strings,157,4,0.022538572311230277,▁▁▂▁▁▁▁▁▁▁▁█▁▁▁,0.09517411311109698,█▏          ,nu-command,0.60.0,0.85.0
dfr into-df,dataframe,2178,3,0.02994061886640231,██▁▁▁▁▁▁▁▁▁▁▁▁▁,0.09499847974643104,█▏          ,nu-cmd-dataframe,0.76.0,0.85.0
mut,core,339,6,0.014911176115209274,▃▂▃▅▁▂▁▁▁▁▁▁█▁▁,0.09481067021144579,█▏          ,nu-cmd-lang,0.72.0,0.85.0
export def,core,358,4,0.022037749489892122,▃▁▁▂▁▁▁▁▁▁▁▁█▁▁,0.09411075514782642,█▏          ,nu-cmd-lang,0.60.0,0.85.0
uniq,filters,726,5,0.01762269585236353,▆▆▃▁▁▃▁▁▁▁█▁▁▁▁,0.09409072537593104,█▏          ,nu-command,0.11.0,0.85.0
input,platform,364,6,0.014570805830507395,▁▁▂▁▁▂█▁▁▁▁▁▁▁▁,0.09372232466358763,█▏          ,nu-command,0.60.0,0.85.0
date now,date,640,6,0.014539434919850928,█▇▆▁▁▂▁▁▁▁▆▁▂▁▁,0.09362137832780583,█▏          ,nu-command,0.19.0,0.85.0
start,filesystem,280,6,0.014537636880119715,▂▂▂▁▁▃▁█▃▁▁▁▁▁▁,0.0936155892389066,█▏          ,nu-command,0.74.0,0.85.0
size,strings,208,7,0.01245873157309671,▁▁█▇▁▂▂▁▁▁▁▅▁▁▁,0.09360770033448003,█▏          ,nu-command,0.2.0,0.85.0
error make,core,112,6,0.013671424039055668,▁▁▂▂▁▁▁▁▁▁▅▁█▁▁,0.09078375532825331,█▏          ,nu-cmd-lang,0.37.0,0.85.0
glob,filesystem,935,5,0.016193362917535002,▇█▄▁▁▃▂▁▁▁▁▁▁▁▁,0.09019431577865294,█▏          ,nu-command,0.61.0,0.85.0
prepend,filters,200,6,0.013186112697669828,▂▂▂▁▁▂▁▁▁▁▁▁▁█▁,0.08915786462371249,█▏          ,nu-command,0.6.0,0.85.0
fill,conversions,243,5,0.015594234788653138,▂▂▁▁▁▁▁▁▁▁█▁▁▁▁,0.08851006875160299,█           ,nu-command,0.76.0,0.85.0
path parse,path,211,7,0.010394997304691546,▂▂▃▃▁▃▁▁▁▁█▁▂▁▁,0.0855040826853274,█           ,nu-command,0.30.0,0.85.0
str trim,strings,329,6,0.011471621200256906,▃▂█▃▁▄▁▁▁▁▁▁▂▁▁,0.0831598439502961,█           ,nu-command,0.15.0,0.85.0
fmt,,83,5,0.013574964523222134,▁▁▂▅▁▁▁▁▁▁▁▃▁█▁,0.08258097295851759,█           ,nu-cmd-extra,0.60.0,0.85.0
dfr col,expression,1298,3,0.021260439342179447,██▁▁▁▁▁▁▁▁▁▄▁▁▁,0.08005203680308047,█           ,nu-cmd-dataframe,0.63.0,0.85.0
to nuon,formats,209,6,0.010367252224775093,▂▂▂▁▁▂▁▁▁▁█▁▁▁▁,0.07905568372083309,█           ,nu-command,0.60.0,0.85.0
insert,filters,361,6,0.010230747808798223,▆▆▁▇▁▁▅▁▁▁▁▁█▁▁,0.07853350060286701,█           ,nu-command,0.11.0,0.85.0
from tsv,formats,168,4,0.015099174559901583,▁▁▁▁▁▁▁▁▁▁█▁▁▁▁,0.07789906414330777,▉           ,nu-command,0.14.0,0.85.0
ignore,core,61,5,0.012030689599609259,▁▁▁▁▁▂▁▁▁▁▁▁▁█▁,0.07774203499534829,▉           ,nu-cmd-lang,0.33.0,0.85.0
reduce,filters,598,5,0.011966998532682365,██▆▁▁▃▁▁▁▁▁▁▄▁▁,0.07753597681998824,▉           ,nu-command,0.18.1,0.85.0
str substring,strings,442,5,0.011829747791861448,▅▅▂▁▁▁▁▁▁▁█▁▂▁▁,0.07709006050895656,▉           ,nu-command,0.15.0,0.85.0
reverse,filters,325,4,0.014721777206933195,▂▂▂▁▁▁▁▁▁▁█▁▁▁▁,0.07691937694277576,▉           ,nu-command,0.3.0,0.85.0
config nu,env,593,4,0.014623968112931438,▆▆▁▃▁▁▁▁▁▁█▁▁▁▁,0.07666343120219173,▉           ,nu-command,0.63.0,0.85.0
to json,formats,394,5,0.011441141175196779,▄▄▆▁▁▂▁█▁▁▁▁▁▁▁,0.07581328515694465,▉           ,nu-command,0.14.0,0.85.0
into record,conversions,270,6,0.00951777097683673,▄▄▇▁▁▄▁▁▁█▁▁▃▁▁,0.0757476025765237,▉           ,nu-command,0.72.0,0.85.0
extern,core,170,2,0.028035639034374813,▁▁▁▇▁▁▁▁▁▁▁▁▁█▁,0.07505780664996148,▉           ,nu-cmd-lang,0.60.0,0.85.0
overlay use,core,1177,3,0.018513781627051022,██▁▄▁▁▁▁▁▁▁▁▁▁▁,0.07470227658774496,▉           ,nu-cmd-lang,0.68.0,0.85.0
drop,filters,252,5,0.010953345845231192,▂▂▁█▁▁▁▁▂▁▁▁▁▁▁,0.0741795243031046,▉           ,nu-command,0.14.0,0.85.0
from csv,formats,307,5,0.010726509795850681,▂▃▂▁▁▁▂█▁▁▁▁▁▁▁,0.07340740311364014,▉           ,nu-command,0.14.0,0.85.0
into datetime,conversions,581,4,0.013346978983293666,▄▄█▁▁▁▁▂▁▁▁▁▁▁▁,0.07323979592798434,▉           ,nu-command,0.60.0,0.85.0
url,network,120,3,0.017586095882034858,▁▁▂▁▁▁▁▁▁▁█▁▁▁▁,0.0728066397109927,▉           ,nu-command,0.18.1,0.85.0
du,core,91,6,0.008589625044908426,▁▁▂▃▁▁▂▁▁▁█▁▁▁▁,0.07195953858898653,▉           ,nu-command,0.60.0,0.85.0
run-external,system,29,3,0.015727636552144812,▁▁▁▁▁▁▁▁▁▁▁▁▁█▁,0.06885222847179896,▉           ,nu-command,0.60.0,0.85.0
http,network,175,4,0.011731468325171327,▁▁▂▁▁▄▁█▁▁▁▁▁▁▁,0.06866443066096733,▉           ,nu-command,0.75.0,0.85.0
commandline,core,141,3,0.015291846486289123,▁▁▁▁▁▁▁▁▁▁█▁▁▁▁,0.06789162968303003,▉           ,nu-cli,0.69.0,0.85.0
items,filters,413,5,0.009037262434004266,▆▇▂▁▁▃▁█▁▁▁▁▁▁▁,0.06737970274917106,▊           ,nu-command,0.79.0,0.85.0
format,,133,4,0.01106716057900447,▁▁▅▁▁▃▁▁▁▁█▁▁▁▁,0.06669200021858408,▊           ,nu-cmd-extra,0.11.0,0.85.0
zip,filters,109,7,0.00578865929317735,▂▂█▆▁▅▁▇▁▁▁▁▅▁▁,0.06380631388011943,▊           ,nu-command,0.36.0,0.85.0
enumerate,filters,357,5,0.007980929195184915,██▄▁▁▃▁▁▁▁▁▁█▁▁,0.0633194848157306,▊           ,nu-command,0.75.0,0.85.0
into binary,conversions,222,4,0.00975671395398418,▂▂█▁▁▁▁▁▁▁▁▅▁▁▁,0.06261918682054633,▊           ,nu-command,0.31.0,0.85.0
par-each,filters,850,3,0.012927158263072462,▇█▁▁▁▁▁▁▁▁▁▁▃▁▁,0.06242201760245215,▊           ,nu-command,0.60.0,0.85.0
str starts-with,strings,208,5,0.007585765393943513,▄▃▁▁▁▄▁▁▁▁█▁▃▁▁,0.06173199996599732,▊           ,nu-command,0.18.1,0.85.0
alias,core,172,5,0.007174315237491745,▃▂▆█▁▁▁▁▁▁▁▁▃▁▁,0.060034496344988884,▊           ,nu-cmd-lang,0.13.0,0.85.0
collect,filters,131,5,0.007143620649843534,▁▁▂█▁▂▁▁▁▁▁▁▁▁▁,0.059905932902709666,▊           ,nu-cmd-lang,0.33.0,0.85.0
values,filters,419,5,0.006949924189868821,▇█▃▁▁▁▂▁▁▁▁▁▂▁▁,0.059088188719649576,▊           ,nu-command,0.74.0,0.85.0
exec,system,54,4,0.008517558440695957,▁▁▁▁▁▂▁▁▁▁▁▁▁█▁,0.05850772322241033,▊           ,nu-command,0.20.0,0.85.0
from xml,formats,144,4,0.008479775627124713,▁▁▁█▁▂▁▁▁▁▁▁▁▁▁,0.05837781255979204,▊           ,nu-command,0.14.0,0.85.0
split chars,strings,202,4,0.008207564318288311,▂▃▄▁▁▁▁▁▁▁▁█▁▁▁,0.05743316959738229,▊           ,nu-command,0.17.0,0.85.0
wrap,filters,417,4,0.007815292029014478,▇█▇▁▁▃▁▁▁▁▁▁▁▁▁,0.05604388620203348,▋           ,nu-command,0.11.0,0.85.0
dfr filter,lazyframe,366,3,0.010334014625279917,▄▄▁▁▁▁▁▁▁▁▁█▁▁▁,0.055811128604858824,▋           ,nu-cmd-dataframe,0.76.0,0.85.0
dfr filter-with,dataframe or lazyframe,559,3,0.010160959027968475,▇█▁▁▁▁▁▁▁▁▁▆▁▁▁,0.055341843132242385,▋           ,nu-cmd-dataframe,0.60.0,0.85.0
to yaml,formats,1105,2,0.014991246807452126,██▁▁▁▁▁▁▁▁▁▁▁▁▁,0.05488573905413047,▋           ,nu-command,0.14.0,0.85.0
split column,strings,231,4,0.007289438225599818,▂▂█▁▁▁▂▁▁▁▁▁▁▁▁,0.054125592956310455,▋           ,nu-command,0.15.0,0.85.0
math sum,math,263,5,0.005781923885638001,▅▇▃█▁▁▁▁▁▁▁▁▁▁▁,0.05389479556034747,▋           ,nu-command,0.15.1,0.85.0
str contains,strings,222,4,0.0071435872082621825,▂▂▁▁▁█▁▁▁▁▁▁▁▁▁,0.05358136987416375,▋           ,nu-command,0.18.1,0.85.0
return,core,96,4,0.006834855757859484,▂▁▂▁▁▁▁▁▁▁▁▁█▁▁,0.052410742705444886,▋           ,nu-cmd-lang,0.72.0,0.85.0
export,core,107,4,0.006806725629903618,▁▁▁█▁▁▄▁▁▁▁▁▁▁▁,0.052302778394165785,▋           ,nu-cmd-lang,0.60.0,0.85.0
module,core,113,3,0.008675209705360124,▁▁▁█▁▁▁▁▁▁▁▁▁▁▁,0.0511359418939405,▋           ,nu-cmd-lang,0.60.0,0.85.0
dfr as,expression,527,3,0.008563974569959923,██▁▄▁▁▁▁▁▁▁▁▁▁▁,0.05080704697580797,▋           ,nu-cmd-dataframe,0.63.0,0.85.0
from nuon,formats,92,3,0.008228493026788226,▁▁▁▁▁▁▁▁▁▁█▁▁▁▁,0.04980195845223712,▋           ,nu-command,0.60.0,0.85.0
into decimal,conversions,93,5,0.004841247628917423,▂▁▂█▁▁▁▁▁▁▁▁▂▁▁,0.04931616448002828,▋           ,nu-command,0.60.0,0.85.0
dfr into-nu,dataframe,869,2,0.011789508150918789,██▁▁▁▁▁▁▁▁▁▁▁▁▁,0.04867304121585218,▋           ,nu-cmd-dataframe,0.76.0,0.85.0
view,debug,82,5,0.004676740250775685,▁▁▃█▁▁▅▁▁▁▁▁▁▁▁,0.048471032235120344,▋           ,nu-command,0.76.0,0.85.0
dfr sort-by,lazyframe,469,3,0.007352773555936277,██▁▄▁▁▁▁▁▁▁▁▁▁▁,0.04707733441569697,▋           ,nu-cmd-dataframe,0.63.0,0.85.0
env,,501,1,0.021901639344262296,▁▁█▁▁▁▁▁▁▁▁▁▁▁▁,0.046909840158734006,▋           ,nu-command,0.3.0,0.76.0
inspect,debug,203,4,0.0054356096781553506,▅▅▆▁▁▁▁▁▁█▁▁▁▁▁,0.046739037946788624,▌           ,nu-command,0.76.0,0.85.0
into string,conversions,307,4,0.005417559964680981,█▆▅▁▁▁▁▁▁▁▁▁▂▁▁,0.04666137161279958,▌           ,nu-command,0.31.0,0.85.0
nu-highlight,strings,64,5,0.00433260543820855,▂▁▂█▁▁▁▁▁▁▁▁▆▁▁,0.04665360564024447,▌           ,nu-cli,0.60.0,0.85.0
math avg,math,82,4,0.005350380665811001,▁▁▁█▁▁▁▁▁▁▁▁▂▁▁,0.046371161933570736,▌           ,nu-command,0.15.1,0.85.0
str collect,,138,2,0.010251614819727396,▁▁▂█▁▁▁▁▁▁▁▁▁▁▁,0.045387554092470125,▌           ,nu-command,0.16.0,0.83.1
dfr with-column,dataframe or lazyframe,754,2,0.010229592886129539,▇█▁▁▁▁▁▁▁▁▁▁▁▁▁,0.04533877840804597,▌           ,nu-cmd-dataframe,0.60.0,0.85.0
path split,path,86,4,0.005035082294554454,▁▂▁▁▁▇▁▁▁█▁▁▁▁▁,0.04498408838502465,▌           ,nu-command,0.30.0,0.85.0
with-env,env,91,3,0.006687449227192501,▁▁▁▁▁▂▁▁█▁▁▁▁▁▁,0.0448969168028762,▌           ,nu-command,0.14.0,0.85.0
const,core,46,4,0.004913528526708668,▁▁▁█▁▁▁▁▁▁▁▁▅▁▁,0.0444377824127289,▌           ,nu-cmd-lang,0.74.0,0.85.0
to md,formats,94,5,0.003819237907993925,▃▃▄█▁▁▁▆▁▁▁▁▁▁▁,0.04380251024554965,▌           ,nu-command,0.14.0,0.85.0
dfr select,lazyframe,696,2,0.009442415698928829,██▁▁▁▁▁▁▁▁▁▁▁▁▁,0.043559430938085786,▌           ,nu-cmd-dataframe,0.63.0,0.85.0
path dirname,path,54,5,0.003628026288399226,▂▁▃▁▁▁▁▁▁█▁▁▂▁▁,0.042691936655216686,▌           ,nu-command,0.19.0,0.85.0
term size,platform,150,4,0.004390207061537451,▃▂█▁▁▁▅▁▁▁▁▁▁▁▁,0.04200472436490268,▌           ,nu-command,0.27.0,0.85.0
dfr get,dataframe,256,3,0.005835265427946953,▆▆▁▁▁▁▁▁▁▁▁█▁▁▁,0.04193885571000588,▌           ,nu-cmd-dataframe,0.60.0,0.85.0
ansi strip,platform,166,4,0.004198838357181873,▃▄█▁▁▁▁▁▁▁▁▁▂▁▁,0.04107903332399464,▌           ,nu-command,0.28.0,0.85.0
sort,filters,149,4,0.004198649618483391,▄▄▁▁▁▁▇▁█▁▁▁▁▁▁,0.04107811005787268,▌           ,nu-command,0.61.0,0.85.0
histogram,chart,66,4,0.004045306514631356,▁▁▂█▁▁▁▁▁▁▁▁▁▁▁,0.04032100553990078,▌           ,nu-command,0.6.0,0.85.0
str length,strings,252,3,0.005348064655801033,▅▄█▁▁▁▁▁▁▁▁▁▁▁▁,0.04014991160395772,▌           ,nu-command,0.17.0,0.85.0
sleep,platform,92,4,0.003969283195114364,▁▁▆▁▁█▁▁▁▁▁▁▁▁▁,0.03994033286324361,▌           ,nu-command,0.19.0,0.85.0
move,filters,181,4,0.003954953114806299,█▇▁▁▁▆▁▁█▁▁▁▁▁▁,0.03986817050255741,▌           ,nu-command,0.17.0,0.85.0
date format,removed,207,3,0.005159927931992956,▃▃█▁▁▁▁▁▁▁▁▁▁▁▁,0.039437382885259956,▌           ,nu-command,0.19.0,0.85.0
window,filters,136,4,0.003725957221191084,▄▄▇▁▁█▁▁▁▁▁▁▁▁▁,0.03869675691993846,▌           ,nu-command,0.60.0,0.85.0
clip,,148,2,0.0069364024318004066,▁▁▁▁▁█▁▁▁▁▁▁▁▁▁,0.03733428000244583,▌           ,nu-command,0.2.0,0.40.0
seq,generators,124,4,0.003464525021526256,▅▂█▁▁▁▁▁▁▁▁▁▄▁▁,0.03731448812034291,▌           ,nu-command,0.22.0,0.85.0
path exists,path,115,5,0.002768278180457972,█▅█▁▁▆▁▁▁▁▁▁▄▁▁,0.03729198565995248,▌           ,nu-command,0.18.1,0.85.0
dfr join,lazyframe,500,2,0.006783344611299446,██▁▁▁▁▁▁▁▁▁▁▁▁▁,0.03692007544700896,▌           ,nu-cmd-dataframe,0.60.0,0.85.0
match,core,73,3,0.004477724177379775,▂▂▁▁▁▁▁▁▁▁▁▁█▁▁,0.03673795162330752,▌           ,nu-cmd-lang,0.60.0,0.85.0
export alias,core,175,3,0.004464839291653701,█▁▁▁▁▁▁▁▁▁▁▁█▁▁,0.036685055853806235,▌           ,nu-cmd-lang,0.60.0,0.85.0
continue,core,102,2,0.006568200816633051,▁▁▁▁▁▁▁▁█▁▁▁▁▁▁,0.036329870569550116,▍           ,nu-cmd-lang,0.72.0,0.85.0
take,filters,80,4,0.0032731417400688745,▁▁█▁▁▁▁▁▁▁▁▁▂▁▁,0.03626920560336577,▍           ,nu-command,0.61.0,0.85.0
dfr contains,dataframe,58,3,0.0042227689838788334,▂▂▁▁▁▁▁▁▁▁▁█▁▁▁,0.03567672086206302,▍           ,nu-cmd-dataframe,0.60.0,0.85.0
dfr into-lazy,lazyframe,462,2,0.006267810420840688,██▁▁▁▁▁▁▁▁▁▁▁▁▁,0.03548939251686141,▍           ,nu-cmd-dataframe,0.76.0,0.85.0
keybindings,platform,76,4,0.003019873034131576,▁▁█▁▁▃▁▁▁▁▁▁▁▁▁,0.03483774045393505,▍           ,nu-cli,0.60.0,0.85.0
overlay list,core,98,3,0.004016676274770535,▂▂▁█▁▁▁▁▁▁▁▁▁▁▁,0.03479522782691388,▍           ,nu-cmd-lang,0.63.0,0.85.0
dfr group-by,lazyframe,181,3,0.004011285547732635,▅▅▁█▁▁▁▁▁▁▁▁▁▁▁,0.03477187088460784,▍           ,nu-cmd-dataframe,0.60.0,0.85.0
into duration,conversions,73,4,0.0029972689255829926,▁▁█▁▁▁▁▁▁▁▁▁▂▁▁,0.03470711324100189,▍           ,nu-command,0.60.0,0.85.0
group,filters,66,4,0.002839475349913388,▁▁▆▁▁▁█▁▁▁▁▁▁▁▁,0.033781170116601034,▍           ,nu-command,0.60.0,0.85.0
each while,,31,2,0.0053651263070117515,▁▁▁▁▁▁▁▁▁▁█▁▁▁▁,0.032834515684026455,▍           ,nu-cmd-extra,0.64.0,0.85.0
path basename,path,207,3,0.00357207967251842,▇█▁▁▁▆▁▁▁▁▁▁▁▁▁,0.03281306791392827,▍           ,nu-command,0.18.1,0.85.0
skip until,filters,199,3,0.003532740309253956,██▁▁▁█▁▁▁▁▁▁▁▁▁,0.03263188229557537,▍           ,nu-command,0.17.0,0.85.0
dfr rename,dataframe or lazyframe,378,2,0.005128318959103086,██▁▁▁▁▁▁▁▁▁▁▁▁▁,0.03210170900816936,▍           ,nu-cmd-dataframe,0.60.0,0.85.0
schema,database,60,4,0.0025325487594532515,▁▁█▁▁▁▇▁▁▁▁▁▁▁▁,0.03190322193381996,▍           ,nu-command,0.65.0,0.85.0
dfr agg,lazyframe,148,3,0.0033514403704225574,▅▅▁█▁▁▁▁▁▁▁▁▁▁▁,0.0317835217550578,▍           ,nu-cmd-dataframe,0.76.0,0.85.0
from yaml,formats,365,2,0.004951874696136806,██▁▁▁▁▁▁▁▁▁▁▁▁▁,0.03154463181251625,▍           ,nu-command,0.14.0,0.85.0
to csv,formats,193,3,0.003251525419764396,██▆▁▁▁▁▁▁▁▁▁▁▁▁,0.03130616325856249,▍           ,nu-command,0.14.0,0.85.0
dfr unique,dataframe or lazyframe,340,2,0.004612674335683623,██▁▁▁▁▁▁▁▁▁▁▁▁▁,0.030445074154758223,▍           ,nu-cmd-dataframe,0.60.0,0.85.0
headers,filters,104,4,0.002151604794950431,██▇▁▁▁▁▁▁▁▁▁▅▁▁,0.029406063380506373,▍           ,nu-command,0.12.0,0.85.0
export def-env,core,31,3,0.002861589472886794,▂▁▁▁▁▁▁▁▁▁▁▁█▁▁,0.02936905236863054,▍           ,nu-cmd-lang,0.60.0,0.85.0
path relative-to,path,44,4,0.0021384176439589674,▁▂▁▇▁█▁▁▁▁▁▁▁▁▁,0.02931581023449708,▍           ,nu-command,0.32.0,0.85.0
view source,debug,156,3,0.0028139740812160724,▇█▁▁▁▁▁▁▁▁▁▁▆▁▁,0.029123684349069534,▍           ,nu-command,0.76.0,0.85.0
while,core,63,3,0.0028031783692460915,▁▁█▁▁▆▁▁▁▁▁▁▁▁▁,0.02906776467193671,▍           ,nu-cmd-lang,0.72.0,0.85.0
pwd,,135,2,0.004093352475710327,▁▃█▁▁▁▁▁▁▁▁▁▁▁▁,0.028680070259686663,▍           ,nu-command,0.3.0,0.44.0
overlay hide,core,109,3,0.0026809209120610615,▄▄▁█▁▁▁▁▁▁▁▁▁▁▁,0.02842681938238541,▍           ,nu-cmd-lang,0.68.0,0.85.0
path type,path,40,4,0.001967330388453854,▁▁▁▁▁█▁▁▁▁▁▁▃▁▁,0.0281186384363814,▍           ,nu-command,0.18.1,0.85.0
hide,core,38,4,0.001957767867575205,▁▁▅█▁▁▁▁▁▁▁▁▁▁▁,0.028050217645236172,▍           ,nu-cmd-lang,0.60.0,0.85.0
str,strings,114,4,0.0019378454628105007,█▇▁▁▂▁█▁▁▁▁▁▁▁▁,0.027907132055766854,▍           ,nu-cmd-extra,0.15.0,0.85.0
dfr drop,dataframe,260,2,0.003527339197875712,██▁▁▁▁▁▁▁▁▁▁▁▁▁,0.026623445023637976,▍           ,nu-cmd-dataframe,0.60.0,0.85.0
dfr append,dataframe,258,2,0.003500205819430514,██▁▁▁▁▁▁▁▁▁▁▁▁▁,0.02652084947814874,▍           ,nu-cmd-dataframe,0.60.0,0.85.0
seq date,generators,117,3,0.0023109597286430426,▅▆█▁▁▁▁▁▁▁▁▁▁▁▁,0.026392617130717912,▍           ,nu-command,0.23.0,0.85.0
config env,env,100,3,0.002134542886425113,▆▆▁█▁▁▁▁▁▁▁▁▁▁▁,0.02536522455238013,▎           ,nu-command,0.63.0,0.85.0
keybindings listen,platform,47,4,0.0015621018237645622,▂▂█▁▁▆▁▁▁▁▁▁▁▁▁,0.025055917300373882,▎           ,nu-cli,0.60.0,0.85.0
detect columns,strings,52,3,0.00206216889601622,▁▁█▁▁▁▁▁▁▁▁▁▁▁▁,0.024931498644832416,▎           ,nu-command,0.40.0,0.85.0
tutor,misc,13,2,0.0030848732279974084,▁▁▁▁▁▁▁▁▁▁█▁▁▁▁,0.0248977040400092,▎           ,nu-command,0.36.0,0.85.0
dfr collect,lazyframe,213,2,0.0028896937611174933,██▁▁▁▁▁▁▁▁▁▁▁▁▁,0.024097198188493187,▎           ,nu-cmd-dataframe,0.63.0,0.85.0
break,core,34,4,0.001320867154583901,▂▁█▁▁▆▁▁▁▁▁▁▁▁▁,0.023040144986640847,▎           ,nu-cmd-lang,0.72.0,0.85.0
http post,network,53,3,0.0017480454084959816,▃▃▁▁▁▁▁█▁▁▁▁▁▁▁,0.02295422444975963,▎           ,nu-command,0.75.0,0.85.0
math eval,,16,1,0.00487062404870624,▁▁▁▁▁▁▁▁▁▁█▁▁▁▁,0.022121671858880282,▎           ,nu-command,0.17.0,0.83.1
from ssv,formats,81,2,0.0023948959659731064,▃▁█▁▁▁▁▁▁▁▁▁▁▁▁,0.021937339966086416,▎           ,nu-command,0.60.0,0.85.0
random integer,random,17,2,0.002377994544316749,▁▁▁▁▁▁▁▁▁▁▁█▁▁▁,0.021859794069250094,▎           ,nu-command,0.20.0,0.85.0
grid,viewers,55,3,0.001530145398977926,▂▃█▁▁▁▁▁▁▁▁▁▁▁▁,0.021475961626593824,▎           ,nu-command,0.60.0,0.85.0
query web,,105,1,0.0045901639344262295,▁▁█▁▁▁▁▁▁▁▁▁▁▁▁,0.02147532473876713,▎           ,nu_plugin_query,0.76.0,0.85.0
def-env,core,30,4,0.0011475372729252674,▄▁█▁▁▁▁▁▁▁▁▁▅▁▁,0.02147529001750172,▎           ,nu-cmd-lang,0.60.0,0.85.0
math abs,math,31,2,0.0022590972351109392,▁▁▁█▁▁▁▁▁▁▁▁▁▁▁,0.02130630312382005,▎           ,nu-command,0.24.0,0.85.0
decode base64,hash,53,3,0.001472741386504016,▂▂█▁▁▁▁▁▁▁▁▁▁▁▁,0.021069271262393205,▎           ,nu-command,0.65.0,0.85.0
export-env,env,28,3,0.0014259581028630453,▃▁▁▁▁▁▁▁▁▁▁▁█▁▁,0.020731926076375543,▎           ,nu-command,0.68.0,0.85.0
dfr concat-str,expression,156,2,0.0021164035187254265,██▁▁▁▁▁▁▁▁▁▁▁▁▁,0.020622431839043717,▎           ,nu-cmd-dataframe,0.76.0,0.85.0
dfr first,dataframe,152,2,0.0020621367618350313,██▁▁▁▁▁▁▁▁▁▁▁▁▁,0.02035632479569683,▎           ,nu-cmd-dataframe,0.60.0,0.85.0
overlay new,core,21,3,0.0013456226384961497,▁▁▁█▁▁▁▁▁▁▁▁▁▁▁,0.02013946416443309,▎           ,nu-cmd-lang,0.63.1,0.85.0
scope,core,31,3,0.001329918643494614,▁▁▁▁▁▁█▁▁▁▁▁▁▁▁,0.020021601172455886,▎           ,nu-cmd-lang,0.82.0,0.85.0
touch,filesystem,48,3,0.0013106768687314624,▂▃▁▁▁█▁▁▁▁▁▁▁▁▁,0.019876233331588607,▎           ,nu-command,0.11.0,0.85.0
random chars,random,43,3,0.0012808608959899044,▄▄▁▁▁▁▁▁▁▁▁▁█▁▁,0.019648855212796343,▎           ,nu-command,0.24.0,0.85.0
scope commands,filters,9,2,0.0018658167866046642,▁▁▁▁▁▁▁▁▁▁▁▁█▁▁,0.019363111104854502,▎           ,nu-cmd-lang,0.82.0,0.85.0
enter,,44,1,0.0037083860092709652,▁▁▁█▁▁▁▁▁▁▁▁▁▁▁,0.019302702113376747,▎           ,nu-command,0.2.0,0.79.0
to tsv,formats,48,3,0.0012240240370554724,▃▃█▁▁▁▁▁▁▁▁▁▁▁▁,0.01920795997810832,▎           ,nu-command,0.14.0,0.85.0
decode hex,,11,1,0.00334855403348554,▁▁▁▁▁▁▁▁▁▁█▁▁▁▁,0.01834232132281744,▎           ,nu-cmd-extra,0.78.0,0.85.0
format date,date,56,3,0.0011082106654208867,█▄▁▁▁▁▁▁▁▁▁▁▆▁▁,0.01827668520480284,▎           ,nu-command,0.84.0,0.85.0
compact,filters,35,3,0.001077806234933623,▂▂█▁▁▁▁▁▁▁▁▁▁▁▁,0.018024225605293414,▎           ,nu-command,0.6.0,0.85.0
dfr value-counts,dataframe,112,2,0.001519469192931076,██▁▁▁▁▁▁▁▁▁▁▁▁▁,0.017473768955404978,▎           ,nu-cmd-dataframe,0.60.0,0.85.0
dfr lit,expression,110,2,0.001492335814485878,██▁▁▁▁▁▁▁▁▁▁▁▁▁,0.01731705037305209,▎           ,nu-cmd-dataframe,0.63.0,0.85.0
bytes at,bytes,68,1,0.0029726775956284155,▁▁█▁▁▁▁▁▁▁▁▁▁▁▁,0.017282220684913162,▎           ,nu-command,0.66.0,0.85.0
join,filters,39,3,0.0009813824194446882,▂▃█▁▁▁▁▁▁▁▁▁▁▁▁,0.017199087493098463,▎           ,nu-command,0.64.0,0.85.0
dfr count,expression,108,2,0.0014652024360406802,██▁▁▁▁▁▁▁▁▁▁▁▁▁,0.017158900481638446,▎           ,nu-cmd-dataframe,0.76.0,0.85.0
dfr fetch,lazyframe,104,2,0.0014109356791502845,██▁▁▁▁▁▁▁▁▁▁▁▁▁,0.016838145086994275,▎           ,nu-cmd-dataframe,0.63.0,0.85.0
dfr columns,dataframe,98,2,0.0013295355438146912,██▁▁▁▁▁▁▁▁▁▁▁▁▁,0.016345214171693052,▎           ,nu-cmd-dataframe,0.76.0,0.85.0
math ceil,math,22,3,0.000871290117267901,▁▁█▁▁▁▁▁▁▁▁▁▁▁▁,0.01620569507246171,▎           ,nu-command,0.22.0,0.85.0
help operators,core,21,3,0.0008577344713413727,▁▁█▁▁▁▁▁▁▁▁▁▁▁▁,0.01607913572125359,▎           ,nu-command,0.72.0,0.85.0
kill,platform,27,2,0.0012686847794046844,▁▁▁▁▁█▁▁▁▁▁▁▁▁▁,0.015966785986762752,▎           ,nu-command,0.11.0,0.85.0
loop,core,13,3,0.0008265886023781222,▁▁█▁▁▁▁▁▁▁▁▁▇▁▁,0.015784505298204674,▎           ,nu-cmd-lang,0.72.0,0.85.0
dfr not,dataframe,90,2,0.0012210020300339002,██▁▁▁▁▁▁▁▁▁▁▁▁▁,0.015663861426299393,▎           ,nu-cmd-dataframe,0.60.0,0.85.0
keybindings list,platform,32,3,0.000795923948386404,▃▃█▁▁▁▁▁▁▁▁▁▁▁▁,0.015488952755111801,▏           ,nu-cli,0.60.0,0.85.0
dfr arg-where,expression,88,2,0.0011938686515887023,██▁▁▁▁▁▁▁▁▁▁▁▁▁,0.015488840721573024,▏           ,nu-cmd-dataframe,0.76.0,0.85.0
dfr shape,dataframe,88,2,0.0011938686515887023,██▁▁▁▁▁▁▁▁▁▁▁▁▁,0.015488840721573024,▏           ,nu-cmd-dataframe,0.60.0,0.85.0
dfr set,dataframe,88,2,0.0011938686515887023,██▁▁▁▁▁▁▁▁▁▁▁▁▁,0.015488840721573024,▏           ,nu-cmd-dataframe,0.60.0,0.85.0
dfr dtypes,dataframe,87,2,0.0011804013520307379,▇█▁▁▁▁▁▁▁▁▁▁▁▁▁,0.015401232905185365,▏           ,nu-cmd-dataframe,0.60.0,0.85.0
math max,math,84,2,0.0011396239812904478,██▁▁▁▁▁▁▁▁▁▁▁▁▁,0.015132874458015304,▏           ,nu-command,0.15.1,0.85.0
date to-record,date,4,3,0.000751771059604618,▁▁▁▁▁▁▁▁▁▁▁▁█▁▁,0.015053208270626374,▏           ,nu-command,0.61.0,0.85.0
dfr is-in,expression,82,2,0.001112468516253109,██▁▁▁▁▁▁▁▁▁▁▁▁▁,0.014951491004114095,▏           ,nu-cmd-dataframe,0.60.0,0.85.0
keybindings default,platform,27,3,0.000697941344501473,▃▃█▁▁▁▁▁▁▁▁▁▁▁▁,0.014504265195641197,▏           ,nu-cli,0.60.0,0.85.0
math round,math,77,2,0.0010445135938833392,█▆▁▁▁▁▁▁▁▁▁▁▁▁▁,0.014487641397430752,▏           ,nu-command,0.22.0,0.85.0
str upcase,strings,25,3,0.0006879635551063655,▄▅▁▁▁▁▁▁▁▁▁▁█▁▁,0.01440021528710596,▏           ,nu-command,0.15.0,0.85.0
dfr str-slice,dataframe,76,2,0.0010310683809175156,██▁▁▁▁▁▁▁▁▁▁▁▁▁,0.014394095303073088,▏           ,nu-cmd-dataframe,0.60.0,0.85.0
take while,filters,22,2,0.0010273137921973468,▁▁▁▁▁█▁▁▁▁▁▁▁▁▁,0.014367863678548441,▏           ,nu-command,0.61.0,0.85.0
scope variables,filters,75,2,0.0010178661204652431,▄█▁▁▁▁▁▁▁▁▁▁▁▁▁,0.01430164418793191,▏           ,nu-cmd-lang,0.82.0,0.85.0
dfr fill-null,lazyframe,74,2,0.001003957089064459,██▁▁▁▁▁▁▁▁▁▁▁▁▁,0.01420359285328171,▏           ,nu-cmd-dataframe,0.63.0,0.85.0
take until,filters,73,2,0.0009903572699536485,██▁▁▁▁▁▁▁▁▁▁▁▁▁,0.014107062367903739,▏           ,nu-command,0.61.0,0.85.0
column,,44,1,0.001923497267759563,▁▁█▁▁▁▁▁▁▁▁▁▁▁▁,0.013901812556012137,▏           ,nu-parser,0.6.0,0.12.0
range,filters,33,2,0.0009600597337315583,▃▁█▁▁▁▁▁▁▁▁▁▁▁▁,0.013889600898451477,▏           ,nu-command,0.7.0,0.85.0
into filesize,conversions,22,3,0.0005999366540244009,▃▂█▁▁▁▁▁▁▁▁▁▁▁▁,0.01344741993592257,▏           ,nu-command,0.37.0,0.85.0
cal,generators,39,1,0.0017049180327868851,▁▁█▁▁▁▁▁▁▁▁▁▁▁▁,0.013088123781572302,▏           ,nu-command,0.14.0,0.85.0
date,date,39,1,0.0017049180327868851,▁▁█▁▁▁▁▁▁▁▁▁▁▁▁,0.013088123781572302,▏           ,nu-command,0.2.0,0.85.0
dfr max,expression,62,2,0.0008411347318011311,██▁▁▁▁▁▁▁▁▁▁▁▁▁,0.0130009001382824,▏           ,nu-cmd-dataframe,0.63.0,0.85.0
math floor,math,61,2,0.0008275569992824618,██▁▁▁▁▁▁▁▁▁▁▁▁▁,0.012895541917562744,▏           ,nu-command,0.22.0,0.85.0
dfr when,expression,60,2,0.0008140013533559334,██▁▁▁▁▁▁▁▁▁▁▁▁▁,0.01278948929869915,▏           ,nu-cmd-dataframe,0.63.0,0.85.0
to toml,formats,60,2,0.0008140013533559334,██▁▁▁▁▁▁▁▁▁▁▁▁▁,0.01278948929869915,▏           ,nu-command,0.14.0,0.85.0
bytes length,bytes,19,2,0.0008004408918281678,▁▁█▁▁▁▁▁▁▁▁▁▁▁▁,0.012682511739217639,▏           ,nu-command,0.65.0,0.85.0
date to-timezone,date,7,2,0.0007925263437527672,▁▂▁▁▁▁▁▁▁▁▁▁█▁▁,0.012619655313506763,▏           ,nu-command,0.24.0,0.85.0
hash sha256,hash,54,2,0.0007326012180203401,██▁▁▁▁▁▁▁▁▁▁▁▁▁,0.012133174888271661,▏           ,not_parsed_yet,0.85.0,0.85.0
explain,debug,54,2,0.0007326012180203401,██▁▁▁▁▁▁▁▁▁▁▁▁▁,0.012133174888271661,▏           ,nu-command,0.76.0,0.85.0
help aliases,core,13,3,0.0004778695809092223,▁▁█▁▁▁▁▁▁▁▁▁▁▁▁,0.012001650125606353,▏           ,nu-command,0.74.0,0.85.0
math min,math,52,2,0.0007055120127594243,▇█▁▁▁▁▁▁▁▁▁▁▁▁▁,0.011906739329015582,▏           ,nu-command,0.15.1,0.85.0
view files,debug,16,2,0.0006693154374367022,▁▁█▁▁▁▁▁▁▁▁▁▁▁▁,0.011597277800518672,▏           ,nu-command,0.76.0,0.85.0
dfr min,expression,48,2,0.0006512010826847468,██▁▁▁▁▁▁▁▁▁▁▁▁▁,0.011439266987758965,▏           ,nu-cmd-dataframe,0.63.0,0.85.0
input list,platform,48,2,0.0006511789960926058,█▇▁▁▁▁▁▁▁▁▁▁▁▁▁,0.011439072995017395,▏           ,nu-command,0.80.0,0.85.0
dfr drop-duplicates,dataframe,44,2,0.0005969343257943512,██▁▁▁▁▁▁▁▁▁▁▁▁▁,0.010952264306942624,▏           ,nu-cmd-dataframe,0.60.0,0.85.0
gstat,,27,1,0.001180327868852459,▁▁█▁▁▁▁▁▁▁▁▁▁▁▁,0.010889977244787366,▏           ,nu_plugin_gstat,0.76.0,0.85.0
ast,debug,40,2,0.0005426675689039556,██▁▁▁▁▁▁▁▁▁▁▁▁▁,0.010442574284199596,▏           ,nu-command,0.68.0,0.85.0
dfr str-lengths,dataframe,40,2,0.0005426675689039556,██▁▁▁▁▁▁▁▁▁▁▁▁▁,0.010442574284199596,▏           ,nu-cmd-dataframe,0.60.0,0.85.0
history session,misc,40,2,0.0005426233957196736,█▇▁▁▁▁▁▁▁▁▁▁▁▁▁,0.010442149262351836,▏           ,nu-cli,0.69.0,0.85.0
load-env,filesystem,12,2,0.0005114309457715225,▄▁▁▁▁▁▁▁▁▁▁▁█▁▁,0.010137576414399102,▏           ,nu-command,0.32.0,0.85.0
dfr is-null,dataframe,36,2,0.0004884008120135601,██▁▁▁▁▁▁▁▁▁▁▁▁▁,0.009906695812071957,▏           ,nu-cmd-dataframe,0.60.0,0.85.0
dfr as-date,dataframe,34,2,0.0004614882994897721,▃█▁▁▁▁▁▁▁▁▁▁▁▁▁,0.00962988246801752,▏           ,nu-cmd-dataframe,0.60.0,0.85.0
query,,21,1,0.0009180327868852459,▁▁█▁▁▁▁▁▁▁▁▁▁▁▁,0.009604057190953244,▏           ,nu_plugin_query,0.65.0,0.85.0
dfr sum,expression,33,2,0.0004476897010496929,██▁▁▁▁▁▁▁▁▁▁▁▁▁,0.009484822137019708,▏           ,nu-cmd-dataframe,0.63.0,0.85.0
dfr reverse,lazyframe,31,2,0.00042055632260449514,██▁▁▁▁▁▁▁▁▁▁▁▁▁,0.009192903952878426,▏           ,nu-cmd-dataframe,0.63.0,0.85.0
dfr concatenate,dataframe,28,2,0.000379867298232769,██▁▁▁▁▁▁▁▁▁▁▁▁▁,0.008736884477702489,▏           ,nu-cmd-dataframe,0.60.0,0.85.0
query xml,,17,1,0.0007431693989071039,▁▁█▁▁▁▁▁▁▁▁▁▁▁▁,0.008641110342456581,▏           ,nu_plugin_query,0.76.0,0.85.0
bytes,bytes,17,1,0.0007431693989071039,▁▁█▁▁▁▁▁▁▁▁▁▁▁▁,0.008641110342456581,▏           ,nu-command,0.66.0,0.85.0
uniq-by,filters,27,2,0.0003663999986748045,▄█▁▁▁▁▁▁▁▁▁▁▁▁▁,0.008580614108455429,▏           ,nu-command,0.73.0,0.85.0
input listen,platform,2,1,0.0007246376811594203,▁▁▁▁▁▁▁▁▁▁▁▁█▁▁,0.008532692568640086,▏           ,nu-command,0.83.0,0.85.0
scope modules,filters,2,1,0.0007246376811594203,▁▁▁▁▁▁▁▁▁▁▁▁█▁▁,0.008532692568640086,▏           ,nu-cmd-lang,0.82.0,0.85.0
scope aliases,filters,2,1,0.0007246376811594203,▁▁▁▁▁▁▁▁▁▁▁▁█▁▁,0.008532692568640086,▏           ,nu-cmd-lang,0.82.0,0.85.0
date humanize,date,26,2,0.0003527339197875711,██▁▁▁▁▁▁▁▁▁▁▁▁▁,0.008419072543497138,▏           ,nu-command,0.35.0,0.85.0
split words,strings,15,1,0.0006557377049180329,▁▁█▁▁▁▁▁▁▁▁▁▁▁▁,0.00811690979759014,▏           ,nu-command,0.68.0,0.85.0
dfr otherwise,expression,24,2,0.0003256005413423734,██▁▁▁▁▁▁▁▁▁▁▁▁▁,0.008088783258847775,▏           ,nu-cmd-dataframe,0.76.0,0.85.0
math sqrt,math,23,2,0.00031219950156083186,▂█▁▁▁▁▁▁▁▁▁▁▁▁▁,0.007920575572886685,▏           ,nu-command,0.30.0,0.85.0
bytes index-of,bytes,14,1,0.0006120218579234972,▁▁█▁▁▁▁▁▁▁▁▁▁▁▁,0.007841679859447663,▏           ,nu-command,0.66.0,0.85.0
dfr drop-nulls,dataframe,22,2,0.0002984671628971756,██▁▁▁▁▁▁▁▁▁▁▁▁▁,0.007744420360786512,▏           ,nu-cmd-dataframe,0.60.0,0.85.0
dfr to-csv,dataframe,21,2,0.0002849336035627882,▆█▁▁▁▁▁▁▁▁▁▁▁▁▁,0.007566803825287319,▏           ,nu-cmd-dataframe,0.60.0,0.85.0
dfr as-datetime,dataframe,20,2,0.0002715325637812467,▁█▁▁▁▁▁▁▁▁▁▁▁▁▁,0.007386719361636531,▏           ,nu-cmd-dataframe,0.60.0,0.85.0
dfr replace,dataframe,20,2,0.0002713337844519778,██▁▁▁▁▁▁▁▁▁▁▁▁▁,0.007384015089401791,▏           ,nu-cmd-dataframe,0.60.0,0.85.0
dfr last,dataframe,20,2,0.0002713337844519778,██▁▁▁▁▁▁▁▁▁▁▁▁▁,0.007384015089401791,▏           ,nu-cmd-dataframe,0.60.0,0.85.0
dfr expr-not,expression,18,2,0.00024420040600678003,██▁▁▁▁▁▁▁▁▁▁▁▁▁,0.007005091787868452,▏           ,nu-cmd-dataframe,0.76.0,0.85.0
math log,math,18,2,0.00024420040600678003,██▁▁▁▁▁▁▁▁▁▁▁▁▁,0.007005091787868452,▏           ,nu-command,0.73.0,0.85.0
dfr take,dataframe,18,2,0.00024420040600678003,██▁▁▁▁▁▁▁▁▁▁▁▁▁,0.007005091787868452,▏           ,nu-cmd-dataframe,0.60.0,0.85.0
dfr get-nanosecond,dataframe,18,2,0.00024420040600678003,██▁▁▁▁▁▁▁▁▁▁▁▁▁,0.007005091787868452,▏           ,nu-cmd-dataframe,0.60.0,0.85.0
nu-check,strings,16,2,0.00021706702756158226,██▁▁▁▁▁▁▁▁▁▁▁▁▁,0.006604463874714638,▏           ,nu-command,0.65.0,0.85.0
dfr explode,lazyframe,16,2,0.00021706702756158226,██▁▁▁▁▁▁▁▁▁▁▁▁▁,0.006604463874714638,▏           ,nu-cmd-dataframe,0.63.0,0.85.0
dfr melt,dataframe,16,2,0.00021706702756158226,██▁▁▁▁▁▁▁▁▁▁▁▁▁,0.006604463874714638,▏           ,nu-cmd-dataframe,0.60.0,0.85.0
dfr summary,dataframe,14,2,0.0001899336491163845,██▁▁▁▁▁▁▁▁▁▁▁▁▁,0.006177910260626918,▏           ,nu-cmd-dataframe,0.76.0,0.85.0
dfr fill-nan,lazyframe,14,2,0.0001899336491163845,██▁▁▁▁▁▁▁▁▁▁▁▁▁,0.006177910260626918,▏           ,nu-cmd-dataframe,0.76.0,0.85.0
hash md5,hash,14,2,0.0001899336491163845,██▁▁▁▁▁▁▁▁▁▁▁▁▁,0.006177910260626918,▏           ,nu-command,0.29.0,0.34.0
ansi gradient,,27,1,0.0003665987780040733,▁█▁▁▁▁▁▁▁▁▁▁▁▁▁,0.00606905604543602,▏           ,nu-cmd-extra,0.33.0,0.85.0
math stddev,math,1,1,0.00036231884057971015,▁▁▁▁▁▁▁▁▁▁▁▁█▁▁,0.006033524777065466,▏           ,nu-command,0.17.0,0.85.0
random dice,random,13,2,0.0001763559165977151,█▇▁▁▁▁▁▁▁▁▁▁▁▁▁,0.005952996903273658,▏           ,nu-command,0.16.0,0.85.0
str capitalize,strings,13,2,0.0001763559165977151,█▇▁▁▁▁▁▁▁▁▁▁▁▁▁,0.005952996903273658,▏           ,nu-command,0.15.0,0.85.0
dfr var,expression,12,2,0.0001628002706711867,██▁▁▁▁▁▁▁▁▁▁▁▁▁,0.0057196334938794825,▏           ,nu-cmd-dataframe,0.63.0,0.85.0
dfr to-parquet,dataframe,12,2,0.0001628002706711867,██▁▁▁▁▁▁▁▁▁▁▁▁▁,0.0057196334938794825,▏           ,nu-cmd-dataframe,0.60.0,0.85.0
help modules,core,11,2,0.00014928879792894026,▄█▁▁▁▁▁▁▁▁▁▁▁▁▁,0.0054771451452396225,▏           ,nu-command,0.74.0,0.85.0
math median,math,11,2,0.00014924462474465828,▇█▁▁▁▁▁▁▁▁▁▁▁▁▁,0.005476334766815326,▏           ,nu-command,0.15.1,0.85.0
drop nth,filters,9,2,0.00012208915970731953,█▇▁▁▁▁▁▁▁▁▁▁▁▁▁,0.004953123899347066,            ,nu-command,0.36.0,0.85.0
str ends-with,strings,9,2,0.00012206707311517854,█▅▁▁▁▁▁▁▁▁▁▁▁▁▁,0.004952675855574159,            ,nu-command,0.18.1,0.85.0
seq char,generators,8,2,0.00010853351378079113,██▁▁▁▁▁▁▁▁▁▁▁▁▁,0.004670061191912301,            ,nu-command,0.63.0,0.85.0
dfr replace-all,dataframe,8,2,0.00010853351378079113,██▁▁▁▁▁▁▁▁▁▁▁▁▁,0.004670061191912301,            ,nu-cmd-dataframe,0.60.0,0.85.0
dfr is-unique,dataframe,8,2,0.00010853351378079113,██▁▁▁▁▁▁▁▁▁▁▁▁▁,0.004670061191912301,            ,nu-cmd-dataframe,0.60.0,0.85.0
str index-of,strings,8,2,0.00010853351378079113,██▁▁▁▁▁▁▁▁▁▁▁▁▁,0.004670061191912301,            ,nu-command,0.18.1,0.85.0
split,strings,8,2,0.00010853351378079113,██▁▁▁▁▁▁▁▁▁▁▁▁▁,0.004670061191912301,            ,nu-command,0.15.0,0.85.0
encode base64,hash,8,2,0.00010851142718865013,█▅▁▁▁▁▁▁▁▁▁▁▁▁▁,0.004669585988533618,            ,nu-command,0.65.0,0.85.0
hide-env,core,14,1,0.00018977904297139757,█▁▁▁▁▁▁▁▁▁▁▁▁▁▁,0.004366663919119973,            ,nu-cmd-lang,0.67.0,0.85.0
str downcase,strings,13,1,0.0001762233970448692,█▁▁▁▁▁▁▁▁▁▁▁▁▁▁,0.004207822639977275,            ,nu-command,0.15.0,0.85.0
dfr n-unique,dataframe,6,2,0.00008140013533559334,██▁▁▁▁▁▁▁▁▁▁▁▁▁,0.004044391629423888,            ,nu-cmd-dataframe,0.76.0,0.85.0
dfr ls,dataframe,6,2,0.00008140013533559334,██▁▁▁▁▁▁▁▁▁▁▁▁▁,0.004044391629423888,            ,nu-cmd-dataframe,0.63.0,0.85.0
dfr arg-unique,dataframe,6,2,0.00008140013533559334,██▁▁▁▁▁▁▁▁▁▁▁▁▁,0.004044391629423888,            ,nu-cmd-dataframe,0.60.0,0.85.0
random,random,6,2,0.00008140013533559334,██▁▁▁▁▁▁▁▁▁▁▁▁▁,0.004044391629423888,            ,nu-command,0.15.1,0.85.0
split list,filters,6,2,0.00008137804874345237,█▅▁▁▁▁▁▁▁▁▁▁▁▁▁,0.004043842902519601,            ,nu-command,0.66.0,0.85.0
str distance,strings,5,2,0.00006782240281692397,█▆▁▁▁▁▁▁▁▁▁▁▁▁▁,0.0036917070027536604,            ,nu-command,0.68.0,0.85.0
dfr to-arrow,dataframe,4,2,0.000054266756890395566,██▁▁▁▁▁▁▁▁▁▁▁▁▁,0.003302231937357319,            ,nu-cmd-dataframe,0.76.0,0.85.0
dfr dummies,dataframe,4,2,0.000054266756890395566,██▁▁▁▁▁▁▁▁▁▁▁▁▁,0.003302231937357319,            ,nu-cmd-dataframe,0.76.0,0.85.0
dfr flatten,lazyframe,4,2,0.000054266756890395566,██▁▁▁▁▁▁▁▁▁▁▁▁▁,0.003302231937357319,            ,nu-cmd-dataframe,0.63.0,0.85.0
dfr is-not-null,dataframe,4,2,0.000054266756890395566,██▁▁▁▁▁▁▁▁▁▁▁▁▁,0.003302231937357319,            ,nu-cmd-dataframe,0.60.0,0.85.0
dfr count-null,dataframe,4,2,0.000054266756890395566,██▁▁▁▁▁▁▁▁▁▁▁▁▁,0.003302231937357319,            ,nu-cmd-dataframe,0.60.0,0.85.0
drop column,filters,4,2,0.000054266756890395566,██▁▁▁▁▁▁▁▁▁▁▁▁▁,0.003302231937357319,            ,nu-command,0.28.0,0.85.0
date to-table,date,4,2,0.000054266756890395566,██▁▁▁▁▁▁▁▁▁▁▁▁▁,0.003302231937357319,            ,nu-command,0.24.0,0.85.0
skip while,filters,4,2,0.000054244670298254575,█▃▁▁▁▁▁▁▁▁▁▁▁▁▁,0.0033015598640955793,            ,nu-command,0.17.0,0.85.0
dfr cumulative,dataframe,6,1,0.0000814663951120163,▁█▁▁▁▁▁▁▁▁▁▁▁▁▁,0.002860980456752681,            ,nu-cmd-dataframe,0.60.0,0.85.0
str expand,strings,3,2,0.000040689024371726184,█▅▁▁▁▁▁▁▁▁▁▁▁▁▁,0.0028594287384247014,            ,nu-command,0.83.0,0.85.0
from toml,formats,3,2,0.000040689024371726184,█▅▁▁▁▁▁▁▁▁▁▁▁▁▁,0.0028594287384247014,            ,nu-command,0.14.0,0.85.0
is-admin,core,5,1,0.00006777822963264199,█▁▁▁▁▁▁▁▁▁▁▁▁▁▁,0.002609580821740219,            ,nu-command,0.64.0,0.85.0
dfr shift,dataframe or lazyframe,4,1,0.00005431093007467753,▁█▁▁▁▁▁▁▁▁▁▁▁▁▁,0.002335980761039608,            ,nu-cmd-dataframe,0.60.0,0.85.0
rotate,,4,1,0.00005431093007467753,▁█▁▁▁▁▁▁▁▁▁▁▁▁▁,0.002335980761039608,            ,nu-cmd-extra,0.28.0,0.85.0
format duration,strings,2,2,0.000027133378445197783,██▁▁▁▁▁▁▁▁▁▁▁▁▁,0.0023350305959561504,            ,nu-command,0.84.0,0.85.0
lazy make,core,2,2,0.000027133378445197783,██▁▁▁▁▁▁▁▁▁▁▁▁▁,0.0023350305959561504,            ,nu-cmd-lang,0.81.0,0.85.0
help externs,core,2,2,0.000027133378445197783,██▁▁▁▁▁▁▁▁▁▁▁▁▁,0.0023350305959561504,            ,nu-command,0.78.0,0.85.0
view span,debug,2,2,0.000027133378445197783,██▁▁▁▁▁▁▁▁▁▁▁▁▁,0.0023350305959561504,            ,nu-command,0.76.0,0.85.0
url join,network,2,2,0.000027133378445197783,██▁▁▁▁▁▁▁▁▁▁▁▁▁,0.0023350305959561504,            ,nu-command,0.75.0,0.85.0
watch,filesystem,2,2,0.000027133378445197783,██▁▁▁▁▁▁▁▁▁▁▁▁▁,0.0023350305959561504,            ,nu-command,0.62.0,0.85.0
dfr is-duplicated,dataframe,2,2,0.000027133378445197783,██▁▁▁▁▁▁▁▁▁▁▁▁▁,0.0023350305959561504,            ,nu-cmd-dataframe,0.60.0,0.85.0
dfr strftime,dataframe,2,1,0.000027155465037338766,▁█▁▁▁▁▁▁▁▁▁▁▁▁▁,0.0016517878368524186,            ,nu-cmd-dataframe,0.60.0,0.85.0
split-by,filters,2,1,0.000027155465037338766,▁█▁▁▁▁▁▁▁▁▁▁▁▁▁,0.0016517878368524186,            ,nu-command,0.6.0,0.85.0
url build-query,network,2,1,0.0000271112918530568,█▁▁▁▁▁▁▁▁▁▁▁▁▁▁,0.0016504438269985874,            ,nu-command,0.75.0,0.85.0
export use,core,2,1,0.0000271112918530568,█▁▁▁▁▁▁▁▁▁▁▁▁▁▁,0.0016504438269985874,            ,nu-cmd-lang,0.67.0,0.85.0
random decimal,random,2,1,0.0000271112918530568,█▁▁▁▁▁▁▁▁▁▁▁▁▁▁,0.0016504438269985874,            ,nu-command,0.23.0,0.85.0
shuffle,filters,2,1,0.0000271112918530568,█▁▁▁▁▁▁▁▁▁▁▁▁▁▁,0.0016504438269985874,            ,nu-command,0.11.0,0.85.0
scope engine-stats,filters,1,1,0.000013577732518669383,▁█▁▁▁▁▁▁▁▁▁▁▁▁▁,0.001167990380519804,            ,nu-cmd-lang,0.82.0,0.85.0
roll down,,1,1,0.000013577732518669383,▁█▁▁▁▁▁▁▁▁▁▁▁▁▁,0.001167990380519804,            ,nu-cmd-extra,0.60.0,0.85.0
export extern,core,1,1,0.0000135556459265284,█▁▁▁▁▁▁▁▁▁▁▁▁▁▁,0.0011670400220381782,            ,nu-cmd-lang,0.60.0,0.85.0
math product,math,1,1,0.0000135556459265284,█▁▁▁▁▁▁▁▁▁▁▁▁▁▁,0.0011670400220381782,            ,nu-command,0.19.0,0.85.0
random bool,random,1,1,0.0000135556459265284,█▁▁▁▁▁▁▁▁▁▁▁▁▁▁,0.0011670400220381782,            ,nu-command,0.16.0,0.85.0
random uuid,random,1,1,0.0000135556459265284,█▁▁▁▁▁▁▁▁▁▁▁▁▁▁,0.0011670400220381782,            ,nu-command,0.15.1,0.85.0
ucp,filesystem,0,0,0,▁▁▁▁▁▁▁▁▁▁▁▁▁▁▁,0,            ,nu-command,0.85.0,0.85.0
random float,random,0,0,0,▁▁▁▁▁▁▁▁▁▁▁▁▁▁▁,0,            ,nu-command,0.85.0,0.85.0
into float,conversions,0,0,0,▁▁▁▁▁▁▁▁▁▁▁▁▁▁▁,0,            ,nu-command,0.85.0,0.85.0
scope externs,filters,0,0,0,▁▁▁▁▁▁▁▁▁▁▁▁▁▁▁,0,            ,nu-cmd-lang,0.84.0,0.85.0
export extern-wrapped,core,0,0,0,▁▁▁▁▁▁▁▁▁▁▁▁▁▁▁,0,            ,nu-cmd-lang,0.84.0,0.85.0
export const,core,0,0,0,▁▁▁▁▁▁▁▁▁▁▁▁▁▁▁,0,            ,nu-cmd-lang,0.84.0,0.85.0
dfr to-avro,dataframe,0,0,0,▁▁▁▁▁▁▁▁▁▁▁▁▁▁▁,0,            ,nu-cmd-dataframe,0.84.0,0.85.0
extern-wrapped,core,0,0,0,▁▁▁▁▁▁▁▁▁▁▁▁▁▁▁,0,            ,nu-cmd-lang,0.83.0,0.85.0
into bits,,0,0,0,▁▁▁▁▁▁▁▁▁▁▁▁▁▁▁,0,            ,nu-cmd-extra,0.83.0,0.85.0
hello,,0,0,0,▁▁▁▁▁▁▁▁▁▁▁▁▁▁▁,0,            ,nu-plugin,0.82.0,0.85.0
http options,network,0,0,0,▁▁▁▁▁▁▁▁▁▁▁▁▁▁▁,0,            ,nu-command,0.82.0,0.85.0
dfr to-jsonl,dataframe,0,0,0,▁▁▁▁▁▁▁▁▁▁▁▁▁▁▁,0,            ,nu-cmd-dataframe,0.81.0,0.85.0
dfr datepart,expression,0,0,0,▁▁▁▁▁▁▁▁▁▁▁▁▁▁▁,0,            ,nu-cmd-dataframe,0.81.0,0.85.0
export module,core,0,0,0,▁▁▁▁▁▁▁▁▁▁▁▁▁▁▁,0,            ,nu-cmd-lang,0.80.0,0.85.0
dfr implode,expression,0,0,0,▁▁▁▁▁▁▁▁▁▁▁▁▁▁▁,0,            ,nu-cmd-dataframe,0.80.0,0.85.0
math exp,,0,0,0,▁▁▁▁▁▁▁▁▁▁▁▁▁▁▁,0,            ,nu-cmd-extra,0.78.0,0.85.0
encode hex,,0,0,0,▁▁▁▁▁▁▁▁▁▁▁▁▁▁▁,0,            ,nu-cmd-extra,0.78.0,0.85.0
http put,network,0,0,0,▁▁▁▁▁▁▁▁▁▁▁▁▁▁▁,0,            ,nu-command,0.77.0,0.85.0
http patch,network,0,0,0,▁▁▁▁▁▁▁▁▁▁▁▁▁▁▁,0,            ,nu-command,0.77.0,0.85.0
http head,network,0,0,0,▁▁▁▁▁▁▁▁▁▁▁▁▁▁▁,0,            ,nu-command,0.77.0,0.85.0
http delete,network,0,0,0,▁▁▁▁▁▁▁▁▁▁▁▁▁▁▁,0,            ,nu-command,0.77.0,0.85.0
query json,,0,0,0,▁▁▁▁▁▁▁▁▁▁▁▁▁▁▁,0,            ,nu_plugin_query,0.76.0,0.85.0
inc,,0,0,0,▁▁▁▁▁▁▁▁▁▁▁▁▁▁▁,0,            ,nu_plugin_inc,0.76.0,0.85.0
nu-example-3,,0,0,0,▁▁▁▁▁▁▁▁▁▁▁▁▁▁▁,0,            ,nu_plugin_example,0.76.0,0.85.0
nu-example-2,,0,0,0,▁▁▁▁▁▁▁▁▁▁▁▁▁▁▁,0,            ,nu_plugin_example,0.76.0,0.85.0
nu-example-1,,0,0,0,▁▁▁▁▁▁▁▁▁▁▁▁▁▁▁,0,            ,nu_plugin_example,0.76.0,0.85.0
custom-value update,,0,0,0,▁▁▁▁▁▁▁▁▁▁▁▁▁▁▁,0,            ,nu_plugin_custom_values,0.76.0,0.85.0
custom-value generate2,,0,0,0,▁▁▁▁▁▁▁▁▁▁▁▁▁▁▁,0,            ,nu_plugin_custom_values,0.76.0,0.85.0
custom-value generate,,0,0,0,▁▁▁▁▁▁▁▁▁▁▁▁▁▁▁,0,            ,nu_plugin_custom_values,0.76.0,0.85.0
nu-plugin,,0,0,0,▁▁▁▁▁▁▁▁▁▁▁▁▁▁▁,0,            ,nu-plugin,0.76.0,0.85.0
dfr uppercase,dataframe,0,0,0,▁▁▁▁▁▁▁▁▁▁▁▁▁▁▁,0,            ,nu-cmd-dataframe,0.76.0,0.85.0
dfr query,dataframe,0,0,0,▁▁▁▁▁▁▁▁▁▁▁▁▁▁▁,0,            ,nu-cmd-dataframe,0.76.0,0.85.0
dfr lowercase,dataframe,0,0,0,▁▁▁▁▁▁▁▁▁▁▁▁▁▁▁,0,            ,nu-cmd-dataframe,0.76.0,0.85.0
ansi link,,0,0,0,▁▁▁▁▁▁▁▁▁▁▁▁▁▁▁,0,            ,nu-cmd-extra,0.75.0,0.85.0
url encode,strings,0,0,0,▁▁▁▁▁▁▁▁▁▁▁▁▁▁▁,0,            ,nu-command,0.74.0,0.85.0
math tanh,,0,0,0,▁▁▁▁▁▁▁▁▁▁▁▁▁▁▁,0,            ,nu-cmd-extra,0.73.0,0.85.0
math tan,,0,0,0,▁▁▁▁▁▁▁▁▁▁▁▁▁▁▁,0,            ,nu-cmd-extra,0.73.0,0.85.0
math sinh,,0,0,0,▁▁▁▁▁▁▁▁▁▁▁▁▁▁▁,0,            ,nu-cmd-extra,0.73.0,0.85.0
math sin,,0,0,0,▁▁▁▁▁▁▁▁▁▁▁▁▁▁▁,0,            ,nu-cmd-extra,0.73.0,0.85.0
math ln,,0,0,0,▁▁▁▁▁▁▁▁▁▁▁▁▁▁▁,0,            ,nu-cmd-extra,0.73.0,0.85.0
math cosh,,0,0,0,▁▁▁▁▁▁▁▁▁▁▁▁▁▁▁,0,            ,nu-cmd-extra,0.73.0,0.85.0
math cos,,0,0,0,▁▁▁▁▁▁▁▁▁▁▁▁▁▁▁,0,            ,nu-cmd-extra,0.73.0,0.85.0
math arctanh,,0,0,0,▁▁▁▁▁▁▁▁▁▁▁▁▁▁▁,0,            ,nu-cmd-extra,0.73.0,0.85.0
math arctan,,0,0,0,▁▁▁▁▁▁▁▁▁▁▁▁▁▁▁,0,            ,nu-cmd-extra,0.73.0,0.85.0
math arcsinh,,0,0,0,▁▁▁▁▁▁▁▁▁▁▁▁▁▁▁,0,            ,nu-cmd-extra,0.73.0,0.85.0
math arcsin,,0,0,0,▁▁▁▁▁▁▁▁▁▁▁▁▁▁▁,0,            ,nu-cmd-extra,0.73.0,0.85.0
math arccosh,,0,0,0,▁▁▁▁▁▁▁▁▁▁▁▁▁▁▁,0,            ,nu-cmd-extra,0.73.0,0.85.0
math arccos,,0,0,0,▁▁▁▁▁▁▁▁▁▁▁▁▁▁▁,0,            ,nu-cmd-extra,0.73.0,0.85.0
url parse,network,0,0,0,▁▁▁▁▁▁▁▁▁▁▁▁▁▁▁,0,            ,nu-command,0.72.0,0.85.0
registry query,,0,0,0,▁▁▁▁▁▁▁▁▁▁▁▁▁▁▁,0,            ,nu-command,0.70.0,0.85.0
msgpack,,0,0,0,▁▁▁▁▁▁▁▁▁▁▁▁▁▁▁,0,            ,nu-plugin,0.68.1,0.85.0
json,,0,0,0,▁▁▁▁▁▁▁▁▁▁▁▁▁▁▁,0,            ,nu-plugin,0.68.1,0.85.0
source-env,core,0,0,0,▁▁▁▁▁▁▁▁▁▁▁▁▁▁▁,0,            ,nu-command,0.68.0,0.85.0
query db,database,0,0,0,▁▁▁▁▁▁▁▁▁▁▁▁▁▁▁,0,            ,nu-command,0.67.0,0.85.0
into sqlite,conversions,0,0,0,▁▁▁▁▁▁▁▁▁▁▁▁▁▁▁,0,            ,nu-command,0.67.0,0.85.0
bits xor,,0,0,0,▁▁▁▁▁▁▁▁▁▁▁▁▁▁▁,0,            ,nu-cmd-extra,0.67.0,0.85.0
bits shr,,0,0,0,▁▁▁▁▁▁▁▁▁▁▁▁▁▁▁,0,            ,nu-cmd-extra,0.67.0,0.85.0
bits shl,,0,0,0,▁▁▁▁▁▁▁▁▁▁▁▁▁▁▁,0,            ,nu-cmd-extra,0.67.0,0.85.0
bits ror,,0,0,0,▁▁▁▁▁▁▁▁▁▁▁▁▁▁▁,0,            ,nu-cmd-extra,0.67.0,0.85.0
bits rol,,0,0,0,▁▁▁▁▁▁▁▁▁▁▁▁▁▁▁,0,            ,nu-cmd-extra,0.67.0,0.85.0
bits or,,0,0,0,▁▁▁▁▁▁▁▁▁▁▁▁▁▁▁,0,            ,nu-cmd-extra,0.67.0,0.85.0
bits not,,0,0,0,▁▁▁▁▁▁▁▁▁▁▁▁▁▁▁,0,            ,nu-cmd-extra,0.67.0,0.85.0
bits and,,0,0,0,▁▁▁▁▁▁▁▁▁▁▁▁▁▁▁,0,            ,nu-cmd-extra,0.67.0,0.85.0
bits,,0,0,0,▁▁▁▁▁▁▁▁▁▁▁▁▁▁▁,0,            ,nu-cmd-extra,0.67.0,0.85.0
config reset,env,0,0,0,▁▁▁▁▁▁▁▁▁▁▁▁▁▁▁,0,            ,nu-command,0.66.0,0.85.0
bytes reverse,bytes,0,0,0,▁▁▁▁▁▁▁▁▁▁▁▁▁▁▁,0,            ,nu-command,0.66.0,0.85.0
bytes replace,bytes,0,0,0,▁▁▁▁▁▁▁▁▁▁▁▁▁▁▁,0,            ,nu-command,0.66.0,0.85.0
bytes remove,bytes,0,0,0,▁▁▁▁▁▁▁▁▁▁▁▁▁▁▁,0,            ,nu-command,0.66.0,0.85.0
bytes ends-with,bytes,0,0,0,▁▁▁▁▁▁▁▁▁▁▁▁▁▁▁,0,            ,nu-command,0.66.0,0.85.0
bytes collect,bytes,0,0,0,▁▁▁▁▁▁▁▁▁▁▁▁▁▁▁,0,            ,nu-command,0.66.0,0.85.0
bytes build,bytes,0,0,0,▁▁▁▁▁▁▁▁▁▁▁▁▁▁▁,0,            ,nu-command,0.66.0,0.85.0
bytes add,bytes,0,0,0,▁▁▁▁▁▁▁▁▁▁▁▁▁▁▁,0,            ,nu-command,0.66.0,0.85.0
port,network,0,0,0,▁▁▁▁▁▁▁▁▁▁▁▁▁▁▁,0,            ,nu-command,0.65.0,0.85.0
bytes starts-with,bytes,0,0,0,▁▁▁▁▁▁▁▁▁▁▁▁▁▁▁,0,            ,nu-command,0.65.0,0.85.0
with-column,,0,0,0,▁▁▁▁▁▁▁▁▁▁▁▁▁▁▁,0,            ,nu-parser,0.64.0,0.85.0
to-custom,,0,0,0,▁▁▁▁▁▁▁▁▁▁▁▁▁▁▁,0,            ,nu-parser,0.64.0,0.85.0
min,,0,0,0,▁▁▁▁▁▁▁▁▁▁▁▁▁▁▁,0,            ,nu-parser,0.64.0,0.85.0
agg,,0,0,0,▁▁▁▁▁▁▁▁▁▁▁▁▁▁▁,0,            ,nu-parser,0.64.0,0.85.0
str title-case,,0,0,0,▁▁▁▁▁▁▁▁▁▁▁▁▁▁▁,0,            ,nu-cmd-extra,0.63.0,0.85.0
dfr std,expression,0,0,0,▁▁▁▁▁▁▁▁▁▁▁▁▁▁▁,0,            ,nu-cmd-dataframe,0.63.0,0.85.0
dfr quantile,lazyframe,0,0,0,▁▁▁▁▁▁▁▁▁▁▁▁▁▁▁,0,            ,nu-cmd-dataframe,0.63.0,0.85.0
dfr median,lazyframe,0,0,0,▁▁▁▁▁▁▁▁▁▁▁▁▁▁▁,0,            ,nu-cmd-dataframe,0.63.0,0.85.0
dfr mean,expression,0,0,0,▁▁▁▁▁▁▁▁▁▁▁▁▁▁▁,0,            ,nu-cmd-dataframe,0.63.0,0.85.0
dfr cache,lazyframe,0,0,0,▁▁▁▁▁▁▁▁▁▁▁▁▁▁▁,0,            ,nu-cmd-dataframe,0.63.0,0.85.0
dfr agg-groups,expression,0,0,0,▁▁▁▁▁▁▁▁▁▁▁▁▁▁▁,0,            ,nu-cmd-dataframe,0.63.0,0.85.0
into bool,conversions,0,0,0,▁▁▁▁▁▁▁▁▁▁▁▁▁▁▁,0,            ,nu-command,0.60.0,0.85.0
roll right,,0,0,0,▁▁▁▁▁▁▁▁▁▁▁▁▁▁▁,0,            ,nu-cmd-extra,0.60.0,0.85.0
roll left,,0,0,0,▁▁▁▁▁▁▁▁▁▁▁▁▁▁▁,0,            ,nu-cmd-extra,0.60.0,0.85.0
dfr slice,dataframe,0,0,0,▁▁▁▁▁▁▁▁▁▁▁▁▁▁▁,0,            ,nu-cmd-dataframe,0.60.0,0.85.0
dfr set-with-idx,dataframe,0,0,0,▁▁▁▁▁▁▁▁▁▁▁▁▁▁▁,0,            ,nu-cmd-dataframe,0.60.0,0.85.0
dfr sample,dataframe,0,0,0,▁▁▁▁▁▁▁▁▁▁▁▁▁▁▁,0,            ,nu-cmd-dataframe,0.60.0,0.85.0
dfr rolling,dataframe,0,0,0,▁▁▁▁▁▁▁▁▁▁▁▁▁▁▁,0,            ,nu-cmd-dataframe,0.60.0,0.85.0
dfr get-year,dataframe,0,0,0,▁▁▁▁▁▁▁▁▁▁▁▁▁▁▁,0,            ,nu-cmd-dataframe,0.60.0,0.85.0
dfr get-weekday,dataframe,0,0,0,▁▁▁▁▁▁▁▁▁▁▁▁▁▁▁,0,            ,nu-cmd-dataframe,0.60.0,0.85.0
dfr get-week,dataframe,0,0,0,▁▁▁▁▁▁▁▁▁▁▁▁▁▁▁,0,            ,nu-cmd-dataframe,0.60.0,0.85.0
dfr get-second,dataframe,0,0,0,▁▁▁▁▁▁▁▁▁▁▁▁▁▁▁,0,            ,nu-cmd-dataframe,0.60.0,0.85.0
dfr get-ordinal,dataframe,0,0,0,▁▁▁▁▁▁▁▁▁▁▁▁▁▁▁,0,            ,nu-cmd-dataframe,0.60.0,0.85.0
dfr get-month,dataframe,0,0,0,▁▁▁▁▁▁▁▁▁▁▁▁▁▁▁,0,            ,nu-cmd-dataframe,0.60.0,0.85.0
dfr get-minute,dataframe,0,0,0,▁▁▁▁▁▁▁▁▁▁▁▁▁▁▁,0,            ,nu-cmd-dataframe,0.60.0,0.85.0
dfr get-hour,dataframe,0,0,0,▁▁▁▁▁▁▁▁▁▁▁▁▁▁▁,0,            ,nu-cmd-dataframe,0.60.0,0.85.0
dfr get-day,dataframe,0,0,0,▁▁▁▁▁▁▁▁▁▁▁▁▁▁▁,0,            ,nu-cmd-dataframe,0.60.0,0.85.0
dfr arg-true,dataframe,0,0,0,▁▁▁▁▁▁▁▁▁▁▁▁▁▁▁,0,            ,nu-cmd-dataframe,0.60.0,0.85.0
dfr arg-sort,dataframe,0,0,0,▁▁▁▁▁▁▁▁▁▁▁▁▁▁▁,0,            ,nu-cmd-dataframe,0.60.0,0.85.0
dfr arg-min,dataframe,0,0,0,▁▁▁▁▁▁▁▁▁▁▁▁▁▁▁,0,            ,nu-cmd-dataframe,0.60.0,0.85.0
dfr arg-max,dataframe,0,0,0,▁▁▁▁▁▁▁▁▁▁▁▁▁▁▁,0,            ,nu-cmd-dataframe,0.60.0,0.85.0
dfr all-true,dataframe,0,0,0,▁▁▁▁▁▁▁▁▁▁▁▁▁▁▁,0,            ,nu-cmd-dataframe,0.60.0,0.85.0
dfr all-false,dataframe,0,0,0,▁▁▁▁▁▁▁▁▁▁▁▁▁▁▁,0,            ,nu-cmd-dataframe,0.60.0,0.85.0
update cells,,0,0,0,▁▁▁▁▁▁▁▁▁▁▁▁▁▁▁,0,            ,nu-cmd-extra,0.38.0,0.85.0
sha256,,0,0,0,▁▁▁▁▁▁▁▁▁▁▁▁▁▁▁,0,            ,nu-command,0.35.0,0.85.0
md5,,0,0,0,▁▁▁▁▁▁▁▁▁▁▁▁▁▁▁,0,            ,nu-command,0.35.0,0.85.0
roll up,,0,0,0,▁▁▁▁▁▁▁▁▁▁▁▁▁▁▁,0,            ,nu-cmd-extra,0.28.0,0.85.0
roll,,0,0,0,▁▁▁▁▁▁▁▁▁▁▁▁▁▁▁,0,            ,nu-cmd-extra,0.28.0,0.85.0
hash,hash,0,0,0,▁▁▁▁▁▁▁▁▁▁▁▁▁▁▁,0,            ,nu-command,0.24.0,0.85.0
date list-timezone,date,0,0,0,▁▁▁▁▁▁▁▁▁▁▁▁▁▁▁,0,            ,nu-command,0.24.0,0.85.0
format filesize,strings,0,0,0,▁▁▁▁▁▁▁▁▁▁▁▁▁▁▁,0,            ,nu-command,0.22.0,0.85.0
str snake-case,,0,0,0,▁▁▁▁▁▁▁▁▁▁▁▁▁▁▁,0,            ,nu-cmd-extra,0.19.0,0.85.0
str screaming-snake-case,,0,0,0,▁▁▁▁▁▁▁▁▁▁▁▁▁▁▁,0,            ,nu-cmd-extra,0.19.0,0.85.0
str pascal-case,,0,0,0,▁▁▁▁▁▁▁▁▁▁▁▁▁▁▁,0,            ,nu-cmd-extra,0.19.0,0.85.0
str kebab-case,,0,0,0,▁▁▁▁▁▁▁▁▁▁▁▁▁▁▁,0,            ,nu-cmd-extra,0.19.0,0.85.0
str camel-case,,0,0,0,▁▁▁▁▁▁▁▁▁▁▁▁▁▁▁,0,            ,nu-cmd-extra,0.19.0,0.85.0
to xml,formats,0,0,0,▁▁▁▁▁▁▁▁▁▁▁▁▁▁▁,0,            ,nu-command,0.18.1,0.85.0
str reverse,strings,0,0,0,▁▁▁▁▁▁▁▁▁▁▁▁▁▁▁,0,            ,nu-command,0.17.0,0.85.0
math variance,math,0,0,0,▁▁▁▁▁▁▁▁▁▁▁▁▁▁▁,0,            ,nu-command,0.17.0,0.85.0
math mode,math,0,0,0,▁▁▁▁▁▁▁▁▁▁▁▁▁▁▁,0,            ,nu-command,0.15.1,0.85.0
math,math,0,0,0,▁▁▁▁▁▁▁▁▁▁▁▁▁▁▁,0,            ,nu-command,0.15.1,0.85.0
every,filters,0,0,0,▁▁▁▁▁▁▁▁▁▁▁▁▁▁▁,0,            ,nu-command,0.15.1,0.85.0
from yml,formats,0,0,0,▁▁▁▁▁▁▁▁▁▁▁▁▁▁▁,0,            ,nu-command,0.14.0,0.85.0
from xlsx,formats,0,0,0,▁▁▁▁▁▁▁▁▁▁▁▁▁▁▁,0,            ,nu-command,0.14.0,0.85.0
from ods,formats,0,0,0,▁▁▁▁▁▁▁▁▁▁▁▁▁▁▁,0,            ,nu-command,0.14.0,0.85.0
to html,,0,0,0,▁▁▁▁▁▁▁▁▁▁▁▁▁▁▁,0,            ,nu-cmd-extra,0.14.0,0.85.0
from url,,0,0,0,▁▁▁▁▁▁▁▁▁▁▁▁▁▁▁,0,            ,nu-cmd-extra,0.14.0,0.85.0
math phi,,0,0,0,▁▁▁▁▁▁▁▁▁▁▁▁▁▁▁,0,            ,nu-cmd-extra,0.81.0,0.84.0
math egamma,,0,0,0,▁▁▁▁▁▁▁▁▁▁▁▁▁▁▁,0,            ,nu-cmd-extra,0.81.0,0.84.0
math tau,,0,0,0,▁▁▁▁▁▁▁▁▁▁▁▁▁▁▁,0,            ,nu-cmd-extra,0.73.0,0.84.0
math pi,,0,0,0,▁▁▁▁▁▁▁▁▁▁▁▁▁▁▁,0,            ,nu-cmd-extra,0.73.0,0.84.0
math e,,0,0,0,▁▁▁▁▁▁▁▁▁▁▁▁▁▁▁,0,            ,nu-cmd-extra,0.73.0,0.84.0
hash base64,,0,0,0,▁▁▁▁▁▁▁▁▁▁▁▁▁▁▁,0,            ,nu-command,0.24.0,0.83.1
str rpad,,0,0,0,▁▁▁▁▁▁▁▁▁▁▁▁▁▁▁,0,            ,nu-command,0.21.0,0.83.1
str lpad,,0,0,0,▁▁▁▁▁▁▁▁▁▁▁▁▁▁▁,0,            ,nu-command,0.21.0,0.83.1
str to-int,,0,0,0,▁▁▁▁▁▁▁▁▁▁▁▁▁▁▁,0,            ,nu-command,0.15.0,0.83.1
str to-decimal,,0,0,0,▁▁▁▁▁▁▁▁▁▁▁▁▁▁▁,0,            ,nu-command,0.15.0,0.83.1
str to-datetime,,0,0,0,▁▁▁▁▁▁▁▁▁▁▁▁▁▁▁,0,            ,nu-command,0.15.0,0.83.1
str find-replace,,0,0,0,▁▁▁▁▁▁▁▁▁▁▁▁▁▁▁,0,            ,nu-command,0.15.0,0.83.1
old-alias,,0,0,0,▁▁▁▁▁▁▁▁▁▁▁▁▁▁▁,0,            ,nu-command,0.77.0,0.79.0
export old-alias,,0,0,0,▁▁▁▁▁▁▁▁▁▁▁▁▁▁▁,0,            ,nu-command,0.77.0,0.79.0
dfr list,,0,0,0,▁▁▁▁▁▁▁▁▁▁▁▁▁▁▁,0,            ,nu-command,0.60.0,0.79.0
shells,,0,0,0,▁▁▁▁▁▁▁▁▁▁▁▁▁▁▁,0,            ,nu-command,0.2.0,0.79.0
fill-nan,,0,0,0,▁▁▁▁▁▁▁▁▁▁▁▁▁▁▁,0,            ,nu-command,0.74.0,0.75.0
summary,,0,0,0,▁▁▁▁▁▁▁▁▁▁▁▁▁▁▁,0,            ,nu-command,0.72.0,0.75.0
query df,,0,0,0,▁▁▁▁▁▁▁▁▁▁▁▁▁▁▁,0,            ,nu-command,0.70.0,0.75.0
to arrow,,0,0,0,▁▁▁▁▁▁▁▁▁▁▁▁▁▁▁,0,            ,nu-command,0.69.0,0.75.0
arg-where,,0,0,0,▁▁▁▁▁▁▁▁▁▁▁▁▁▁▁,0,            ,nu-command,0.67.0,0.75.0
concat-str,,0,0,0,▁▁▁▁▁▁▁▁▁▁▁▁▁▁▁,0,            ,nu-command,0.66.0,0.75.0
uppercase,,0,0,0,▁▁▁▁▁▁▁▁▁▁▁▁▁▁▁,0,            ,nu-command,0.65.0,0.75.0
to parquet,,0,0,0,▁▁▁▁▁▁▁▁▁▁▁▁▁▁▁,0,            ,nu-command,0.65.0,0.75.0
lowercase,,0,0,0,▁▁▁▁▁▁▁▁▁▁▁▁▁▁▁,0,            ,nu-command,0.65.0,0.75.0
into nu,,0,0,0,▁▁▁▁▁▁▁▁▁▁▁▁▁▁▁,0,            ,nu-command,0.65.0,0.75.0
into lazy,,0,0,0,▁▁▁▁▁▁▁▁▁▁▁▁▁▁▁,0,            ,nu-command,0.65.0,0.75.0
into df,,0,0,0,▁▁▁▁▁▁▁▁▁▁▁▁▁▁▁,0,            ,nu-command,0.65.0,0.75.0
dummies,,0,0,0,▁▁▁▁▁▁▁▁▁▁▁▁▁▁▁,0,            ,nu-command,0.65.0,0.75.0
when,,0,0,0,▁▁▁▁▁▁▁▁▁▁▁▁▁▁▁,0,            ,nu-command,0.64.0,0.75.0
var,,0,0,0,▁▁▁▁▁▁▁▁▁▁▁▁▁▁▁,0,            ,nu-command,0.64.0,0.75.0
value-counts,,0,0,0,▁▁▁▁▁▁▁▁▁▁▁▁▁▁▁,0,            ,nu-command,0.64.0,0.75.0
unique,,0,0,0,▁▁▁▁▁▁▁▁▁▁▁▁▁▁▁,0,            ,nu-command,0.64.0,0.75.0
strftime,,0,0,0,▁▁▁▁▁▁▁▁▁▁▁▁▁▁▁,0,            ,nu-command,0.64.0,0.75.0
str-slice,,0,0,0,▁▁▁▁▁▁▁▁▁▁▁▁▁▁▁,0,            ,nu-command,0.64.0,0.75.0
str-lengths,,0,0,0,▁▁▁▁▁▁▁▁▁▁▁▁▁▁▁,0,            ,nu-command,0.64.0,0.75.0
std,,0,0,0,▁▁▁▁▁▁▁▁▁▁▁▁▁▁▁,0,            ,nu-command,0.64.0,0.75.0
slice,,0,0,0,▁▁▁▁▁▁▁▁▁▁▁▁▁▁▁,0,            ,nu-command,0.64.0,0.75.0
shift,,0,0,0,▁▁▁▁▁▁▁▁▁▁▁▁▁▁▁,0,            ,nu-command,0.64.0,0.75.0
shape,,0,0,0,▁▁▁▁▁▁▁▁▁▁▁▁▁▁▁,0,            ,nu-command,0.64.0,0.75.0
set-with-idx,,0,0,0,▁▁▁▁▁▁▁▁▁▁▁▁▁▁▁,0,            ,nu-command,0.64.0,0.75.0
set,,0,0,0,▁▁▁▁▁▁▁▁▁▁▁▁▁▁▁,0,            ,nu-command,0.64.0,0.75.0
sample,,0,0,0,▁▁▁▁▁▁▁▁▁▁▁▁▁▁▁,0,            ,nu-command,0.64.0,0.75.0
rolling,,0,0,0,▁▁▁▁▁▁▁▁▁▁▁▁▁▁▁,0,            ,nu-command,0.64.0,0.75.0
replace-all,,0,0,0,▁▁▁▁▁▁▁▁▁▁▁▁▁▁▁,0,            ,nu-command,0.64.0,0.75.0
replace,,0,0,0,▁▁▁▁▁▁▁▁▁▁▁▁▁▁▁,0,            ,nu-command,0.64.0,0.75.0
quantile,,0,0,0,▁▁▁▁▁▁▁▁▁▁▁▁▁▁▁,0,            ,nu-command,0.64.0,0.75.0
otherwise,,0,0,0,▁▁▁▁▁▁▁▁▁▁▁▁▁▁▁,0,            ,nu-command,0.64.0,0.75.0
open-df,,0,0,0,▁▁▁▁▁▁▁▁▁▁▁▁▁▁▁,0,            ,nu-command,0.64.0,0.75.0
n-unique,,0,0,0,▁▁▁▁▁▁▁▁▁▁▁▁▁▁▁,0,            ,nu-command,0.64.0,0.75.0
melt,,0,0,0,▁▁▁▁▁▁▁▁▁▁▁▁▁▁▁,0,            ,nu-command,0.64.0,0.75.0
median,,0,0,0,▁▁▁▁▁▁▁▁▁▁▁▁▁▁▁,0,            ,nu-command,0.64.0,0.75.0
mean,,0,0,0,▁▁▁▁▁▁▁▁▁▁▁▁▁▁▁,0,            ,nu-command,0.64.0,0.75.0
max,,0,0,0,▁▁▁▁▁▁▁▁▁▁▁▁▁▁▁,0,            ,nu-command,0.64.0,0.75.0
ls-df,,0,0,0,▁▁▁▁▁▁▁▁▁▁▁▁▁▁▁,0,            ,nu-command,0.64.0,0.75.0
lit,,0,0,0,▁▁▁▁▁▁▁▁▁▁▁▁▁▁▁,0,            ,nu-command,0.64.0,0.75.0
list,,0,0,0,▁▁▁▁▁▁▁▁▁▁▁▁▁▁▁,0,            ,nu-command,0.64.0,0.75.0
is-unique,,0,0,0,▁▁▁▁▁▁▁▁▁▁▁▁▁▁▁,0,            ,nu-command,0.64.0,0.75.0
is-null,,0,0,0,▁▁▁▁▁▁▁▁▁▁▁▁▁▁▁,0,            ,nu-command,0.64.0,0.75.0
is-not-null,,0,0,0,▁▁▁▁▁▁▁▁▁▁▁▁▁▁▁,0,            ,nu-command,0.64.0,0.75.0
is-in,,0,0,0,▁▁▁▁▁▁▁▁▁▁▁▁▁▁▁,0,            ,nu-command,0.64.0,0.75.0
is-duplicated,,0,0,0,▁▁▁▁▁▁▁▁▁▁▁▁▁▁▁,0,            ,nu-command,0.64.0,0.75.0
get-year,,0,0,0,▁▁▁▁▁▁▁▁▁▁▁▁▁▁▁,0,            ,nu-command,0.64.0,0.75.0
get-weekday,,0,0,0,▁▁▁▁▁▁▁▁▁▁▁▁▁▁▁,0,            ,nu-command,0.64.0,0.75.0
get-week,,0,0,0,▁▁▁▁▁▁▁▁▁▁▁▁▁▁▁,0,            ,nu-command,0.64.0,0.75.0
get-second,,0,0,0,▁▁▁▁▁▁▁▁▁▁▁▁▁▁▁,0,            ,nu-command,0.64.0,0.75.0
get-ordinal,,0,0,0,▁▁▁▁▁▁▁▁▁▁▁▁▁▁▁,0,            ,nu-command,0.64.0,0.75.0
get-nanosecond,,0,0,0,▁▁▁▁▁▁▁▁▁▁▁▁▁▁▁,0,            ,nu-command,0.64.0,0.75.0
get-month,,0,0,0,▁▁▁▁▁▁▁▁▁▁▁▁▁▁▁,0,            ,nu-command,0.64.0,0.75.0
get-minute,,0,0,0,▁▁▁▁▁▁▁▁▁▁▁▁▁▁▁,0,            ,nu-command,0.64.0,0.75.0
get-hour,,0,0,0,▁▁▁▁▁▁▁▁▁▁▁▁▁▁▁,0,            ,nu-command,0.64.0,0.75.0
get-day,,0,0,0,▁▁▁▁▁▁▁▁▁▁▁▁▁▁▁,0,            ,nu-command,0.64.0,0.75.0
filter-with,,0,0,0,▁▁▁▁▁▁▁▁▁▁▁▁▁▁▁,0,            ,nu-command,0.64.0,0.75.0
fill-null,,0,0,0,▁▁▁▁▁▁▁▁▁▁▁▁▁▁▁,0,            ,nu-command,0.64.0,0.75.0
expr-not,,0,0,0,▁▁▁▁▁▁▁▁▁▁▁▁▁▁▁,0,            ,nu-command,0.64.0,0.75.0
explode,,0,0,0,▁▁▁▁▁▁▁▁▁▁▁▁▁▁▁,0,            ,nu-command,0.64.0,0.75.0
dtypes,,0,0,0,▁▁▁▁▁▁▁▁▁▁▁▁▁▁▁,0,            ,nu-command,0.64.0,0.75.0
drop-nulls,,0,0,0,▁▁▁▁▁▁▁▁▁▁▁▁▁▁▁,0,            ,nu-command,0.64.0,0.75.0
drop-duplicates,,0,0,0,▁▁▁▁▁▁▁▁▁▁▁▁▁▁▁,0,            ,nu-command,0.64.0,0.75.0
df-not,,0,0,0,▁▁▁▁▁▁▁▁▁▁▁▁▁▁▁,0,            ,nu-command,0.64.0,0.75.0
cumulative,,0,0,0,▁▁▁▁▁▁▁▁▁▁▁▁▁▁▁,0,            ,nu-command,0.64.0,0.75.0
count-null,,0,0,0,▁▁▁▁▁▁▁▁▁▁▁▁▁▁▁,0,            ,nu-command,0.64.0,0.75.0
contains,,0,0,0,▁▁▁▁▁▁▁▁▁▁▁▁▁▁▁,0,            ,nu-command,0.64.0,0.75.0
concatenate,,0,0,0,▁▁▁▁▁▁▁▁▁▁▁▁▁▁▁,0,            ,nu-command,0.64.0,0.75.0
col,,0,0,0,▁▁▁▁▁▁▁▁▁▁▁▁▁▁▁,0,            ,nu-command,0.64.0,0.75.0
cache,,0,0,0,▁▁▁▁▁▁▁▁▁▁▁▁▁▁▁,0,            ,nu-command,0.64.0,0.75.0
as-datetime,,0,0,0,▁▁▁▁▁▁▁▁▁▁▁▁▁▁▁,0,            ,nu-command,0.64.0,0.75.0
as-date,,0,0,0,▁▁▁▁▁▁▁▁▁▁▁▁▁▁▁,0,            ,nu-command,0.64.0,0.75.0
as,,0,0,0,▁▁▁▁▁▁▁▁▁▁▁▁▁▁▁,0,            ,nu-command,0.64.0,0.75.0
arg-unique,,0,0,0,▁▁▁▁▁▁▁▁▁▁▁▁▁▁▁,0,            ,nu-command,0.64.0,0.75.0
arg-true,,0,0,0,▁▁▁▁▁▁▁▁▁▁▁▁▁▁▁,0,            ,nu-command,0.64.0,0.75.0
arg-sort,,0,0,0,▁▁▁▁▁▁▁▁▁▁▁▁▁▁▁,0,            ,nu-command,0.64.0,0.75.0
arg-min,,0,0,0,▁▁▁▁▁▁▁▁▁▁▁▁▁▁▁,0,            ,nu-command,0.64.0,0.75.0
arg-max,,0,0,0,▁▁▁▁▁▁▁▁▁▁▁▁▁▁▁,0,            ,nu-command,0.64.0,0.75.0
all-true,,0,0,0,▁▁▁▁▁▁▁▁▁▁▁▁▁▁▁,0,            ,nu-command,0.64.0,0.75.0
all-false,,0,0,0,▁▁▁▁▁▁▁▁▁▁▁▁▁▁▁,0,            ,nu-command,0.64.0,0.75.0
agg-groups,,0,0,0,▁▁▁▁▁▁▁▁▁▁▁▁▁▁▁,0,            ,nu-command,0.64.0,0.75.0
view-source,,0,0,0,▁▁▁▁▁▁▁▁▁▁▁▁▁▁▁,0,            ,nu-command,0.60.0,0.75.0
benchmark,,0,0,0,▁▁▁▁▁▁▁▁▁▁▁▁▁▁▁,0,            ,nu-command,0.17.0,0.75.0
from vcf,,0,0,0,▁▁▁▁▁▁▁▁▁▁▁▁▁▁▁,0,            ,nu-command,0.14.0,0.75.0
from ini,,0,0,0,▁▁▁▁▁▁▁▁▁▁▁▁▁▁▁,0,            ,nu-command,0.14.0,0.75.0
from ics,,0,0,0,▁▁▁▁▁▁▁▁▁▁▁▁▁▁▁,0,            ,nu-command,0.14.0,0.75.0
from eml,,0,0,0,▁▁▁▁▁▁▁▁▁▁▁▁▁▁▁,0,            ,nu-command,0.14.0,0.75.0
sum,,0,0,0,▁▁▁▁▁▁▁▁▁▁▁▁▁▁▁,0,            ,nu-command,0.12.0,0.75.0
count,,0,0,0,▁▁▁▁▁▁▁▁▁▁▁▁▁▁▁,0,            ,nu-command,0.4.0,0.75.0
fetch,,0,0,0,▁▁▁▁▁▁▁▁▁▁▁▁▁▁▁,0,            ,nu-command,0.3.0,0.75.0
to url,,0,0,0,▁▁▁▁▁▁▁▁▁▁▁▁▁▁▁,0,            ,nu-command,0.14.0,0.74.0
post,,0,0,0,▁▁▁▁▁▁▁▁▁▁▁▁▁▁▁,0,            ,nu-command,0.3.0,0.74.0
fill-na,,0,0,0,▁▁▁▁▁▁▁▁▁▁▁▁▁▁▁,0,            ,nu-command,0.64.0,0.73.0
from table,,0,0,0,▁▁▁▁▁▁▁▁▁▁▁▁▁▁▁,0,            ,nu-command,0.67.0,0.71.0
testing-db,,0,0,0,▁▁▁▁▁▁▁▁▁▁▁▁▁▁▁,0,            ,nu-command,0.65.0,0.71.0
over,,0,0,0,▁▁▁▁▁▁▁▁▁▁▁▁▁▁▁,0,            ,nu-command,0.65.0,0.71.0
order-by,,0,0,0,▁▁▁▁▁▁▁▁▁▁▁▁▁▁▁,0,            ,nu-command,0.65.0,0.71.0
or,,0,0,0,▁▁▁▁▁▁▁▁▁▁▁▁▁▁▁,0,            ,nu-command,0.65.0,0.71.0
open-db,,0,0,0,▁▁▁▁▁▁▁▁▁▁▁▁▁▁▁,0,            ,nu-command,0.65.0,0.71.0
limit,,0,0,0,▁▁▁▁▁▁▁▁▁▁▁▁▁▁▁,0,            ,nu-command,0.65.0,0.71.0
into db,,0,0,0,▁▁▁▁▁▁▁▁▁▁▁▁▁▁▁,0,            ,nu-command,0.65.0,0.71.0
fn,,0,0,0,▁▁▁▁▁▁▁▁▁▁▁▁▁▁▁,0,            ,nu-command,0.65.0,0.71.0
field,,0,0,0,▁▁▁▁▁▁▁▁▁▁▁▁▁▁▁,0,            ,nu-command,0.65.0,0.71.0
and,,0,0,0,▁▁▁▁▁▁▁▁▁▁▁▁▁▁▁,0,            ,nu-command,0.65.0,0.71.0
url scheme,,0,0,0,▁▁▁▁▁▁▁▁▁▁▁▁▁▁▁,0,            ,nu-command,0.18.1,0.71.0
url query,,0,0,0,▁▁▁▁▁▁▁▁▁▁▁▁▁▁▁,0,            ,nu-command,0.18.1,0.71.0
url path,,0,0,0,▁▁▁▁▁▁▁▁▁▁▁▁▁▁▁,0,            ,nu-command,0.18.1,0.71.0
url host,,0,0,0,▁▁▁▁▁▁▁▁▁▁▁▁▁▁▁,0,            ,nu-command,0.18.1,0.71.0
build-string,,0,0,0,▁▁▁▁▁▁▁▁▁▁▁▁▁▁▁,0,            ,nu-command,0.15.0,0.71.0
query dfr,,0,0,0,▁▁▁▁▁▁▁▁▁▁▁▁▁▁▁,0,            ,nu-command,0.69.0,0.69.1
export env,,0,0,0,▁▁▁▁▁▁▁▁▁▁▁▁▁▁▁,0,            ,nu-command,0.60.0,0.68.1
MsgPack Serializer,,0,0,0,▁▁▁▁▁▁▁▁▁▁▁▁▁▁▁,0,            ,nu-plugin,0.68.0,0.68.0
Json Serializer,,0,0,0,▁▁▁▁▁▁▁▁▁▁▁▁▁▁▁,0,            ,nu-plugin,0.66.0,0.68.0
Capnp Serializer,,0,0,0,▁▁▁▁▁▁▁▁▁▁▁▁▁▁▁,0,            ,nu-plugin,0.66.0,0.67.0
overlay remove,,0,0,0,▁▁▁▁▁▁▁▁▁▁▁▁▁▁▁,0,            ,nu-command,0.63.0,0.67.0
overlay add,,0,0,0,▁▁▁▁▁▁▁▁▁▁▁▁▁▁▁,0,            ,nu-command,0.63.0,0.67.0
any?,,0,0,0,▁▁▁▁▁▁▁▁▁▁▁▁▁▁▁,0,            ,nu-command,0.30.0,0.67.0
all?,,0,0,0,▁▁▁▁▁▁▁▁▁▁▁▁▁▁▁,0,            ,nu-command,0.30.0,0.67.0
empty?,,0,0,0,▁▁▁▁▁▁▁▁▁▁▁▁▁▁▁,0,            ,nu-command,0.14.0,0.67.0
unalias,,0,0,0,▁▁▁▁▁▁▁▁▁▁▁▁▁▁▁,0,            ,nu-command,0.36.0,0.66.2
keep while,,0,0,0,▁▁▁▁▁▁▁▁▁▁▁▁▁▁▁,0,            ,nu-command,0.17.0,0.66.2
keep until,,0,0,0,▁▁▁▁▁▁▁▁▁▁▁▁▁▁▁,0,            ,nu-command,0.17.0,0.66.2
keep,,0,0,0,▁▁▁▁▁▁▁▁▁▁▁▁▁▁▁,0,            ,nu-command,0.14.0,0.66.2
pivot,,0,0,0,▁▁▁▁▁▁▁▁▁▁▁▁▁▁▁,0,            ,nu-command,0.3.0,0.66.2
nth,,0,0,0,▁▁▁▁▁▁▁▁▁▁▁▁▁▁▁,0,            ,nu-command,0.2.0,0.66.2
to-uppercase,,0,0,0,▁▁▁▁▁▁▁▁▁▁▁▁▁▁▁,0,            ,nu-command,0.64.0,0.64.0
to-parquet,,0,0,0,▁▁▁▁▁▁▁▁▁▁▁▁▁▁▁,0,            ,nu-command,0.64.0,0.64.0
to-nu,,0,0,0,▁▁▁▁▁▁▁▁▁▁▁▁▁▁▁,0,            ,nu-command,0.64.0,0.64.0
to-lowercase,,0,0,0,▁▁▁▁▁▁▁▁▁▁▁▁▁▁▁,0,            ,nu-command,0.64.0,0.64.0
to-lazy,,0,0,0,▁▁▁▁▁▁▁▁▁▁▁▁▁▁▁,0,            ,nu-command,0.64.0,0.64.0
to-dummies,,0,0,0,▁▁▁▁▁▁▁▁▁▁▁▁▁▁▁,0,            ,nu-command,0.64.0,0.64.0
to-df,,0,0,0,▁▁▁▁▁▁▁▁▁▁▁▁▁▁▁,0,            ,nu-command,0.64.0,0.64.0
db over,,0,0,0,▁▁▁▁▁▁▁▁▁▁▁▁▁▁▁,0,            ,nu-command,0.63.0,0.64.0
db join,,0,0,0,▁▁▁▁▁▁▁▁▁▁▁▁▁▁▁,0,            ,nu-command,0.63.0,0.64.0
db group-by,,0,0,0,▁▁▁▁▁▁▁▁▁▁▁▁▁▁▁,0,            ,nu-command,0.63.0,0.64.0
db fn,,0,0,0,▁▁▁▁▁▁▁▁▁▁▁▁▁▁▁,0,            ,nu-command,0.63.0,0.64.0
db where,,0,0,0,▁▁▁▁▁▁▁▁▁▁▁▁▁▁▁,0,            ,nu-command,0.62.0,0.64.0
db testing,,0,0,0,▁▁▁▁▁▁▁▁▁▁▁▁▁▁▁,0,            ,nu-command,0.62.0,0.64.0
db select,,0,0,0,▁▁▁▁▁▁▁▁▁▁▁▁▁▁▁,0,            ,nu-command,0.62.0,0.64.0
db schema,,0,0,0,▁▁▁▁▁▁▁▁▁▁▁▁▁▁▁,0,            ,nu-command,0.62.0,0.64.0
db query,,0,0,0,▁▁▁▁▁▁▁▁▁▁▁▁▁▁▁,0,            ,nu-command,0.62.0,0.64.0
db order-by,,0,0,0,▁▁▁▁▁▁▁▁▁▁▁▁▁▁▁,0,            ,nu-command,0.62.0,0.64.0
db or,,0,0,0,▁▁▁▁▁▁▁▁▁▁▁▁▁▁▁,0,            ,nu-command,0.62.0,0.64.0
db open,,0,0,0,▁▁▁▁▁▁▁▁▁▁▁▁▁▁▁,0,            ,nu-command,0.62.0,0.64.0
db limit,,0,0,0,▁▁▁▁▁▁▁▁▁▁▁▁▁▁▁,0,            ,nu-command,0.62.0,0.64.0
db from,,0,0,0,▁▁▁▁▁▁▁▁▁▁▁▁▁▁▁,0,            ,nu-command,0.62.0,0.64.0
db describe,,0,0,0,▁▁▁▁▁▁▁▁▁▁▁▁▁▁▁,0,            ,nu-command,0.62.0,0.64.0
db collect,,0,0,0,▁▁▁▁▁▁▁▁▁▁▁▁▁▁▁,0,            ,nu-command,0.62.0,0.64.0
db col,,0,0,0,▁▁▁▁▁▁▁▁▁▁▁▁▁▁▁,0,            ,nu-command,0.62.0,0.64.0
db as,,0,0,0,▁▁▁▁▁▁▁▁▁▁▁▁▁▁▁,0,            ,nu-command,0.62.0,0.64.0
db and,,0,0,0,▁▁▁▁▁▁▁▁▁▁▁▁▁▁▁,0,            ,nu-command,0.62.0,0.64.0
db,,0,0,0,▁▁▁▁▁▁▁▁▁▁▁▁▁▁▁,0,            ,nu-command,0.62.0,0.64.0
to-csv,,0,0,0,▁▁▁▁▁▁▁▁▁▁▁▁▁▁▁,0,            ,nu-command,0.2.0,0.64.0
dfr to-lazy,,0,0,0,▁▁▁▁▁▁▁▁▁▁▁▁▁▁▁,0,            ,nu-command,0.63.0,0.63.1
dfr fill-na,,0,0,0,▁▁▁▁▁▁▁▁▁▁▁▁▁▁▁,0,            ,nu-command,0.63.0,0.63.1
dfr to-uppercase,,0,0,0,▁▁▁▁▁▁▁▁▁▁▁▁▁▁▁,0,            ,nu-command,0.60.0,0.63.1
dfr to-nu,,0,0,0,▁▁▁▁▁▁▁▁▁▁▁▁▁▁▁,0,            ,nu-command,0.60.0,0.63.1
dfr to-lowercase,,0,0,0,▁▁▁▁▁▁▁▁▁▁▁▁▁▁▁,0,            ,nu-command,0.60.0,0.63.1
dfr to-dummies,,0,0,0,▁▁▁▁▁▁▁▁▁▁▁▁▁▁▁,0,            ,nu-command,0.60.0,0.63.1
dfr to-df,,0,0,0,▁▁▁▁▁▁▁▁▁▁▁▁▁▁▁,0,            ,nu-command,0.60.0,0.63.1
dfr sort,,0,0,0,▁▁▁▁▁▁▁▁▁▁▁▁▁▁▁,0,            ,nu-command,0.60.0,0.63.1
dfr rename-col,,0,0,0,▁▁▁▁▁▁▁▁▁▁▁▁▁▁▁,0,            ,nu-command,0.60.0,0.63.1
dfr describe,,0,0,0,▁▁▁▁▁▁▁▁▁▁▁▁▁▁▁,0,            ,nu-command,0.60.0,0.63.1
dfr count-unique,,0,0,0,▁▁▁▁▁▁▁▁▁▁▁▁▁▁▁,0,            ,nu-command,0.60.0,0.63.1
dfr column,,0,0,0,▁▁▁▁▁▁▁▁▁▁▁▁▁▁▁,0,            ,nu-command,0.60.0,0.63.1
dfr aggregate,,0,0,0,▁▁▁▁▁▁▁▁▁▁▁▁▁▁▁,0,            ,nu-command,0.60.0,0.63.1
dfr,,0,0,0,▁▁▁▁▁▁▁▁▁▁▁▁▁▁▁,0,            ,nu-command,0.60.0,0.63.1
dataframe,,0,0,0,▁▁▁▁▁▁▁▁▁▁▁▁▁▁▁,0,            ,nu-command,0.33.0,0.63.1
dfr pivot,,0,0,0,▁▁▁▁▁▁▁▁▁▁▁▁▁▁▁,0,            ,nu-command,0.60.0,0.62.0
into column-path,,0,0,0,▁▁▁▁▁▁▁▁▁▁▁▁▁▁▁,0,            ,nu-command,0.42.0,0.44.0
dataframe rename-col,,0,0,0,▁▁▁▁▁▁▁▁▁▁▁▁▁▁▁,0,            ,nu-command,0.37.0,0.44.0
dataframe strftime,,0,0,0,▁▁▁▁▁▁▁▁▁▁▁▁▁▁▁,0,            ,nu-command,0.36.0,0.44.0
dataframe rolling,,0,0,0,▁▁▁▁▁▁▁▁▁▁▁▁▁▁▁,0,            ,nu-command,0.36.0,0.44.0
dataframe get-year,,0,0,0,▁▁▁▁▁▁▁▁▁▁▁▁▁▁▁,0,            ,nu-command,0.36.0,0.44.0
dataframe get-weekday,,0,0,0,▁▁▁▁▁▁▁▁▁▁▁▁▁▁▁,0,            ,nu-command,0.36.0,0.44.0
dataframe get-week,,0,0,0,▁▁▁▁▁▁▁▁▁▁▁▁▁▁▁,0,            ,nu-command,0.36.0,0.44.0
dataframe get-second,,0,0,0,▁▁▁▁▁▁▁▁▁▁▁▁▁▁▁,0,            ,nu-command,0.36.0,0.44.0
dataframe get-ordinal,,0,0,0,▁▁▁▁▁▁▁▁▁▁▁▁▁▁▁,0,            ,nu-command,0.36.0,0.44.0
dataframe get-nanosecond,,0,0,0,▁▁▁▁▁▁▁▁▁▁▁▁▁▁▁,0,            ,nu-command,0.36.0,0.44.0
dataframe get-month,,0,0,0,▁▁▁▁▁▁▁▁▁▁▁▁▁▁▁,0,            ,nu-command,0.36.0,0.44.0
dataframe get-minute,,0,0,0,▁▁▁▁▁▁▁▁▁▁▁▁▁▁▁,0,            ,nu-command,0.36.0,0.44.0
dataframe get-hour,,0,0,0,▁▁▁▁▁▁▁▁▁▁▁▁▁▁▁,0,            ,nu-command,0.36.0,0.44.0
dataframe get-day,,0,0,0,▁▁▁▁▁▁▁▁▁▁▁▁▁▁▁,0,            ,nu-command,0.36.0,0.44.0
dataframe describe,,0,0,0,▁▁▁▁▁▁▁▁▁▁▁▁▁▁▁,0,            ,nu-command,0.36.0,0.44.0
dataframe cum,,0,0,0,▁▁▁▁▁▁▁▁▁▁▁▁▁▁▁,0,            ,nu-command,0.36.0,0.44.0
into path,,0,0,0,▁▁▁▁▁▁▁▁▁▁▁▁▁▁▁,0,            ,nu-command,0.35.0,0.44.0
dataframe to-uppercase,,0,0,0,▁▁▁▁▁▁▁▁▁▁▁▁▁▁▁,0,            ,nu-command,0.35.0,0.44.0
dataframe to-lowercase,,0,0,0,▁▁▁▁▁▁▁▁▁▁▁▁▁▁▁,0,            ,nu-command,0.35.0,0.44.0
dataframe str-slice,,0,0,0,▁▁▁▁▁▁▁▁▁▁▁▁▁▁▁,0,            ,nu-command,0.35.0,0.44.0
dataframe str-lengths,,0,0,0,▁▁▁▁▁▁▁▁▁▁▁▁▁▁▁,0,            ,nu-command,0.35.0,0.44.0
dataframe shape,,0,0,0,▁▁▁▁▁▁▁▁▁▁▁▁▁▁▁,0,            ,nu-command,0.35.0,0.44.0
dataframe replace-all,,0,0,0,▁▁▁▁▁▁▁▁▁▁▁▁▁▁▁,0,            ,nu-command,0.35.0,0.44.0
dataframe replace,,0,0,0,▁▁▁▁▁▁▁▁▁▁▁▁▁▁▁,0,            ,nu-command,0.35.0,0.44.0
dataframe contains,,0,0,0,▁▁▁▁▁▁▁▁▁▁▁▁▁▁▁,0,            ,nu-command,0.35.0,0.44.0
dataframe concatenate,,0,0,0,▁▁▁▁▁▁▁▁▁▁▁▁▁▁▁,0,            ,nu-command,0.35.0,0.44.0
dataframe append,,0,0,0,▁▁▁▁▁▁▁▁▁▁▁▁▁▁▁,0,            ,nu-command,0.35.0,0.44.0
pathvar save,,0,0,0,▁▁▁▁▁▁▁▁▁▁▁▁▁▁▁,0,            ,nu-command,0.34.0,0.44.0
pathvar reset,,0,0,0,▁▁▁▁▁▁▁▁▁▁▁▁▁▁▁,0,            ,nu-command,0.34.0,0.44.0
pathvar remove,,0,0,0,▁▁▁▁▁▁▁▁▁▁▁▁▁▁▁,0,            ,nu-command,0.34.0,0.44.0
pathvar append,,0,0,0,▁▁▁▁▁▁▁▁▁▁▁▁▁▁▁,0,            ,nu-command,0.34.0,0.44.0
pathvar add,,0,0,0,▁▁▁▁▁▁▁▁▁▁▁▁▁▁▁,0,            ,nu-command,0.34.0,0.44.0
pathvar,,0,0,0,▁▁▁▁▁▁▁▁▁▁▁▁▁▁▁,0,            ,nu-command,0.34.0,0.44.0
dataframe take,,0,0,0,▁▁▁▁▁▁▁▁▁▁▁▁▁▁▁,0,            ,nu-command,0.34.0,0.44.0
dataframe set-with-idx,,0,0,0,▁▁▁▁▁▁▁▁▁▁▁▁▁▁▁,0,            ,nu-command,0.34.0,0.44.0
dataframe open,,0,0,0,▁▁▁▁▁▁▁▁▁▁▁▁▁▁▁,0,            ,nu-command,0.34.0,0.44.0
dataframe not,,0,0,0,▁▁▁▁▁▁▁▁▁▁▁▁▁▁▁,0,            ,nu-command,0.34.0,0.44.0
dataframe last,,0,0,0,▁▁▁▁▁▁▁▁▁▁▁▁▁▁▁,0,            ,nu-command,0.34.0,0.44.0
dataframe first,,0,0,0,▁▁▁▁▁▁▁▁▁▁▁▁▁▁▁,0,            ,nu-command,0.34.0,0.44.0
dataframe filter-with,,0,0,0,▁▁▁▁▁▁▁▁▁▁▁▁▁▁▁,0,            ,nu-command,0.34.0,0.44.0
unlet-env,,0,0,0,▁▁▁▁▁▁▁▁▁▁▁▁▁▁▁,0,            ,nu-command,0.33.0,0.44.0
nu,,0,0,0,▁▁▁▁▁▁▁▁▁▁▁▁▁▁▁,0,            ,nu-command,0.33.0,0.44.0
dataframe with-column,,0,0,0,▁▁▁▁▁▁▁▁▁▁▁▁▁▁▁,0,            ,nu-command,0.33.0,0.44.0
dataframe where,,0,0,0,▁▁▁▁▁▁▁▁▁▁▁▁▁▁▁,0,            ,nu-command,0.33.0,0.44.0
dataframe value-counts,,0,0,0,▁▁▁▁▁▁▁▁▁▁▁▁▁▁▁,0,            ,nu-command,0.33.0,0.44.0
dataframe unique,,0,0,0,▁▁▁▁▁▁▁▁▁▁▁▁▁▁▁,0,            ,nu-command,0.33.0,0.44.0
dataframe to-parquet,,0,0,0,▁▁▁▁▁▁▁▁▁▁▁▁▁▁▁,0,            ,nu-command,0.33.0,0.44.0
dataframe to-dummies,,0,0,0,▁▁▁▁▁▁▁▁▁▁▁▁▁▁▁,0,            ,nu-command,0.33.0,0.44.0
dataframe to-df,,0,0,0,▁▁▁▁▁▁▁▁▁▁▁▁▁▁▁,0,            ,nu-command,0.33.0,0.44.0
dataframe to-csv,,0,0,0,▁▁▁▁▁▁▁▁▁▁▁▁▁▁▁,0,            ,nu-command,0.33.0,0.44.0
dataframe sort,,0,0,0,▁▁▁▁▁▁▁▁▁▁▁▁▁▁▁,0,            ,nu-command,0.33.0,0.44.0
dataframe slice,,0,0,0,▁▁▁▁▁▁▁▁▁▁▁▁▁▁▁,0,            ,nu-command,0.33.0,0.44.0
dataframe show,,0,0,0,▁▁▁▁▁▁▁▁▁▁▁▁▁▁▁,0,            ,nu-command,0.33.0,0.44.0
dataframe shift,,0,0,0,▁▁▁▁▁▁▁▁▁▁▁▁▁▁▁,0,            ,nu-command,0.33.0,0.44.0
dataframe set,,0,0,0,▁▁▁▁▁▁▁▁▁▁▁▁▁▁▁,0,            ,nu-command,0.33.0,0.44.0
dataframe select,,0,0,0,▁▁▁▁▁▁▁▁▁▁▁▁▁▁▁,0,            ,nu-command,0.33.0,0.44.0
dataframe sample,,0,0,0,▁▁▁▁▁▁▁▁▁▁▁▁▁▁▁,0,            ,nu-command,0.33.0,0.44.0
dataframe rename,,0,0,0,▁▁▁▁▁▁▁▁▁▁▁▁▁▁▁,0,            ,nu-command,0.33.0,0.44.0
dataframe pivot,,0,0,0,▁▁▁▁▁▁▁▁▁▁▁▁▁▁▁,0,            ,nu-command,0.33.0,0.44.0
dataframe melt,,0,0,0,▁▁▁▁▁▁▁▁▁▁▁▁▁▁▁,0,            ,nu-command,0.33.0,0.44.0
dataframe list,,0,0,0,▁▁▁▁▁▁▁▁▁▁▁▁▁▁▁,0,            ,nu-command,0.33.0,0.44.0
dataframe join,,0,0,0,▁▁▁▁▁▁▁▁▁▁▁▁▁▁▁,0,            ,nu-command,0.33.0,0.44.0
dataframe is-unique,,0,0,0,▁▁▁▁▁▁▁▁▁▁▁▁▁▁▁,0,            ,nu-command,0.33.0,0.44.0
dataframe is-null,,0,0,0,▁▁▁▁▁▁▁▁▁▁▁▁▁▁▁,0,            ,nu-command,0.33.0,0.44.0
dataframe is-not-null,,0,0,0,▁▁▁▁▁▁▁▁▁▁▁▁▁▁▁,0,            ,nu-command,0.33.0,0.44.0
dataframe is-in,,0,0,0,▁▁▁▁▁▁▁▁▁▁▁▁▁▁▁,0,            ,nu-command,0.33.0,0.44.0
dataframe is-duplicated,,0,0,0,▁▁▁▁▁▁▁▁▁▁▁▁▁▁▁,0,            ,nu-command,0.33.0,0.44.0
dataframe group-by,,0,0,0,▁▁▁▁▁▁▁▁▁▁▁▁▁▁▁,0,            ,nu-command,0.33.0,0.44.0
dataframe get,,0,0,0,▁▁▁▁▁▁▁▁▁▁▁▁▁▁▁,0,            ,nu-command,0.33.0,0.44.0
dataframe dtypes,,0,0,0,▁▁▁▁▁▁▁▁▁▁▁▁▁▁▁,0,            ,nu-command,0.33.0,0.44.0
dataframe drop-nulls,,0,0,0,▁▁▁▁▁▁▁▁▁▁▁▁▁▁▁,0,            ,nu-command,0.33.0,0.44.0
dataframe drop-duplicates,,0,0,0,▁▁▁▁▁▁▁▁▁▁▁▁▁▁▁,0,            ,nu-command,0.33.0,0.44.0
dataframe drop,,0,0,0,▁▁▁▁▁▁▁▁▁▁▁▁▁▁▁,0,            ,nu-command,0.33.0,0.44.0
dataframe count-unique,,0,0,0,▁▁▁▁▁▁▁▁▁▁▁▁▁▁▁,0,            ,nu-command,0.33.0,0.44.0
dataframe count-null,,0,0,0,▁▁▁▁▁▁▁▁▁▁▁▁▁▁▁,0,            ,nu-command,0.33.0,0.44.0
dataframe column,,0,0,0,▁▁▁▁▁▁▁▁▁▁▁▁▁▁▁,0,            ,nu-command,0.33.0,0.44.0
dataframe arg-unique,,0,0,0,▁▁▁▁▁▁▁▁▁▁▁▁▁▁▁,0,            ,nu-command,0.33.0,0.44.0
dataframe arg-true,,0,0,0,▁▁▁▁▁▁▁▁▁▁▁▁▁▁▁,0,            ,nu-command,0.33.0,0.44.0
dataframe arg-sort,,0,0,0,▁▁▁▁▁▁▁▁▁▁▁▁▁▁▁,0,            ,nu-command,0.33.0,0.44.0
dataframe arg-min,,0,0,0,▁▁▁▁▁▁▁▁▁▁▁▁▁▁▁,0,            ,nu-command,0.33.0,0.44.0
dataframe arg-max,,0,0,0,▁▁▁▁▁▁▁▁▁▁▁▁▁▁▁,0,            ,nu-command,0.33.0,0.44.0
dataframe all-true,,0,0,0,▁▁▁▁▁▁▁▁▁▁▁▁▁▁▁,0,            ,nu-command,0.33.0,0.44.0
dataframe all-false,,0,0,0,▁▁▁▁▁▁▁▁▁▁▁▁▁▁▁,0,            ,nu-command,0.33.0,0.44.0
dataframe aggregate,,0,0,0,▁▁▁▁▁▁▁▁▁▁▁▁▁▁▁,0,            ,nu-command,0.33.0,0.44.0
rotate counter-clockwise,,0,0,0,▁▁▁▁▁▁▁▁▁▁▁▁▁▁▁,0,            ,nu-command,0.28.0,0.44.0
roll column,,0,0,0,▁▁▁▁▁▁▁▁▁▁▁▁▁▁▁,0,            ,nu-command,0.28.0,0.44.0
stub open,,0,0,0,▁▁▁▁▁▁▁▁▁▁▁▁▁▁▁,0,            ,nu-command,0.26.0,0.44.0
chart,,0,0,0,▁▁▁▁▁▁▁▁▁▁▁▁▁▁▁,0,            ,nu-command,0.21.0,0.44.0
nu plugin,,0,0,0,▁▁▁▁▁▁▁▁▁▁▁▁▁▁▁,0,            ,nu-command,0.20.0,0.44.0
each window,,0,0,0,▁▁▁▁▁▁▁▁▁▁▁▁▁▁▁,0,            ,nu-command,0.20.0,0.44.0
each group,,0,0,0,▁▁▁▁▁▁▁▁▁▁▁▁▁▁▁,0,            ,nu-command,0.20.0,0.44.0
config set_into,,0,0,0,▁▁▁▁▁▁▁▁▁▁▁▁▁▁▁,0,            ,nu-command,0.17.0,0.44.0
config set,,0,0,0,▁▁▁▁▁▁▁▁▁▁▁▁▁▁▁,0,            ,nu-command,0.17.0,0.44.0
config remove,,0,0,0,▁▁▁▁▁▁▁▁▁▁▁▁▁▁▁,0,            ,nu-command,0.17.0,0.44.0
config path,,0,0,0,▁▁▁▁▁▁▁▁▁▁▁▁▁▁▁,0,            ,nu-command,0.17.0,0.44.0
config get,,0,0,0,▁▁▁▁▁▁▁▁▁▁▁▁▁▁▁,0,            ,nu-command,0.17.0,0.44.0
config clear,,0,0,0,▁▁▁▁▁▁▁▁▁▁▁▁▁▁▁,0,            ,nu-command,0.17.0,0.44.0
autoenv untrust,,0,0,0,▁▁▁▁▁▁▁▁▁▁▁▁▁▁▁,0,            ,nu-command,0.17.0,0.44.0
autoenv trust,,0,0,0,▁▁▁▁▁▁▁▁▁▁▁▁▁▁▁,0,            ,nu-command,0.17.0,0.44.0
autoenv,,0,0,0,▁▁▁▁▁▁▁▁▁▁▁▁▁▁▁,0,            ,nu-command,0.17.0,0.44.0
group-by date,,0,0,0,▁▁▁▁▁▁▁▁▁▁▁▁▁▁▁,0,            ,nu-command,0.15.0,0.44.0
run_external,,0,0,0,▁▁▁▁▁▁▁▁▁▁▁▁▁▁▁,0,            ,nu-command,0.13.0,0.44.0
filesystem,,0,0,0,▁▁▁▁▁▁▁▁▁▁▁▁▁▁▁,0,            ,nu-engine,0.2.0,0.44.0
tags,,0,0,0,▁▁▁▁▁▁▁▁▁▁▁▁▁▁▁,0,            ,nu-command,0.2.0,0.44.0
autoview,,0,0,0,▁▁▁▁▁▁▁▁▁▁▁▁▁▁▁,0,            ,nu-command,0.2.0,0.44.0
into column_path,,0,0,0,▁▁▁▁▁▁▁▁▁▁▁▁▁▁▁,0,            ,nu-command,0.38.0,0.41.0
paste,,0,0,0,▁▁▁▁▁▁▁▁▁▁▁▁▁▁▁,0,            ,nu-command,0.34.0,0.40.0
dataframe to-series,,0,0,0,▁▁▁▁▁▁▁▁▁▁▁▁▁▁▁,0,            ,nu-command,0.33.0,0.34.0
dataframe tail,,0,0,0,▁▁▁▁▁▁▁▁▁▁▁▁▁▁▁,0,            ,nu-command,0.33.0,0.33.0
dataframe load,,0,0,0,▁▁▁▁▁▁▁▁▁▁▁▁▁▁▁,0,            ,nu-command,0.33.0,0.33.0
dataframe head,,0,0,0,▁▁▁▁▁▁▁▁▁▁▁▁▁▁▁,0,            ,nu-command,0.33.0,0.33.0
dataframe filter,,0,0,0,▁▁▁▁▁▁▁▁▁▁▁▁▁▁▁,0,            ,nu-command,0.33.0,0.33.0
str rtrim,,0,0,0,▁▁▁▁▁▁▁▁▁▁▁▁▁▁▁,0,            ,nu-command,0.18.1,0.33.0
str ltrim,,0,0,0,▁▁▁▁▁▁▁▁▁▁▁▁▁▁▁,0,            ,nu-command,0.18.1,0.33.0
pls show,,0,0,0,▁▁▁▁▁▁▁▁▁▁▁▁▁▁▁,0,            ,nu-command,0.32.0,0.32.0
pls select,,0,0,0,▁▁▁▁▁▁▁▁▁▁▁▁▁▁▁,0,            ,nu-command,0.32.0,0.32.0
pls sample,,0,0,0,▁▁▁▁▁▁▁▁▁▁▁▁▁▁▁,0,            ,nu-command,0.32.0,0.32.0
pls load,,0,0,0,▁▁▁▁▁▁▁▁▁▁▁▁▁▁▁,0,            ,nu-command,0.32.0,0.32.0
pls list,,0,0,0,▁▁▁▁▁▁▁▁▁▁▁▁▁▁▁,0,            ,nu-command,0.32.0,0.32.0
pls join,,0,0,0,▁▁▁▁▁▁▁▁▁▁▁▁▁▁▁,0,            ,nu-command,0.32.0,0.32.0
pls groupby,,0,0,0,▁▁▁▁▁▁▁▁▁▁▁▁▁▁▁,0,            ,nu-command,0.32.0,0.32.0
pls dtypes,,0,0,0,▁▁▁▁▁▁▁▁▁▁▁▁▁▁▁,0,            ,nu-command,0.32.0,0.32.0
pls drop,,0,0,0,▁▁▁▁▁▁▁▁▁▁▁▁▁▁▁,0,            ,nu-command,0.32.0,0.32.0
pls convert,,0,0,0,▁▁▁▁▁▁▁▁▁▁▁▁▁▁▁,0,            ,nu-command,0.32.0,0.32.0
pls aggregate,,0,0,0,▁▁▁▁▁▁▁▁▁▁▁▁▁▁▁,0,            ,nu-command,0.32.0,0.32.0
pls,,0,0,0,▁▁▁▁▁▁▁▁▁▁▁▁▁▁▁,0,            ,nu-command,0.32.0,0.32.0
date utc,,0,0,0,▁▁▁▁▁▁▁▁▁▁▁▁▁▁▁,0,            ,nu-command,0.19.0,0.31.0
str from,,0,0,0,▁▁▁▁▁▁▁▁▁▁▁▁▁▁▁,0,            ,nu-command,0.17.0,0.31.0
path filestem,,0,0,0,▁▁▁▁▁▁▁▁▁▁▁▁▁▁▁,0,            ,nu-command,0.19.0,0.29.0
into-int,,0,0,0,▁▁▁▁▁▁▁▁▁▁▁▁▁▁▁,0,            ,nu-command,0.19.0,0.29.0
path extension,,0,0,0,▁▁▁▁▁▁▁▁▁▁▁▁▁▁▁,0,            ,nu-command,0.18.1,0.29.0
config load,,0,0,0,▁▁▁▁▁▁▁▁▁▁▁▁▁▁▁,0,            ,nu-command,0.17.0,0.28.0
mock,,0,0,0,▁▁▁▁▁▁▁▁▁▁▁▁▁▁▁,0,            ,nu-cli,0.21.0,0.25.1
str set,,0,0,0,▁▁▁▁▁▁▁▁▁▁▁▁▁▁▁,0,            ,nu-cli,0.15.0,0.25.1
move column,,0,0,0,▁▁▁▁▁▁▁▁▁▁▁▁▁▁▁,0,            ,nu-cli,0.17.0,0.21.0
trim,,0,0,0,▁▁▁▁▁▁▁▁▁▁▁▁▁▁▁,0,            ,nu-cli,0.2.0,0.19.0
to sqlite,,0,0,0,▁▁▁▁▁▁▁▁▁▁▁▁▁▁▁,0,            ,nu-cli,0.14.0,0.16.0
to db,,0,0,0,▁▁▁▁▁▁▁▁▁▁▁▁▁▁▁,0,            ,nu-cli,0.14.0,0.16.0
to bson,,0,0,0,▁▁▁▁▁▁▁▁▁▁▁▁▁▁▁,0,            ,nu-cli,0.14.0,0.16.0
skip-until,,0,0,0,▁▁▁▁▁▁▁▁▁▁▁▁▁▁▁,0,            ,nu-cli,0.14.0,0.16.0
keep-while,,0,0,0,▁▁▁▁▁▁▁▁▁▁▁▁▁▁▁,0,            ,nu-cli,0.14.0,0.16.0
keep-until,,0,0,0,▁▁▁▁▁▁▁▁▁▁▁▁▁▁▁,0,            ,nu-cli,0.14.0,0.16.0
from sqlite,,0,0,0,▁▁▁▁▁▁▁▁▁▁▁▁▁▁▁,0,            ,nu-cli,0.14.0,0.16.0
from db,,0,0,0,▁▁▁▁▁▁▁▁▁▁▁▁▁▁▁,0,            ,nu-cli,0.14.0,0.16.0
from bson,,0,0,0,▁▁▁▁▁▁▁▁▁▁▁▁▁▁▁,0,            ,nu-cli,0.14.0,0.16.0
calc,,0,0,0,▁▁▁▁▁▁▁▁▁▁▁▁▁▁▁,0,            ,nu-cli,0.11.0,0.16.0
t-sort-by,,0,0,0,▁▁▁▁▁▁▁▁▁▁▁▁▁▁▁,0,            ,nu-cli,0.6.0,0.16.0
reduce-by,,0,0,0,▁▁▁▁▁▁▁▁▁▁▁▁▁▁▁,0,            ,nu-cli,0.6.0,0.16.0
map-max-by,,0,0,0,▁▁▁▁▁▁▁▁▁▁▁▁▁▁▁,0,            ,nu-cli,0.6.0,0.16.0
evaluate-by,,0,0,0,▁▁▁▁▁▁▁▁▁▁▁▁▁▁▁,0,            ,nu-cli,0.6.0,0.16.0
skip-while,,0,0,0,▁▁▁▁▁▁▁▁▁▁▁▁▁▁▁,0,            ,nu-cli,0.2.0,0.16.0
average,,0,0,0,▁▁▁▁▁▁▁▁▁▁▁▁▁▁▁,0,            ,nu-cli,0.15.0,0.15.0
split-row,,0,0,0,▁▁▁▁▁▁▁▁▁▁▁▁▁▁▁,0,            ,nu-cli,0.2.0,0.14.0
split-column,,0,0,0,▁▁▁▁▁▁▁▁▁▁▁▁▁▁▁,0,            ,nu-cli,0.2.0,0.14.0
to-md,,0,0,0,▁▁▁▁▁▁▁▁▁▁▁▁▁▁▁,0,            ,nu-cli,0.12.0,0.13.0
to-html,,0,0,0,▁▁▁▁▁▁▁▁▁▁▁▁▁▁▁,0,            ,nu-cli,0.12.0,0.13.0
from-vcf,,0,0,0,▁▁▁▁▁▁▁▁▁▁▁▁▁▁▁,0,            ,nu-cli,0.12.0,0.13.0
from-ics,,0,0,0,▁▁▁▁▁▁▁▁▁▁▁▁▁▁▁,0,            ,nu-cli,0.12.0,0.13.0
from-ods,,0,0,0,▁▁▁▁▁▁▁▁▁▁▁▁▁▁▁,0,            ,nu-cli,0.11.0,0.13.0
edit,,0,0,0,▁▁▁▁▁▁▁▁▁▁▁▁▁▁▁,0,            ,nu-cli,0.11.0,0.13.0
from-xlsx,,0,0,0,▁▁▁▁▁▁▁▁▁▁▁▁▁▁▁,0,            ,nu-cli,0.6.0,0.13.0
to-url,,0,0,0,▁▁▁▁▁▁▁▁▁▁▁▁▁▁▁,0,            ,nu-cli,0.3.0,0.13.0
to-tsv,,0,0,0,▁▁▁▁▁▁▁▁▁▁▁▁▁▁▁,0,            ,nu-cli,0.3.0,0.13.0
to-sqlite,,0,0,0,▁▁▁▁▁▁▁▁▁▁▁▁▁▁▁,0,            ,nu-cli,0.3.0,0.13.0
to-db,,0,0,0,▁▁▁▁▁▁▁▁▁▁▁▁▁▁▁,0,            ,nu-cli,0.3.0,0.13.0
to-bson,,0,0,0,▁▁▁▁▁▁▁▁▁▁▁▁▁▁▁,0,            ,nu-cli,0.3.0,0.13.0
from-yml,,0,0,0,▁▁▁▁▁▁▁▁▁▁▁▁▁▁▁,0,            ,nu-cli,0.3.0,0.13.0
from-url,,0,0,0,▁▁▁▁▁▁▁▁▁▁▁▁▁▁▁,0,            ,nu-cli,0.3.0,0.13.0
from-tsv,,0,0,0,▁▁▁▁▁▁▁▁▁▁▁▁▁▁▁,0,            ,nu-cli,0.3.0,0.13.0
from-sqlite,,0,0,0,▁▁▁▁▁▁▁▁▁▁▁▁▁▁▁,0,            ,nu-cli,0.3.0,0.13.0
from-db,,0,0,0,▁▁▁▁▁▁▁▁▁▁▁▁▁▁▁,0,            ,nu-cli,0.3.0,0.13.0
from-bson,,0,0,0,▁▁▁▁▁▁▁▁▁▁▁▁▁▁▁,0,            ,nu-cli,0.3.0,0.13.0
to-yaml,,0,0,0,▁▁▁▁▁▁▁▁▁▁▁▁▁▁▁,0,            ,nu-cli,0.2.0,0.13.0
to-toml,,0,0,0,▁▁▁▁▁▁▁▁▁▁▁▁▁▁▁,0,            ,nu-cli,0.2.0,0.13.0
to-json,,0,0,0,▁▁▁▁▁▁▁▁▁▁▁▁▁▁▁,0,            ,nu-cli,0.2.0,0.13.0
pick,,0,0,0,▁▁▁▁▁▁▁▁▁▁▁▁▁▁▁,0,            ,nu-cli,0.2.0,0.13.0
from-yaml,,0,0,0,▁▁▁▁▁▁▁▁▁▁▁▁▁▁▁,0,            ,nu-cli,0.2.0,0.13.0
from-xml,,0,0,0,▁▁▁▁▁▁▁▁▁▁▁▁▁▁▁,0,            ,nu-cli,0.2.0,0.13.0
from-toml,,0,0,0,▁▁▁▁▁▁▁▁▁▁▁▁▁▁▁,0,            ,nu-cli,0.2.0,0.13.0
from-json,,0,0,0,▁▁▁▁▁▁▁▁▁▁▁▁▁▁▁,0,            ,nu-cli,0.2.0,0.13.0
from-ini,,0,0,0,▁▁▁▁▁▁▁▁▁▁▁▁▁▁▁,0,            ,nu-cli,0.2.0,0.13.0
from-csv,,0,0,0,▁▁▁▁▁▁▁▁▁▁▁▁▁▁▁,0,            ,nu-cli,0.2.0,0.13.0
separated,,0,0,0,▁▁▁▁▁▁▁▁▁▁▁▁▁▁▁,0,            ,nu-parser,0.12.0,0.12.0
any string line separated by,,0,0,0,▁▁▁▁▁▁▁▁▁▁▁▁▁▁▁,0,            ,nu-parser,0.12.0,0.12.0
whitespace?,,0,0,0,▁▁▁▁▁▁▁▁▁▁▁▁▁▁▁,0,            ,nu-parser,0.9.0,0.12.0
unit expression,,0,0,0,▁▁▁▁▁▁▁▁▁▁▁▁▁▁▁,0,            ,nu-parser,0.9.0,0.12.0
pattern,,0,0,0,▁▁▁▁▁▁▁▁▁▁▁▁▁▁▁,0,            ,nu-parser,0.9.0,0.12.0
fallible,,0,0,0,▁▁▁▁▁▁▁▁▁▁▁▁▁▁▁,0,            ,nu-parser,0.9.0,0.12.0
external word,,0,0,0,▁▁▁▁▁▁▁▁▁▁▁▁▁▁▁,0,            ,nu-parser,0.9.0,0.12.0
external tokens,,0,0,0,▁▁▁▁▁▁▁▁▁▁▁▁▁▁▁,0,            ,nu-parser,0.9.0,0.12.0
external start token,,0,0,0,▁▁▁▁▁▁▁▁▁▁▁▁▁▁▁,0,            ,nu-parser,0.9.0,0.12.0
external boundary,,0,0,0,▁▁▁▁▁▁▁▁▁▁▁▁▁▁▁,0,            ,nu-parser,0.9.0,0.12.0
eof,,0,0,0,▁▁▁▁▁▁▁▁▁▁▁▁▁▁▁,0,            ,nu-parser,0.9.0,0.12.0
dotdot,,0,0,0,▁▁▁▁▁▁▁▁▁▁▁▁▁▁▁,0,            ,nu-parser,0.9.0,0.12.0
delimited square,,0,0,0,▁▁▁▁▁▁▁▁▁▁▁▁▁▁▁,0,            ,nu-parser,0.9.0,0.12.0
decimal,,0,0,0,▁▁▁▁▁▁▁▁▁▁▁▁▁▁▁,0,            ,nu-parser,0.9.0,0.12.0
block,,0,0,0,▁▁▁▁▁▁▁▁▁▁▁▁▁▁▁,0,            ,nu-parser,0.9.0,0.12.0
bare expression,,0,0,0,▁▁▁▁▁▁▁▁▁▁▁▁▁▁▁,0,            ,nu-parser,0.9.0,0.12.0
<whitespace? eof>,,0,0,0,▁▁▁▁▁▁▁▁▁▁▁▁▁▁▁,0,            ,nu-parser,0.9.0,0.12.0
type annotation,,0,0,0,▁▁▁▁▁▁▁▁▁▁▁▁▁▁▁,0,            ,nu-parser,0.7.0,0.12.0
type,,0,0,0,▁▁▁▁▁▁▁▁▁▁▁▁▁▁▁,0,            ,nu-parser,0.7.0,0.12.0
signature,,0,0,0,▁▁▁▁▁▁▁▁▁▁▁▁▁▁▁,0,            ,nu-parser,0.7.0,0.12.0
separator,,0,0,0,▁▁▁▁▁▁▁▁▁▁▁▁▁▁▁,0,            ,nu-parser,0.7.0,0.12.0
positional param,,0,0,0,▁▁▁▁▁▁▁▁▁▁▁▁▁▁▁,0,            ,nu-parser,0.7.0,0.12.0
pair,,0,0,0,▁▁▁▁▁▁▁▁▁▁▁▁▁▁▁,0,            ,nu-parser,0.7.0,0.12.0
keyword,,0,0,0,▁▁▁▁▁▁▁▁▁▁▁▁▁▁▁,0,            ,nu-parser,0.7.0,0.12.0
identifier,,0,0,0,▁▁▁▁▁▁▁▁▁▁▁▁▁▁▁,0,            ,nu-parser,0.7.0,0.12.0
comment,,0,0,0,▁▁▁▁▁▁▁▁▁▁▁▁▁▁▁,0,            ,nu-parser,0.7.0,0.12.0
word,,0,0,0,▁▁▁▁▁▁▁▁▁▁▁▁▁▁▁,0,            ,nu-parser,0.6.0,0.12.0
whitespace,,0,0,0,▁▁▁▁▁▁▁▁▁▁▁▁▁▁▁,0,            ,nu-parser,0.6.0,0.12.0
variable path,,0,0,0,▁▁▁▁▁▁▁▁▁▁▁▁▁▁▁,0,            ,nu-parser,0.6.0,0.12.0
variable,,0,0,0,▁▁▁▁▁▁▁▁▁▁▁▁▁▁▁,0,            ,nu-parser,0.6.0,0.12.0
unit,,0,0,0,▁▁▁▁▁▁▁▁▁▁▁▁▁▁▁,0,            ,nu-parser,0.6.0,0.12.0
string,,0,0,0,▁▁▁▁▁▁▁▁▁▁▁▁▁▁▁,0,            ,nu-parser,0.6.0,0.12.0
shorthand path,,0,0,0,▁▁▁▁▁▁▁▁▁▁▁▁▁▁▁,0,            ,nu-parser,0.6.0,0.12.0
shorthand head,,0,0,0,▁▁▁▁▁▁▁▁▁▁▁▁▁▁▁,0,            ,nu-parser,0.6.0,0.12.0
shorthand block,,0,0,0,▁▁▁▁▁▁▁▁▁▁▁▁▁▁▁,0,            ,nu-parser,0.6.0,0.12.0
pipeline,,0,0,0,▁▁▁▁▁▁▁▁▁▁▁▁▁▁▁,0,            ,nu-parser,0.6.0,0.12.0
path continuation,,0,0,0,▁▁▁▁▁▁▁▁▁▁▁▁▁▁▁,0,            ,nu-parser,0.6.0,0.12.0
number,,0,0,0,▁▁▁▁▁▁▁▁▁▁▁▁▁▁▁,0,            ,nu-parser,0.6.0,0.12.0
integer member,,0,0,0,▁▁▁▁▁▁▁▁▁▁▁▁▁▁▁,0,            ,nu-parser,0.6.0,0.12.0
integer,,0,0,0,▁▁▁▁▁▁▁▁▁▁▁▁▁▁▁,0,            ,nu-parser,0.6.0,0.12.0
infix operator,,0,0,0,▁▁▁▁▁▁▁▁▁▁▁▁▁▁▁,0,            ,nu-parser,0.6.0,0.12.0
infix inner,,0,0,0,▁▁▁▁▁▁▁▁▁▁▁▁▁▁▁,0,            ,nu-parser,0.6.0,0.12.0
glob pattern,,0,0,0,▁▁▁▁▁▁▁▁▁▁▁▁▁▁▁,0,            ,nu-parser,0.6.0,0.12.0
file path,,0,0,0,▁▁▁▁▁▁▁▁▁▁▁▁▁▁▁,0,            ,nu-parser,0.6.0,0.12.0
external expression,,0,0,0,▁▁▁▁▁▁▁▁▁▁▁▁▁▁▁,0,            ,nu-parser,0.6.0,0.12.0
expression list,,0,0,0,▁▁▁▁▁▁▁▁▁▁▁▁▁▁▁,0,            ,nu-parser,0.6.0,0.12.0
expression continuation,,0,0,0,▁▁▁▁▁▁▁▁▁▁▁▁▁▁▁,0,            ,nu-parser,0.6.0,0.12.0
dot,,0,0,0,▁▁▁▁▁▁▁▁▁▁▁▁▁▁▁,0,            ,nu-parser,0.6.0,0.12.0
command head,,0,0,0,▁▁▁▁▁▁▁▁▁▁▁▁▁▁▁,0,            ,nu-parser,0.6.0,0.12.0
column path,,0,0,0,▁▁▁▁▁▁▁▁▁▁▁▁▁▁▁,0,            ,nu-parser,0.6.0,0.12.0
classified command,,0,0,0,▁▁▁▁▁▁▁▁▁▁▁▁▁▁▁,0,            ,nu-parser,0.6.0,0.12.0
bare pattern,,0,0,0,▁▁▁▁▁▁▁▁▁▁▁▁▁▁▁,0,            ,nu-parser,0.6.0,0.12.0
bare path,,0,0,0,▁▁▁▁▁▁▁▁▁▁▁▁▁▁▁,0,            ,nu-parser,0.6.0,0.12.0
any expression start,,0,0,0,▁▁▁▁▁▁▁▁▁▁▁▁▁▁▁,0,            ,nu-parser,0.6.0,0.12.0
any expression,,0,0,0,▁▁▁▁▁▁▁▁▁▁▁▁▁▁▁,0,            ,nu-parser,0.6.0,0.12.0
any block,,0,0,0,▁▁▁▁▁▁▁▁▁▁▁▁▁▁▁,0,            ,nu-parser,0.6.0,0.12.0
StringShape,,0,0,0,▁▁▁▁▁▁▁▁▁▁▁▁▁▁▁,0,            ,nu-parser,0.6.0,0.12.0
SimplestExpression,,0,0,0,▁▁▁▁▁▁▁▁▁▁▁▁▁▁▁,0,            ,nu-parser,0.6.0,0.12.0
BackoffColoringMode,,0,0,0,▁▁▁▁▁▁▁▁▁▁▁▁▁▁▁,0,            ,nu-parser,0.6.0,0.12.0
RangeShape,,0,0,0,▁▁▁▁▁▁▁▁▁▁▁▁▁▁▁,0,            ,nu-parser,0.7.0,0.8.0
ExternalExpressionShape,,0,0,0,▁▁▁▁▁▁▁▁▁▁▁▁▁▁▁,0,            ,nu-parser,0.7.0,0.8.0
..,,0,0,0,▁▁▁▁▁▁▁▁▁▁▁▁▁▁▁,0,            ,nu-parser,0.7.0,0.8.0
word continuation,,0,0,0,▁▁▁▁▁▁▁▁▁▁▁▁▁▁▁,0,            ,nu-parser,0.6.0,0.8.0
spaced expression,,0,0,0,▁▁▁▁▁▁▁▁▁▁▁▁▁▁▁,0,            ,nu-parser,0.6.0,0.8.0
maybe space,,0,0,0,▁▁▁▁▁▁▁▁▁▁▁▁▁▁▁,0,            ,nu-parser,0.6.0,0.8.0
internal command head,,0,0,0,▁▁▁▁▁▁▁▁▁▁▁▁▁▁▁,0,            ,nu-parser,0.6.0,0.8.0
external command,,0,0,0,▁▁▁▁▁▁▁▁▁▁▁▁▁▁▁,0,            ,nu-parser,0.6.0,0.8.0
external argument,,0,0,0,▁▁▁▁▁▁▁▁▁▁▁▁▁▁▁,0,            ,nu-parser,0.6.0,0.8.0
WhitespaceShape,,0,0,0,▁▁▁▁▁▁▁▁▁▁▁▁▁▁▁,0,            ,nu-parser,0.6.0,0.8.0
VariableShape,,0,0,0,▁▁▁▁▁▁▁▁▁▁▁▁▁▁▁,0,            ,nu-parser,0.6.0,0.8.0
VariablePathShape,,0,0,0,▁▁▁▁▁▁▁▁▁▁▁▁▁▁▁,0,            ,nu-parser,0.6.0,0.8.0
SyntaxShape,,0,0,0,▁▁▁▁▁▁▁▁▁▁▁▁▁▁▁,0,            ,nu-parser,0.6.0,0.8.0
SpaceShape,,0,0,0,▁▁▁▁▁▁▁▁▁▁▁▁▁▁▁,0,            ,nu-parser,0.6.0,0.8.0
ShorthandPath,,0,0,0,▁▁▁▁▁▁▁▁▁▁▁▁▁▁▁,0,            ,nu-parser,0.6.0,0.8.0
ShorthandBlock,,0,0,0,▁▁▁▁▁▁▁▁▁▁▁▁▁▁▁,0,            ,nu-parser,0.6.0,0.8.0
PipelineShape,,0,0,0,▁▁▁▁▁▁▁▁▁▁▁▁▁▁▁,0,            ,nu-parser,0.6.0,0.8.0
PatternShape,,0,0,0,▁▁▁▁▁▁▁▁▁▁▁▁▁▁▁,0,            ,nu-parser,0.6.0,0.8.0
PathTailShape,,0,0,0,▁▁▁▁▁▁▁▁▁▁▁▁▁▁▁,0,            ,nu-parser,0.6.0,0.8.0
NumberShape,,0,0,0,▁▁▁▁▁▁▁▁▁▁▁▁▁▁▁,0,            ,nu-parser,0.6.0,0.8.0
MemberShape,,0,0,0,▁▁▁▁▁▁▁▁▁▁▁▁▁▁▁,0,            ,nu-parser,0.6.0,0.8.0
MaybeSpaceShape,,0,0,0,▁▁▁▁▁▁▁▁▁▁▁▁▁▁▁,0,            ,nu-parser,0.6.0,0.8.0
InternalCommandHeadShape,,0,0,0,▁▁▁▁▁▁▁▁▁▁▁▁▁▁▁,0,            ,nu-parser,0.6.0,0.8.0
IntShape,,0,0,0,▁▁▁▁▁▁▁▁▁▁▁▁▁▁▁,0,            ,nu-parser,0.6.0,0.8.0
InfixShape,,0,0,0,▁▁▁▁▁▁▁▁▁▁▁▁▁▁▁,0,            ,nu-parser,0.6.0,0.8.0
FilePathShape,,0,0,0,▁▁▁▁▁▁▁▁▁▁▁▁▁▁▁,0,            ,nu-parser,0.6.0,0.8.0
ExternalTokensShape,,0,0,0,▁▁▁▁▁▁▁▁▁▁▁▁▁▁▁,0,            ,nu-parser,0.6.0,0.8.0
ExpressionListShape,,0,0,0,▁▁▁▁▁▁▁▁▁▁▁▁▁▁▁,0,            ,nu-parser,0.6.0,0.8.0
ExpressionContinuationShape,,0,0,0,▁▁▁▁▁▁▁▁▁▁▁▁▁▁▁,0,            ,nu-parser,0.6.0,0.8.0
DelimitedShape,,0,0,0,▁▁▁▁▁▁▁▁▁▁▁▁▁▁▁,0,            ,nu-parser,0.6.0,0.8.0
CommandTailShape,,0,0,0,▁▁▁▁▁▁▁▁▁▁▁▁▁▁▁,0,            ,nu-parser,0.6.0,0.8.0
CommandShape,,0,0,0,▁▁▁▁▁▁▁▁▁▁▁▁▁▁▁,0,            ,nu-parser,0.6.0,0.8.0
CommandHeadShape,,0,0,0,▁▁▁▁▁▁▁▁▁▁▁▁▁▁▁,0,            ,nu-parser,0.6.0,0.8.0
ColumnPathShape,,0,0,0,▁▁▁▁▁▁▁▁▁▁▁▁▁▁▁,0,            ,nu-parser,0.6.0,0.8.0
ColorableDotShape,,0,0,0,▁▁▁▁▁▁▁▁▁▁▁▁▁▁▁,0,            ,nu-parser,0.6.0,0.8.0
BareTailShape,,0,0,0,▁▁▁▁▁▁▁▁▁▁▁▁▁▁▁,0,            ,nu-parser,0.6.0,0.8.0
BareShape,,0,0,0,▁▁▁▁▁▁▁▁▁▁▁▁▁▁▁,0,            ,nu-parser,0.6.0,0.8.0
AnyExpressionStartShape,,0,0,0,▁▁▁▁▁▁▁▁▁▁▁▁▁▁▁,0,            ,nu-parser,0.6.0,0.8.0
AnyExpressionShape,,0,0,0,▁▁▁▁▁▁▁▁▁▁▁▁▁▁▁,0,            ,nu-parser,0.6.0,0.8.0
AnyBlockShape,,0,0,0,▁▁▁▁▁▁▁▁▁▁▁▁▁▁▁,0,            ,nu-parser,0.6.0,0.8.0
ExternalExpression,,0,0,0,▁▁▁▁▁▁▁▁▁▁▁▁▁▁▁,0,            ,parser,0.6.0,0.6.1
what?,,0,0,0,▁▁▁▁▁▁▁▁▁▁▁▁▁▁▁,0,            ,commands,0.6.0,0.6.1
vtable,,0,0,0,▁▁▁▁▁▁▁▁▁▁▁▁▁▁▁,0,            ,commands,0.2.0,0.2.0
to-array,,0,0,0,▁▁▁▁▁▁▁▁▁▁▁▁▁▁▁,0,            ,commands,0.2.0,0.2.0
from-array,,0,0,0,▁▁▁▁▁▁▁▁▁▁▁▁▁▁▁,0,            ,commands,0.2.0,0.2.0
